nan nan nan nan nan nan nan nan nan nan nan nan nan nan nan nan nan nan nan nan nan nan nan nan nan nan nan nan nan nan nan nan nan nan nan nan nan nan nan nan nan nan nan nan nan nan nan nan nan nan nan nan nan nan nan nan nan nan nan nan nan nan nan nan nan nan nan nan nan nan nan nan nan nan nan nan nan nan nan nan nan nan nan nan nan nan nan nan nan nan nan nan nan nan nan nan nan nan nan nan nan nan nan nan nan nan nan nan nan nan
0.000000000000000000e+00 0.000000000000000000e+00 0.000000000000000000e+00 0.000000000000000000e+00 0.000000000000000000e+00 0.000000000000000000e+00 0.000000000000000000e+00 0.000000000000000000e+00 0.000000000000000000e+00 0.000000000000000000e+00 0.000000000000000000e+00 0.000000000000000000e+00 0.000000000000000000e+00 0.000000000000000000e+00 0.000000000000000000e+00 0.000000000000000000e+00 0.000000000000000000e+00 0.000000000000000000e+00 0.000000000000000000e+00 0.000000000000000000e+00 0.000000000000000000e+00 0.000000000000000000e+00 0.000000000000000000e+00 0.000000000000000000e+00 0.000000000000000000e+00 0.000000000000000000e+00 0.000000000000000000e+00 0.000000000000000000e+00 0.000000000000000000e+00 0.000000000000000000e+00 0.000000000000000000e+00 0.000000000000000000e+00 0.000000000000000000e+00 0.000000000000000000e+00 0.000000000000000000e+00 0.000000000000000000e+00 3.198355634644152898e-22 4.489907622337341309e-02 6.703700870275497437e-02 5.168613418936729431e-02 5.964268743991851807e-02 6.826616823673248291e-02 7.760900259017944336e-02 8.569942414760589600e-02 9.339937567710876465e-02 1.013608202338218689e-01 1.092236191034317017e-01 1.189262643456459045e-01 1.293860226869583130e-01 1.383273750543594360e-01 1.456731855869293213e-01 1.509661078453063965e-01 1.544423103332519531e-01 1.555546671152114868e-01 1.529652476310729980e-01 1.480231285095214844e-01 1.447393000125885010e-01 1.414703279733657837e-01 1.365595310926437378e-01 1.192106232047080994e-01 1.008883789181709290e-01 9.840755164623260498e-02 9.804177284240722656e-02 1.005630269646644592e-01 1.055784672498703003e-01 1.057350262999534607e-01 1.034751534461975098e-01 9.996462613344192505e-02 9.380832314491271973e-02 8.474068343639373779e-02 7.469772547483444214e-02 7.010069489479064941e-02 6.821624189615249634e-02 6.463345140218734741e-02 6.064246222376823425e-02 5.515213310718536377e-02 4.730012640357017517e-02 4.389488697052001953e-02 4.288564622402191162e-02 4.227479547262191772e-02 4.214797914028167725e-02 4.211498051881790161e-02 4.233422130346298218e-02 4.332103952765464783e-02 4.382174834609031677e-02 4.414033144712448120e-02 4.427625983953475952e-02 4.426897689700126648e-02 4.552823677659034729e-02 4.768259823322296143e-02 4.784242063760757446e-02 4.601087793707847595e-02 4.469202831387519836e-02 4.281622171401977539e-02 4.212078824639320374e-02 4.473139345645904541e-02 4.961492493748664856e-02 5.187214910984039307e-02 4.815088585019111633e-02 3.929190337657928467e-02 3.615914285182952881e-02 3.740591928362846375e-02 3.945151716470718384e-02 4.266642406582832336e-02 4.858367890119552612e-02 5.008769035339355469e-02 4.339825734496116638e-02 4.391464963555335999e-02 6.360762566328048706e-02 7.901231944561004639e-02
0.000000000000000000e+00 0.000000000000000000e+00 0.000000000000000000e+00 0.000000000000000000e+00 0.000000000000000000e+00 0.000000000000000000e+00 0.000000000000000000e+00 0.000000000000000000e+00 0.000000000000000000e+00 0.000000000000000000e+00 0.000000000000000000e+00 0.000000000000000000e+00 0.000000000000000000e+00 0.000000000000000000e+00 0.000000000000000000e+00 0.000000000000000000e+00 0.000000000000000000e+00 0.000000000000000000e+00 0.000000000000000000e+00 0.000000000000000000e+00 0.000000000000000000e+00 0.000000000000000000e+00 0.000000000000000000e+00 0.000000000000000000e+00 0.000000000000000000e+00 0.000000000000000000e+00 0.000000000000000000e+00 0.000000000000000000e+00 0.000000000000000000e+00 0.000000000000000000e+00 0.000000000000000000e+00 0.000000000000000000e+00 0.000000000000000000e+00 0.000000000000000000e+00 0.000000000000000000e+00 0.000000000000000000e+00 2.454706430494147063e-22 3.964206948876380920e-02 6.511565297842025757e-02 5.443374812602996826e-02 6.137514859437942505e-02 6.958571076393127441e-02 7.744242250919342041e-02 8.624396473169326782e-02 9.493228048086166382e-02 1.039423048496246338e-01 1.137180849909782410e-01 1.244943216443061829e-01 1.341944783926010132e-01 1.410603225231170654e-01 1.467948257923126221e-01 1.516170948743820190e-01 1.543685048818588257e-01 1.549907773733139038e-01 1.508938223123550415e-01 1.436308920383453369e-01 1.387184560298919678e-01 1.336391121149063110e-01 1.156098246574401855e-01 7.926563918590545654e-02 5.546719580888748169e-02 4.962042346596717834e-02 4.549051076173782349e-02 4.725607857108116150e-02 5.204644054174423218e-02 5.340173467993736267e-02 5.050577595829963684e-02 4.809679090976715088e-02 4.634465649724006653e-02 4.385542497038841248e-02 4.102565720677375793e-02 4.124518483877182007e-02 4.188314452767372131e-02 4.198690503835678101e-02 4.129954054951667786e-02 4.093049094080924988e-02 4.069902747869491577e-02 4.115961492061614990e-02 4.121945053339004517e-02 4.021212086081504822e-02 3.985705971717834473e-02 4.002202302217483521e-02 3.959862142801284790e-02 3.928484395146369934e-02 3.890734165906906128e-02 3.929479792714118958e-02 3.945621475577354431e-02 4.001124575734138489e-02 4.063742980360984802e-02 4.180378839373588562e-02 4.158157110214233398e-02 4.065679386258125305e-02 3.995413705706596375e-02 3.838655352592468262e-02 3.684253990650177002e-02 3.810057789087295532e-02 4.250318184494972229e-02 4.642431065440177917e-02 4.722058400511741638e-02 4.581543430685997009e-02 4.103526473045349121e-02 3.820748999714851379e-02 3.826181590557098389e-02 4.044559597969055176e-02 4.488630592823028564e-02 4.950896650552749634e-02 4.649612307548522949e-02 4.535317793488502502e-02 6.465503573417663574e-02 7.741507887840270996e-02
0.000000000000000000e+00 0.000000000000000000e+00 0.000000000000000000e+00 0.000000000000000000e+00 0.000000000000000000e+00 0.000000000000000000e+00 0.000000000000000000e+00 0.000000000000000000e+00 0.000000000000000000e+00 0.000000000000000000e+00 0.000000000000000000e+00 0.000000000000000000e+00 0.000000000000000000e+00 0.000000000000000000e+00 0.000000000000000000e+00 0.000000000000000000e+00 0.000000000000000000e+00 0.000000000000000000e+00 0.000000000000000000e+00 0.000000000000000000e+00 0.000000000000000000e+00 0.000000000000000000e+00 0.000000000000000000e+00 0.000000000000000000e+00 0.000000000000000000e+00 0.000000000000000000e+00 0.000000000000000000e+00 0.000000000000000000e+00 0.000000000000000000e+00 0.000000000000000000e+00 0.000000000000000000e+00 0.000000000000000000e+00 0.000000000000000000e+00 0.000000000000000000e+00 0.000000000000000000e+00 0.000000000000000000e+00 0.000000000000000000e+00 4.460766333390227536e-22 4.744732752442359924e-02 6.184526905417442322e-02 5.726340413093566895e-02 5.882126465439796448e-02 6.211707368493080139e-02 7.278740406036376953e-02 8.198861032724380493e-02 8.856475353240966797e-02 9.346115589141845703e-02 9.057956188917160034e-02 7.014914602041244507e-02 6.226112321019172668e-02 6.853296607732772827e-02 7.221534103155136108e-02 7.415897399187088013e-02 7.387284189462661743e-02 7.247638702392578125e-02 7.348008453845977783e-02 7.426682859659194946e-02 7.325513660907745361e-02 7.109859585762023926e-02 6.546310335397720337e-02 6.156869977712631226e-02 5.854913592338562012e-02 5.309231579303741455e-02 5.142343789339065552e-02 5.504471808671951294e-02 5.627376586198806763e-02 5.285444855690002441e-02 4.746358841657638550e-02 4.347988963127136230e-02 4.158163815736770630e-02 3.973462060093879700e-02 4.059044644236564636e-02 4.050444066524505615e-02 4.010406136512756348e-02 4.005962610244750977e-02 4.041256010532379150e-02 4.000927135348320007e-02 4.057785868644714355e-02 4.116099700331687927e-02 4.122357070446014404e-02 4.035100340843200684e-02 4.042225331068038940e-02 4.073759913444519043e-02 4.013428464531898499e-02 3.968656435608863831e-02 3.918409347534179688e-02 3.924652934074401855e-02 3.910758718848228455e-02 3.976544737815856934e-02 4.059264808893203735e-02 4.077978432178497314e-02 4.010690376162528992e-02 3.966346755623817444e-02 3.967558592557907104e-02 3.911965340375900269e-02 3.821315988898277283e-02 3.948981687426567078e-02 4.350769519805908203e-02 4.665451869368553162e-02 5.066662281751632690e-02 4.534326493740081787e-02 4.000842943787574768e-02 3.935020044445991516e-02 3.992049023509025574e-02 4.129758477210998535e-02 4.577362909913063049e-02 4.826531186699867249e-02 4.711793363094329834e-02 6.564107537269592285e-02 7.590830326080322266e-02
0.000000000000000000e+00 0.000000000000000000e+00 0.000000000000000000e+00 0.000000000000000000e+00 0.000000000000000000e+00 0.000000000000000000e+00 0.000000000000000000e+00 0.000000000000000000e+00 0.000000000000000000e+00 0.000000000000000000e+00 0.000000000000000000e+00 0.000000000000000000e+00 0.000000000000000000e+00 0.000000000000000000e+00 0.000000000000000000e+00 0.000000000000000000e+00 0.000000000000000000e+00 0.000000000000000000e+00 0.000000000000000000e+00 0.000000000000000000e+00 0.000000000000000000e+00 0.000000000000000000e+00 0.000000000000000000e+00 0.000000000000000000e+00 0.000000000000000000e+00 0.000000000000000000e+00 0.000000000000000000e+00 0.000000000000000000e+00 0.000000000000000000e+00 0.000000000000000000e+00 0.000000000000000000e+00 0.000000000000000000e+00 0.000000000000000000e+00 0.000000000000000000e+00 0.000000000000000000e+00 0.000000000000000000e+00 0.000000000000000000e+00 1.945123616520250613e-22 3.425855189561843872e-02 5.102952569723129272e-02 4.010880738496780396e-02 5.098394677042961121e-02 6.579586118459701538e-02 7.861283421516418457e-02 8.416581153869628906e-02 8.783038705587387085e-02 9.036863595247268677e-02 9.263454377651214600e-02 8.825335651636123657e-02 9.094154834747314453e-02 9.219598770141601562e-02 9.171977639198303223e-02 9.148192405700683594e-02 9.070923179388046265e-02 8.342186361551284790e-02 7.951395958662033081e-02 7.734031975269317627e-02 7.507773488759994507e-02 6.994450837373733521e-02 6.116256862878799438e-02 5.555495247244834900e-02 5.243408679962158203e-02 4.679707810282707214e-02 4.700934141874313354e-02 5.007803812623023987e-02 4.960297793149948120e-02 4.611330479383468628e-02 4.321967437863349915e-02 4.193232953548431396e-02 4.066620022058486938e-02 4.018929973244667053e-02 4.145403578877449036e-02 4.167290776968002319e-02 4.227403551340103149e-02 4.167433455586433411e-02 4.171143472194671631e-02 4.188568890094757080e-02 4.303044453263282776e-02 4.219491779804229736e-02 4.344793409109115601e-02 4.308883100748062134e-02 4.245113581418991089e-02 4.315242916345596313e-02 4.229140654206275940e-02 4.216936230659484863e-02 4.165283218026161194e-02 4.095346108078956604e-02 4.091619327664375305e-02 4.092852398753166199e-02 4.116703942418098450e-02 4.071987047791481018e-02 3.971319645643234253e-02 3.967986255884170532e-02 3.966952860355377197e-02 3.924538195133209229e-02 3.775253519415855408e-02 3.696666657924652100e-02 3.701232746243476868e-02 3.909654170274734497e-02 5.073818191885948181e-02 5.150244757533073425e-02 4.305220395326614380e-02 4.043352603912353516e-02 4.087576270103454590e-02 4.099041968584060669e-02 4.407218098640441895e-02 5.020969361066818237e-02 5.137958377599716187e-02 6.696407496929168701e-02 7.438796758651733398e-02
0.000000000000000000e+00 0.000000000000000000e+00 0.000000000000000000e+00 0.000000000000000000e+00 0.000000000000000000e+00 0.000000000000000000e+00 0.000000000000000000e+00 0.000000000000000000e+00 0.000000000000000000e+00 0.000000000000000000e+00 0.000000000000000000e+00 0.000000000000000000e+00 0.000000000000000000e+00 0.000000000000000000e+00 0.000000000000000000e+00 0.000000000000000000e+00 0.000000000000000000e+00 0.000000000000000000e+00 0.000000000000000000e+00 0.000000000000000000e+00 0.000000000000000000e+00 0.000000000000000000e+00 0.000000000000000000e+00 0.000000000000000000e+00 0.000000000000000000e+00 0.000000000000000000e+00 0.000000000000000000e+00 0.000000000000000000e+00 0.000000000000000000e+00 0.000000000000000000e+00 0.000000000000000000e+00 0.000000000000000000e+00 0.000000000000000000e+00 0.000000000000000000e+00 0.000000000000000000e+00 0.000000000000000000e+00 2.875354075755385325e-22 3.705769144237563983e-22 4.049097566061087247e-22 3.210744261741638184e-02 5.743357166647911072e-02 8.276897668838500977e-02 9.915567189455032349e-02 1.076965108513832092e-01 1.096217259764671326e-01 1.085423529148101807e-01 1.067230924963951111e-01 1.058179438114166260e-01 1.072948798537254333e-01 1.060412451624870300e-01 1.040678843855857849e-01 1.011498495936393738e-01 9.766274690628051758e-02 9.675944596529006958e-02 9.029106795787811279e-02 8.310137689113616943e-02 7.907407730817794800e-02 7.379882037639617920e-02 6.315025687217712402e-02 5.480417609214782715e-02 5.347195267677307129e-02 5.116685479879379272e-02 4.618285223841667175e-02 4.338796809315681458e-02 4.226750507950782776e-02 4.134740307927131653e-02 4.107725620269775391e-02 4.167736321687698364e-02 4.256898909807205200e-02 4.233188927173614502e-02 4.190871119499206543e-02 4.237354546785354614e-02 4.249178618192672729e-02 4.304719343781471252e-02 4.354260489344596863e-02 4.328243806958198547e-02 4.278903082013130188e-02 4.303361475467681885e-02 4.286213591694831848e-02 4.268835857510566711e-02 4.280628636479377747e-02 4.200824722647666931e-02 4.168004542589187622e-02 4.131020605564117432e-02 4.063243046402931213e-02 4.088165983557701111e-02 4.018320143222808838e-02 4.112822562456130981e-02 4.064261540770530701e-02 4.043087735772132874e-02 3.932398185133934021e-02 3.908944875001907349e-02 3.915532678365707397e-02 3.792777284979820251e-02 3.697429224848747253e-02 3.572936356067657471e-02 3.529458865523338318e-02 3.546987101435661316e-02 3.533627092838287354e-02 4.401732236146926880e-02 5.551125109195709229e-02 4.905216768383979797e-02 4.251878336071968079e-02 4.278793558478355408e-02 4.167829826474189758e-02 4.361740499734878540e-02 5.088589340448379517e-02 5.653559416532516479e-02 6.827729195356369019e-02 7.299196720123291016e-02
0.000000000000000000e+00 0.000000000000000000e+00 0.000000000000000000e+00 0.000000000000000000e+00 0.000000000000000000e+00 0.000000000000000000e+00 0.000000000000000000e+00 0.000000000000000000e+00 0.000000000000000000e+00 0.000000000000000000e+00 0.000000000000000000e+00 0.000000000000000000e+00 0.000000000000000000e+00 0.000000000000000000e+00 0.000000000000000000e+00 0.000000000000000000e+00 0.000000000000000000e+00 0.000000000000000000e+00 0.000000000000000000e+00 0.000000000000000000e+00 0.000000000000000000e+00 0.000000000000000000e+00 0.000000000000000000e+00 0.000000000000000000e+00 0.000000000000000000e+00 0.000000000000000000e+00 1.497356826603686495e-22 3.263413561477581501e-22 3.835835520548445727e-22 3.743392129618088655e-22 3.451236925389635174e-22 5.488890139559965410e-22 3.762062510869625057e-22 4.952042146999968591e-22 3.799128118688956770e-22 4.720237705029053726e-22 2.397804148495197296e-02 3.240365907549858093e-02 2.485827729105949402e-02 5.020850151777267456e-02 6.049286201596260071e-02 7.290563732385635376e-02 8.079972118139266968e-02 8.343662321567535400e-02 8.401109278202056885e-02 8.261983841657638550e-02 8.052631467580795288e-02 7.699871063232421875e-02 7.214402407407760620e-02 6.677670776844024658e-02 6.390198320150375366e-02 5.966513603925704956e-02 5.412949994206428528e-02 4.963332787156105042e-02 4.549268260598182678e-02 4.369486868381500244e-02 4.390064626932144165e-02 4.256846383213996887e-02 4.129176586866378784e-02 3.991577774286270142e-02 4.058172181248664856e-02 4.084014520049095154e-02 3.851099684834480286e-02 3.824014216661453247e-02 3.955285623669624329e-02 3.991609066724777222e-02 4.030025750398635864e-02 4.146575555205345154e-02 4.207959026098251343e-02 4.177819937467575073e-02 4.149233922362327576e-02 4.157713055610656738e-02 4.116016253829002380e-02 4.099411889910697937e-02 4.148729518055915833e-02 4.105085507035255432e-02 4.091004654765129089e-02 4.020571336150169373e-02 4.118930548429489136e-02 4.073069244623184204e-02 4.100265353918075562e-02 4.111291840672492981e-02 4.135577008128166199e-02 4.140001907944679260e-02 4.183930903673171997e-02 4.212789610028266907e-02 4.155803099274635315e-02 4.112833738327026367e-02 3.926255181431770325e-02 3.834683820605278015e-02 3.778069093823432922e-02 3.737571090459823608e-02 3.756108507513999939e-02 3.685418888926506042e-02 3.616836294531822205e-02 3.487008064985275269e-02 3.462614864110946655e-02 3.524586930871009827e-02 3.534126654267311096e-02 3.983887657523155212e-02 5.807531252503395081e-02 5.533825606107711792e-02 4.496024549007415771e-02 4.446894675493240356e-02 4.335460439324378967e-02 4.318008199334144592e-02 4.719465225934982300e-02 5.571778491139411926e-02 6.888407468795776367e-02 7.196175307035446167e-02
0.000000000000000000e+00 0.000000000000000000e+00 0.000000000000000000e+00 0.000000000000000000e+00 0.000000000000000000e+00 0.000000000000000000e+00 0.000000000000000000e+00 0.000000000000000000e+00 0.000000000000000000e+00 0.000000000000000000e+00 0.000000000000000000e+00 0.000000000000000000e+00 3.511613183631630534e-22 3.890247233040501225e-22 3.570968592753397486e-22 3.648607399521035620e-22 4.317090654960217732e-22 3.686813763318189335e-22 3.799128118688956770e-22 3.780640753167431644e-22 3.799128118688956770e-22 3.780640753167431644e-22 3.780640753167431644e-22 3.780640753167431644e-22 3.835835520548445727e-22 3.835835520548445727e-22 1.514631509780883789e-02 3.249179199337959290e-02 3.529122471809387207e-02 3.349874541163444519e-02 3.007853589951992035e-02 2.819669246673583984e-02 2.845979668200016022e-02 2.920543774962425232e-02 2.820623852312564850e-02 3.006413206458091736e-02 3.199978917837142944e-02 3.433822467923164368e-02 3.464842215180397034e-02 3.562054410576820374e-02 3.723656013607978821e-02 3.839277103543281555e-02 3.755536302924156189e-02 3.826506435871124268e-02 4.254008084535598755e-02 4.522895812988281250e-02 4.468633234500885010e-02 4.308475553989410400e-02 4.094392433762550354e-02 3.941527754068374634e-02 3.992920741438865662e-02 3.751060739159584045e-02 3.392689675092697144e-02 3.352906927466392517e-02 3.370416164398193359e-02 3.404831513762474060e-02 3.473119065165519714e-02 3.452676907181739807e-02 3.371865302324295044e-02 3.794074431061744690e-02 3.975983336567878723e-02 4.066615924239158630e-02 4.140846431255340576e-02 4.123754799365997314e-02 4.062271118164062500e-02 4.035288468003273010e-02 4.034242406487464905e-02 4.048499092459678650e-02 4.041779786348342896e-02 4.015325009822845459e-02 4.050922021269798279e-02 4.051839187741279602e-02 4.030036553740501404e-02 4.127462208271026611e-02 4.205502569675445557e-02 4.130170494318008423e-02 4.177140817046165466e-02 4.212152212858200073e-02 4.176913574337959290e-02 4.242682456970214844e-02 4.162362962961196899e-02 4.131316393613815308e-02 4.139553382992744446e-02 4.124164581298828125e-02 4.143046215176582336e-02 4.086382314562797546e-02 3.978301957249641418e-02 3.956541791558265686e-02 3.875573351979255676e-02 3.768426552414894104e-02 3.761769831180572510e-02 3.741854056715965271e-02 3.640462458133697510e-02 3.575281798839569092e-02 3.585615009069442749e-02 3.539576381444931030e-02 3.471653163433074951e-02 3.435568138957023621e-02 3.450835123658180237e-02 3.856512904167175293e-02 5.618832632899284363e-02 6.061726808547973633e-02 5.089025944471359253e-02 4.585271701216697693e-02 4.509474337100982666e-02 4.287933558225631714e-02 4.360092058777809143e-02 5.047078430652618408e-02 6.959633529186248779e-02 7.122474163770675659e-02
0.000000000000000000e+00 0.000000000000000000e+00 0.000000000000000000e+00 0.000000000000000000e+00 0.000000000000000000e+00 0.000000000000000000e+00 0.000000000000000000e+00 0.000000000000000000e+00 0.000000000000000000e+00 3.780640753167431644e-22 3.817525869611648790e-22 5.200486631578998226e-22 2.550790086388587952e-02 3.526644781231880188e-02 2.874821238219738007e-02 2.441370300948619843e-02 2.290639653801918030e-02 2.259390242397785187e-02 2.301904931664466858e-02 2.316103875637054443e-02 2.299427613615989685e-02 2.355416119098663330e-02 2.373817004263401031e-02 2.479897253215312958e-02 2.694355510175228119e-02 2.790019102394580841e-02 3.075147978961467743e-02 3.656172752380371094e-02 3.551450371742248535e-02 3.178761154413223267e-02 2.842861786484718323e-02 2.674925886094570160e-02 2.613710053265094757e-02 2.688164450228214264e-02 2.679433114826679230e-02 2.654858864843845367e-02 2.654264867305755615e-02 2.674484066665172577e-02 2.773893810808658600e-02 2.747160010039806366e-02 2.819328568875789642e-02 2.873916737735271454e-02 2.872480638325214386e-02 2.939726226031780243e-02 3.118382021784782410e-02 3.315392509102821350e-02 3.372307121753692627e-02 3.582065179944038391e-02 3.700513392686843872e-02 3.633590042591094971e-02 3.618155419826507568e-02 3.547418490052223206e-02 3.424961492419242859e-02 3.369794413447380066e-02 3.359698876738548279e-02 3.396937996149063110e-02 3.507131338119506836e-02 3.552106395363807678e-02 3.538760542869567871e-02 3.649846464395523071e-02 3.782812505960464478e-02 3.895904868841171265e-02 3.937118127942085266e-02 3.973794728517532349e-02 4.007360711693763733e-02 4.084343835711479187e-02 4.009379073977470398e-02 4.002690315246582031e-02 4.098032042384147644e-02 4.084043204784393311e-02 4.067288711667060852e-02 4.099046811461448669e-02 4.103009402751922607e-02 4.132584482431411743e-02 4.147008061408996582e-02 4.156627878546714783e-02 4.148259013891220093e-02 4.215497523546218872e-02 4.095055162906646729e-02 4.142270982265472412e-02 4.031218588352203369e-02 4.077817127108573914e-02 4.012307152152061462e-02 3.979628905653953552e-02 3.972956910729408264e-02 3.937472775578498840e-02 3.908694162964820862e-02 3.868548572063446045e-02 3.866124153137207031e-02 3.771164640784263611e-02 3.714701905846595764e-02 3.712875768542289734e-02 3.656882047653198242e-02 3.616600856184959412e-02 3.563220798969268799e-02 3.518791869282722473e-02 3.450404852628707886e-02 3.440709784626960754e-02 3.424826264381408691e-02 3.738883137702941895e-02 5.015847459435462952e-02 5.770963430404663086e-02 5.694163590669631958e-02 4.853343963623046875e-02 4.661022871732711792e-02 4.344108328223228455e-02 4.118067026138305664e-02 4.331650957465171814e-02 7.073094695806503296e-02 7.092995196580886841e-02
0.000000000000000000e+00 0.000000000000000000e+00 0.000000000000000000e+00 0.000000000000000000e+00 0.000000000000000000e+00 0.000000000000000000e+00 0.000000000000000000e+00 6.976494468929894666e-12 6.648373073403490707e-06 2.344646304845809937e-02 2.870260365307331085e-02 1.901436224579811096e-02 2.937406301498413086e-02 2.955080568790435791e-02 2.235686965286731720e-02 2.134285494685173035e-02 2.184244059026241302e-02 2.227290719747543335e-02 2.258083410561084747e-02 2.318328432738780975e-02 2.454280480742454529e-02 2.498078905045986176e-02 2.351830713450908661e-02 2.237549051642417908e-02 2.349709160625934601e-02 2.351901493966579437e-02 2.410356327891349792e-02 2.497584559023380280e-02 2.730147168040275574e-02 2.867951802909374237e-02 2.860146015882492065e-02 2.890380658209323883e-02 2.864228561520576477e-02 2.800398506224155426e-02 2.772107347846031189e-02 2.691472135484218597e-02 2.603376097977161407e-02 2.625701390206813812e-02 2.630970999598503113e-02 2.660403214395046234e-02 2.718136087059974670e-02 2.795500680804252625e-02 2.825992368161678314e-02 2.891312167048454285e-02 2.999663352966308594e-02 3.106835111975669861e-02 3.147136792540550232e-02 3.245013207197189331e-02 3.366458415985107422e-02 3.382979705929756165e-02 3.408768400549888611e-02 3.499377146363258362e-02 3.565211221575737000e-02 3.572537377476692200e-02 3.576423227787017822e-02 3.570182621479034424e-02 3.583301976323127747e-02 3.603306412696838379e-02 3.612532839179039001e-02 3.643888980150222778e-02 3.742196783423423767e-02 3.881122171878814697e-02 3.956983238458633423e-02 4.042493179440498352e-02 4.037135094404220581e-02 3.979464620351791382e-02 4.019908234477043152e-02 4.073152318596839905e-02 4.096564650535583496e-02 4.076971486210823059e-02 4.066086560487747192e-02 4.130817577242851257e-02 4.073871672153472900e-02 4.056579247117042542e-02 4.028660431504249573e-02 4.011330753564834595e-02 3.979340195655822754e-02 3.924017027020454407e-02 3.958934172987937927e-02 4.003827646374702454e-02 3.943580761551856995e-02 3.928003087639808655e-02 3.901235759258270264e-02 3.880830481648445129e-02 3.860846906900405884e-02 3.836944326758384705e-02 3.863701969385147095e-02 3.846848011016845703e-02 3.817829862236976624e-02 3.753824159502983093e-02 3.740913793444633484e-02 3.719590604305267334e-02 3.681016713380813599e-02 3.646557033061981201e-02 3.581979870796203613e-02 3.497303649783134460e-02 3.451868519186973572e-02 3.476702049374580383e-02 3.485305607318878174e-02 3.761043772101402283e-02 5.147606879472732544e-02 5.788514390587806702e-02 6.238491833209991455e-02 5.504221841692924500e-02 4.932433739304542542e-02 4.498752206563949585e-02 4.191306605935096741e-02 3.994792327284812927e-02 7.197324186563491821e-02 7.065906375646591187e-02
0.000000000000000000e+00 0.000000000000000000e+00 0.000000000000000000e+00 0.000000000000000000e+00 0.000000000000000000e+00 0.000000000000000000e+00 0.000000000000000000e+00 1.274388851824764801e-13 3.704869747161865234e-02 5.355307832360267639e-02 2.554428763687610626e-02 1.754573360085487366e-02 1.843906939029693604e-02 2.046792209148406982e-02 2.129715122282505035e-02 2.105558477342128754e-02 2.116296440362930298e-02 2.152206934988498688e-02 2.155373990535736084e-02 2.172603830695152283e-02 2.225210517644882202e-02 2.347162924706935883e-02 2.435214072465896606e-02 2.445672452449798584e-02 2.451612986624240875e-02 2.431211061775684357e-02 2.415806241333484650e-02 2.387260273098945618e-02 2.397420629858970642e-02 2.385372295975685120e-02 2.440713159739971161e-02 2.489538677036762238e-02 2.534641511738300323e-02 2.528604120016098022e-02 2.590791136026382446e-02 2.591625973582267761e-02 2.580456994473934174e-02 2.572699822485446930e-02 2.602097950875759125e-02 2.641291916370391846e-02 2.670259773731231689e-02 2.730687335133552551e-02 2.783337421715259552e-02 2.846476621925830841e-02 2.927901037037372589e-02 3.011490963399410248e-02 3.048968501389026642e-02 3.092111274600028992e-02 3.225327283143997192e-02 3.272125497460365295e-02 3.272083774209022522e-02 3.376245498657226562e-02 3.421624749898910522e-02 3.469539061188697815e-02 3.507261350750923157e-02 3.533794358372688293e-02 3.529423847794532776e-02 3.537492826581001282e-02 3.563967347145080566e-02 3.658676892518997192e-02 3.701135516166687012e-02 3.747702762484550476e-02 3.790737316012382507e-02 3.798053041100502014e-02 3.837382420897483826e-02 3.874652832746505737e-02 3.917649015784263611e-02 3.907116875052452087e-02 3.883499279618263245e-02 3.884220868349075317e-02 3.878254815936088562e-02 3.906806185841560364e-02 3.891339153051376343e-02 3.912241011857986450e-02 3.933873027563095093e-02 3.938388824462890625e-02 3.950379043817520142e-02 3.925099223852157593e-02 3.936406224966049194e-02 3.909729421138763428e-02 3.917763754725456238e-02 3.892387449741363525e-02 3.899398818612098694e-02 3.899969905614852905e-02 3.873605281114578247e-02 3.853083029389381409e-02 3.847610950469970703e-02 3.797893598675727844e-02 3.756327182054519653e-02 3.730157017707824707e-02 3.703203052282333374e-02 3.675646707415580750e-02 3.620807081460952759e-02 3.576202318072319031e-02 3.590538725256919861e-02 3.527709096670150757e-02 3.504629805684089661e-02 3.516992554068565369e-02 3.537252172827720642e-02 3.642317280173301697e-02 4.913559928536415100e-02 5.150757357478141785e-02 5.927199497818946838e-02 5.957233160734176636e-02 5.341339856386184692e-02 4.726789891719818115e-02 4.370102286338806152e-02 3.889429569244384766e-02 7.286547869443893433e-02 7.078672200441360474e-02
0.000000000000000000e+00 0.000000000000000000e+00 0.000000000000000000e+00 0.000000000000000000e+00 0.000000000000000000e+00 0.000000000000000000e+00 0.000000000000000000e+00 6.243086603241465582e-11 6.353963166475296021e-03 3.176978603005409241e-02 2.702672220766544342e-02 1.765619032084941864e-02 1.824628934264183044e-02 1.885281503200531006e-02 1.903876475989818573e-02 1.971930265426635742e-02 2.084372937679290771e-02 2.108256146311759949e-02 2.105768024921417236e-02 2.150753512978553772e-02 2.180290408432483673e-02 2.172501757740974426e-02 2.231796085834503174e-02 2.321261353790760040e-02 2.331236191093921661e-02 2.374690398573875427e-02 2.381268329918384552e-02 2.372775971889495850e-02 2.387025952339172363e-02 2.467034757137298584e-02 2.491925098001956940e-02 2.497684396803379059e-02 2.522014640271663666e-02 2.463889122009277344e-02 2.507854811847209930e-02 2.529294230043888092e-02 2.594608254730701447e-02 2.574885264039039612e-02 2.549612335860729218e-02 2.580687962472438812e-02 2.636520750820636749e-02 2.708392962813377380e-02 2.783893607556819916e-02 2.830380760133266449e-02 2.881183847784996033e-02 2.950058318674564362e-02 3.025633469223976135e-02 3.065541945397853851e-02 3.109867498278617859e-02 3.146766498684883118e-02 3.174846619367599487e-02 3.277049213647842407e-02 3.342621028423309326e-02 3.386380523443222046e-02 3.436934202909469604e-02 3.445985540747642517e-02 3.440440073609352112e-02 3.483384102582931519e-02 3.536253422498703003e-02 3.602143004536628723e-02 3.619863837957382202e-02 3.652578592300415039e-02 3.709000349044799805e-02 3.749816119670867920e-02 3.793214634060859680e-02 3.854407370090484619e-02 3.846243768930435181e-02 3.835277259349822998e-02 3.830959647893905640e-02 3.847040608525276184e-02 3.866085410118103027e-02 3.882962465286254883e-02 3.887390717864036560e-02 3.891233727335929871e-02 3.904819488525390625e-02 3.904563188552856445e-02 3.918431699275970459e-02 3.900608792901039124e-02 3.882007673382759094e-02 3.876238688826560974e-02 3.889986872673034668e-02 3.858906403183937073e-02 3.857189044356346130e-02 3.848135471343994141e-02 3.834026679396629333e-02 3.821484372019767761e-02 3.815013915300369263e-02 3.783385455608367920e-02 3.762444853782653809e-02 3.742998093366622925e-02 3.708280995488166809e-02 3.678334876894950867e-02 3.629545867443084717e-02 3.585901111364364624e-02 3.602275624871253967e-02 3.543086349964141846e-02 3.517826646566390991e-02 3.517485782504081726e-02 3.573091700673103333e-02 3.604595363140106201e-02 4.711256548762321472e-02 4.851532727479934692e-02 5.785724520683288574e-02 6.202371791005134583e-02 5.894687399268150330e-02 5.260563269257545471e-02 4.615348577499389648e-02 4.004303365945816040e-02 7.429789751768112183e-02 7.120046019554138184e-02
0.000000000000000000e+00 0.000000000000000000e+00 0.000000000000000000e+00 0.000000000000000000e+00 0.000000000000000000e+00 0.000000000000000000e+00 0.000000000000000000e+00 0.000000000000000000e+00 4.715654711162642343e-08 4.154628142714500427e-02 3.651206567883491516e-02 1.854458078742027283e-02 1.842150837182998657e-02 1.890459097921848297e-02 1.936778798699378967e-02 1.960436627268791199e-02 2.020244300365447998e-02 2.111477032303810120e-02 2.141890861093997955e-02 2.094942703843116760e-02 2.151883020997047424e-02 2.167922817170619965e-02 2.154863998293876648e-02 2.235559932887554169e-02 2.303281053900718689e-02 2.350344881415367126e-02 2.356247231364250183e-02 2.377156727015972137e-02 2.348516881465911865e-02 2.374718338251113892e-02 2.415639534592628479e-02 2.452728152275085449e-02 2.474418468773365021e-02 2.484589442610740662e-02 2.529035508632659912e-02 2.531759068369865417e-02 2.532355487346649170e-02 2.580399438738822937e-02 2.583334036171436310e-02 2.598742209374904633e-02 2.638922818005084991e-02 2.692452818155288696e-02 2.749305218458175659e-02 2.803445234894752502e-02 2.858290448784828186e-02 2.896935492753982544e-02 2.966419421136379242e-02 3.024345077574253082e-02 3.067106381058692932e-02 3.113964200019836426e-02 3.178921341896057129e-02 3.237515687942504883e-02 3.274890780448913574e-02 3.305879607796669006e-02 3.371590375900268555e-02 3.386991843581199646e-02 3.421397879719734192e-02 3.455857187509536743e-02 3.496630117297172546e-02 3.562517464160919189e-02 3.604255989193916321e-02 3.643942251801490784e-02 3.709095716476440430e-02 3.733417764306068420e-02 3.743456304073333740e-02 3.772523999214172363e-02 3.792359307408332825e-02 3.819778561592102051e-02 3.843504935503005981e-02 3.860194981098175049e-02 3.871218115091323853e-02 3.874459490180015564e-02 3.870386257767677307e-02 3.878591582179069519e-02 3.885534778237342834e-02 3.883529081940650940e-02 3.898717835545539856e-02 3.879183903336524963e-02 3.862654045224189758e-02 3.864114731550216675e-02 3.872002661228179932e-02 3.858891129493713379e-02 3.856057301163673401e-02 3.841758891940116882e-02 3.834304958581924438e-02 3.828845545649528503e-02 3.810680285096168518e-02 3.784323856234550476e-02 3.757527843117713928e-02 3.740312159061431885e-02 3.716548904776573181e-02 3.677115589380264282e-02 3.623326867818832397e-02 3.586298972368240356e-02 3.596286475658416748e-02 3.541655838489532471e-02 3.518499433994293213e-02 3.525311499834060669e-02 3.570665419101715088e-02 3.644089773297309875e-02 4.714310914278030396e-02 4.704397544264793396e-02 5.373098328709602356e-02 6.025600805878639221e-02 6.224028393626213074e-02 5.820322781801223755e-02 4.942252114415168762e-02 4.256408661603927612e-02 7.583881914615631104e-02 7.182587683200836182e-02
0.000000000000000000e+00 0.000000000000000000e+00 0.000000000000000000e+00 0.000000000000000000e+00 0.000000000000000000e+00 0.000000000000000000e+00 0.000000000000000000e+00 0.000000000000000000e+00 3.131946673070006582e-22 3.587158396840095520e-02 3.876328468322753906e-02 1.989747956395149231e-02 1.840105466544628143e-02 1.926377974450588226e-02 1.988495513796806335e-02 1.996404118835926056e-02 1.996796578168869019e-02 2.031479775905609131e-02 2.121478691697120667e-02 2.179903537034988403e-02 2.147366479039192200e-02 2.165262401103973389e-02 2.211866527795791626e-02 2.250423468649387360e-02 2.302416600286960602e-02 2.302706241607666016e-02 2.338366769254207611e-02 2.386061847209930420e-02 2.404618449509143829e-02 2.418616600334644318e-02 2.414467744529247284e-02 2.405941672623157501e-02 2.384884096682071686e-02 2.438739500939846039e-02 2.505201101303100586e-02 2.532327920198440552e-02 2.519173920154571533e-02 2.546851150691509247e-02 2.584645524621009827e-02 2.622038312256336212e-02 2.643490396440029144e-02 2.687794715166091919e-02 2.739740535616874695e-02 2.800814434885978699e-02 2.841852046549320221e-02 2.868830412626266479e-02 2.939802408218383789e-02 2.992203459143638611e-02 3.029322810471057892e-02 3.077021986246109009e-02 3.138785809278488159e-02 3.203763812780380249e-02 3.240952268242835999e-02 3.271381184458732605e-02 3.326877951622009277e-02 3.373540565371513367e-02 3.409778326749801636e-02 3.447368368506431580e-02 3.493320569396018982e-02 3.547716885805130005e-02 3.608249872922897339e-02 3.660173714160919189e-02 3.682262450456619263e-02 3.680230304598808289e-02 3.689961135387420654e-02 3.731858730316162109e-02 3.783598914742469788e-02 3.812013193964958191e-02 3.837434574961662292e-02 3.844499960541725159e-02 3.848604857921600342e-02 3.851359710097312927e-02 3.851049393415451050e-02 3.862926363945007324e-02 3.881662711501121521e-02 3.880021721124649048e-02 3.882219642400741577e-02 3.871932625770568848e-02 3.858739882707595825e-02 3.861995786428451538e-02 3.859192878007888794e-02 3.857600316405296326e-02 3.849939629435539246e-02 3.842354938387870789e-02 3.833020478487014771e-02 3.826063871383666992e-02 3.805046901106834412e-02 3.779556974768638611e-02 3.751303255558013916e-02 3.725454956293106079e-02 3.706927224993705750e-02 3.673475608229637146e-02 3.616855293512344360e-02 3.579574078321456909e-02 3.594794869422912598e-02 3.544827923178672791e-02 3.512653708457946777e-02 3.538350388407707214e-02 3.586623817682266235e-02 3.697297722101211548e-02 4.730762168765068054e-02 4.685345664620399475e-02 5.088882893323898315e-02 5.839004367589950562e-02 6.296546757221221924e-02 6.181894615292549133e-02 5.450059846043586731e-02 4.616190493106842041e-02 7.727257162332534790e-02 7.307091355323791504e-02
0.000000000000000000e+00 0.000000000000000000e+00 0.000000000000000000e+00 0.000000000000000000e+00 0.000000000000000000e+00 0.000000000000000000e+00 0.000000000000000000e+00 0.000000000000000000e+00 2.425995427640957623e-22 2.805924415588378906e-02 3.910953924059867859e-02 2.249522320926189423e-02 1.864351890981197357e-02 1.953151449561119080e-02 2.033429034054279327e-02 2.055941894650459290e-02 2.058710902929306030e-02 2.036357298493385315e-02 2.040366642177104950e-02 2.125462889671325684e-02 2.195076830685138702e-02 2.166399545967578888e-02 2.174527943134307861e-02 2.188446931540966034e-02 2.301544696092605591e-02 2.304974384605884552e-02 2.299467287957668304e-02 2.333272621035575867e-02 2.385829947888851166e-02 2.397435903549194336e-02 2.402107603847980499e-02 2.386657334864139557e-02 2.410387061536312103e-02 2.443826757371425629e-02 2.469032816588878632e-02 2.520744502544403076e-02 2.534585446119308472e-02 2.550667524337768555e-02 2.579203061759471893e-02 2.624163217842578888e-02 2.661626040935516357e-02 2.705411985516548157e-02 2.744913287460803986e-02 2.805088274180889130e-02 2.851603180170059204e-02 2.873157709836959839e-02 2.931625209748744965e-02 2.976363152265548706e-02 3.016726300120353699e-02 3.061463683843612671e-02 3.117874823510646820e-02 3.177429363131523132e-02 3.216556832194328308e-02 3.251411393284797668e-02 3.289292380213737488e-02 3.369519487023353577e-02 3.411003202199935913e-02 3.457077592611312866e-02 3.494104743003845215e-02 3.534381091594696045e-02 3.583161532878875732e-02 3.621685877442359924e-02 3.635687753558158875e-02 3.654129430651664734e-02 3.683561831712722778e-02 3.737930953502655029e-02 3.790955990552902222e-02 3.802450746297836304e-02 3.810062631964683533e-02 3.808531910181045532e-02 3.816293925046920776e-02 3.828162327408790588e-02 3.836897015571594238e-02 3.851407393813133240e-02 3.866624832153320312e-02 3.866315633058547974e-02 3.863629698753356934e-02 3.861910477280616760e-02 3.853152319788932800e-02 3.857096657156944275e-02 3.852079808712005615e-02 3.852279484272003174e-02 3.841329365968704224e-02 3.836350142955780029e-02 3.829430788755416870e-02 3.818032145500183105e-02 3.800081834197044373e-02 3.775921463966369629e-02 3.749236464500427246e-02 3.721157833933830261e-02 3.697111085057258606e-02 3.669025376439094543e-02 3.616243973374366760e-02 3.570666164159774780e-02 3.583382815122604370e-02 3.543543443083763123e-02 3.519885987043380737e-02 3.537898883223533630e-02 3.588614240288734436e-02 3.711443021893501282e-02 4.766947776079177856e-02 4.788069799542427063e-02 4.903530329465866089e-02 5.412572249770164490e-02 6.160769611597061157e-02 6.368593126535415649e-02 5.939232558012008667e-02 4.994843155145645142e-02 7.798506319522857666e-02 7.457568496465682983e-02
0.000000000000000000e+00 0.000000000000000000e+00 0.000000000000000000e+00 0.000000000000000000e+00 0.000000000000000000e+00 0.000000000000000000e+00 0.000000000000000000e+00 0.000000000000000000e+00 3.643441884998432911e-12 3.198760002851486206e-02 4.267864674329757690e-02 2.430649846792221069e-02 1.950656622648239136e-02 1.991924084722995758e-02 2.072854898869991302e-02 2.097564563155174255e-02 2.098245732486248016e-02 2.086018584668636322e-02 2.057865262031555176e-02 2.056712657213211060e-02 2.155473455786705017e-02 2.150545828044414520e-02 2.163297310471534729e-02 2.209423854947090149e-02 2.294960990548133850e-02 2.297268435359001160e-02 2.246778644621372223e-02 2.296317741274833679e-02 2.345496974885463715e-02 2.378286048769950867e-02 2.388209104537963867e-02 2.358309365808963776e-02 2.435945905745029449e-02 2.473072707653045654e-02 2.476439252495765686e-02 2.497341483831405640e-02 2.548277191817760468e-02 2.542055398225784302e-02 2.597847208380699158e-02 2.633645571768283844e-02 2.679390273988246918e-02 2.731348574161529541e-02 2.760250121355056763e-02 2.787384204566478729e-02 2.862305194139480591e-02 2.884595096111297607e-02 2.930367551743984222e-02 2.981568314135074615e-02 3.018920496106147766e-02 3.068202175199985504e-02 3.114536963403224945e-02 3.174614906311035156e-02 3.212653845548629761e-02 3.242098167538642883e-02 3.275910764932632446e-02 3.371506929397583008e-02 3.416648507118225098e-02 3.449232503771781921e-02 3.469896689057350159e-02 3.500879928469657898e-02 3.549143671989440918e-02 3.593403473496437073e-02 3.620822355151176453e-02 3.646135702729225159e-02 3.689118102192878723e-02 3.744594752788543701e-02 3.782965987920761108e-02 3.784665465354919434e-02 3.782690688967704773e-02 3.788763284683227539e-02 3.804305568337440491e-02 3.821279108524322510e-02 3.829697519540786743e-02 3.841886669397354126e-02 3.850827738642692566e-02 3.853147104382514954e-02 3.852679952979087830e-02 3.854173049330711365e-02 3.853093087673187256e-02 3.854554519057273865e-02 3.851758688688278198e-02 3.848585113883018494e-02 3.838229551911354065e-02 3.830401971936225891e-02 3.824942559003829956e-02 3.813960403203964233e-02 3.798178210854530334e-02 3.774938732385635376e-02 3.748043626546859741e-02 3.721356019377708435e-02 3.696003183722496033e-02 3.664386272430419922e-02 3.613222017884254456e-02 3.568886965513229370e-02 3.569159284234046936e-02 3.531477600336074829e-02 3.526504710316658020e-02 3.548559918999671936e-02 3.586643189191818237e-02 3.756543248891830444e-02 4.960797727108001709e-02 5.014366656541824341e-02 4.967694729566574097e-02 5.322473123669624329e-02 6.067492812871932983e-02 6.347058713436126709e-02 6.199390441179275513e-02 5.476642027497291565e-02 7.833300530910491943e-02 7.628564536571502686e-02
0.000000000000000000e+00 0.000000000000000000e+00 0.000000000000000000e+00 0.000000000000000000e+00 0.000000000000000000e+00 0.000000000000000000e+00 0.000000000000000000e+00 0.000000000000000000e+00 4.670031451391859489e-17 3.517121076583862305e-02 4.621296748518943787e-02 2.523647621273994446e-02 2.021502889692783356e-02 2.036881633102893829e-02 2.068959362804889679e-02 2.105973288416862488e-02 2.127812616527080536e-02 2.121814526617527008e-02 2.092586830258369446e-02 2.081480063498020172e-02 2.124817296862602234e-02 2.163806743919849396e-02 2.165042608976364136e-02 2.235703170299530029e-02 2.270237542688846588e-02 2.285520546138286591e-02 2.229180559515953064e-02 2.295947261154651642e-02 2.318114601075649261e-02 2.359671704471111298e-02 2.383865974843502045e-02 2.361884713172912598e-02 2.428309991955757141e-02 2.473711222410202026e-02 2.496085874736309052e-02 2.508827857673168182e-02 2.542972564697265625e-02 2.469106391072273254e-02 2.576919645071029663e-02 2.644719928503036499e-02 2.667355723679065704e-02 2.736882679164409637e-02 2.750618755817413330e-02 2.742513641715049744e-02 2.829988487064838409e-02 2.882631681859493256e-02 2.901442162692546844e-02 2.977354265749454498e-02 3.014146350324153900e-02 3.067659214138984680e-02 3.092635795474052429e-02 3.166021034121513367e-02 3.204070031642913818e-02 3.228809311985969543e-02 3.279879689216613770e-02 3.391354531049728394e-02 3.420403227210044861e-02 3.427417948842048645e-02 3.442405164241790771e-02 3.485811501741409302e-02 3.543948382139205933e-02 3.586011379957199097e-02 3.612411394715309143e-02 3.636708855628967285e-02 3.687036037445068359e-02 3.736429661512374878e-02 3.763071820139884949e-02 3.768495842814445496e-02 3.773241862654685974e-02 3.786616772413253784e-02 3.804853186011314392e-02 3.821415081620216370e-02 3.830191120505332947e-02 3.839772939682006836e-02 3.849203512072563171e-02 3.852202743291854858e-02 3.853366523981094360e-02 3.852990642189979553e-02 3.856244310736656189e-02 3.854847699403762817e-02 3.852180019021034241e-02 3.844318166375160217e-02 3.834863379597663879e-02 3.826250880956649780e-02 3.821372985839843750e-02 3.812090680003166199e-02 3.794363513588905334e-02 3.772057220339775085e-02 3.745632246136665344e-02 3.718901053071022034e-02 3.695602342486381531e-02 3.663021698594093323e-02 3.615095838904380798e-02 3.576906397938728333e-02 3.563171625137329102e-02 3.524256870150566101e-02 3.519660979509353638e-02 3.553513064980506897e-02 3.582381457090377808e-02 3.841497004032135010e-02 5.309256538748741150e-02 5.124041438102722168e-02 4.926358535885810852e-02 5.081223323941230774e-02 5.619854480028152466e-02 6.216832622885704041e-02 6.217357143759727478e-02 5.925379320979118347e-02 7.751920074224472046e-02 7.757312059402465820e-02
0.000000000000000000e+00 0.000000000000000000e+00 0.000000000000000000e+00 0.000000000000000000e+00 0.000000000000000000e+00 0.000000000000000000e+00 0.000000000000000000e+00 0.000000000000000000e+00 3.570968592753397486e-22 3.642794862389564514e-02 4.845368862152099609e-02 2.550824917852878571e-02 2.095789276063442230e-02 2.078683301806449890e-02 2.098249830305576324e-02 2.104371599853038788e-02 2.123041264712810516e-02 2.126300707459449768e-02 2.094366401433944702e-02 2.083079330623149872e-02 2.115556597709655762e-02 2.139626443386077881e-02 2.165599167346954346e-02 2.211333997547626495e-02 2.219996042549610138e-02 2.277052588760852814e-02 2.233945950865745544e-02 2.297341264784336090e-02 2.314272709190845490e-02 2.340186946094036102e-02 2.381180971860885620e-02 2.379402704536914825e-02 2.419083379209041595e-02 2.466368116438388824e-02 2.509520761668682098e-02 2.531491965055465698e-02 2.562105655670166016e-02 2.555611729621887207e-02 2.614296786487102509e-02 2.659407816827297211e-02 2.646441385149955750e-02 2.719950303435325623e-02 2.755540609359741211e-02 2.776847407221794128e-02 2.828074991703033447e-02 2.881957590579986572e-02 2.897010743618011475e-02 2.962463535368442535e-02 3.005603514611721039e-02 3.071500919759273529e-02 3.099631704390048981e-02 3.153638914227485657e-02 3.183422237634658813e-02 3.219980373978614807e-02 3.298955410718917847e-02 3.405667096376419067e-02 3.406723216176033020e-02 3.401111438870429993e-02 3.428485989570617676e-02 3.486086800694465637e-02 3.545618057250976562e-02 3.582865372300148010e-02 3.603713214397430420e-02 3.634099662303924561e-02 3.685759380459785461e-02 3.727924823760986328e-02 3.747077286243438721e-02 3.757505491375923157e-02 3.771154209971427917e-02 3.786377981305122375e-02 3.805978596210479736e-02 3.822289779782295227e-02 3.834034502506256104e-02 3.843859955668449402e-02 3.855779394507408142e-02 3.859110176563262939e-02 3.858346119523048401e-02 3.854908794164657593e-02 3.855324909090995789e-02 3.852457553148269653e-02 3.848947957158088684e-02 3.841406852006912231e-02 3.831948712468147278e-02 3.822727501392364502e-02 3.816144540905952454e-02 3.806289657950401306e-02 3.786951676011085510e-02 3.764849156141281128e-02 3.739607706665992737e-02 3.713439404964447021e-02 3.689656406641006470e-02 3.659829869866371155e-02 3.618134930729866028e-02 3.588801249861717224e-02 3.565875813364982605e-02 3.520975261926651001e-02 3.503779321908950806e-02 3.560151159763336182e-02 3.612055256962776184e-02 3.911032155156135559e-02 5.742610991001129150e-02 5.132489278912544250e-02 4.980015382170677185e-02 5.085328593850135803e-02 5.506363511085510254e-02 6.152943149209022522e-02 6.181942671537399292e-02 6.342153996229171753e-02 7.648685574531555176e-02 7.829438149929046631e-02
0.000000000000000000e+00 0.000000000000000000e+00 0.000000000000000000e+00 0.000000000000000000e+00 0.000000000000000000e+00 0.000000000000000000e+00 0.000000000000000000e+00 0.000000000000000000e+00 3.686813763318189335e-22 3.757435828447341919e-02 5.044290423393249512e-02 2.560443244874477386e-02 2.134488895535469055e-02 2.089259028434753418e-02 2.124918065965175629e-02 2.114696055650711060e-02 2.109359204769134521e-02 2.118331752717494965e-02 2.114583551883697510e-02 2.096379362046718597e-02 2.081594616174697876e-02 2.108294330537319183e-02 2.193443104624748230e-02 2.209191210567951202e-02 2.230267971754074097e-02 2.297034114599227905e-02 2.253801189363002777e-02 2.309045009315013885e-02 2.327233925461769104e-02 2.335204184055328369e-02 2.367834001779556274e-02 2.407331392168998718e-02 2.420044317841529846e-02 2.463830076158046722e-02 2.520548366010189056e-02 2.531833201646804810e-02 2.548967301845550537e-02 2.576990239322185516e-02 2.620833180844783783e-02 2.648435346782207489e-02 2.691890485584735870e-02 2.734406851232051849e-02 2.756640501320362091e-02 2.800989151000976562e-02 2.830565348267555237e-02 2.884239703416824341e-02 2.922489121556282043e-02 2.963124774396419525e-02 3.006943129003047943e-02 3.057350404560565948e-02 3.099551610648632050e-02 3.139698132872581482e-02 3.173594921827316284e-02 3.228947520256042480e-02 3.315477073192596436e-02 3.396003693342208862e-02 3.385188430547714233e-02 3.387798741459846497e-02 3.427796065807342529e-02 3.490773215889930725e-02 3.549170494079589844e-02 3.584685549139976501e-02 3.599086776375770569e-02 3.639611229300498962e-02 3.691258653998374939e-02 3.723783046007156372e-02 3.738184645771980286e-02 3.750345855951309204e-02 3.768232464790344238e-02 3.784330561757087708e-02 3.804886341094970703e-02 3.820300102233886719e-02 3.834101185202598572e-02 3.847027942538261414e-02 3.859521821141242981e-02 3.864315524697303772e-02 3.860305249691009521e-02 3.853393718600273132e-02 3.848650678992271423e-02 3.846730291843414307e-02 3.844229131937026978e-02 3.840888664126396179e-02 3.831179440021514893e-02 3.819072991609573364e-02 3.808904439210891724e-02 3.796061500906944275e-02 3.774946555495262146e-02 3.751660510897636414e-02 3.725854307413101196e-02 3.699300438165664673e-02 3.676228970289230347e-02 3.649902343750000000e-02 3.617442399263381958e-02 3.602425381541252136e-02 3.577946498990058899e-02 3.518303111195564270e-02 3.495379164814949036e-02 3.553466871380805969e-02 3.666648641228675842e-02 3.937436267733573914e-02 6.294188648462295532e-02 5.728337168693542480e-02 5.406455695629119873e-02 5.229693278670310974e-02 5.440248548984527588e-02 5.959014967083930969e-02 6.220487505197525024e-02 6.573293358087539673e-02 7.559568434953689575e-02 7.842066138982772827e-02
0.000000000000000000e+00 0.000000000000000000e+00 0.000000000000000000e+00 0.000000000000000000e+00 0.000000000000000000e+00 0.000000000000000000e+00 0.000000000000000000e+00 0.000000000000000000e+00 3.724628094799884415e-22 3.748973831534385681e-02 5.061104893684387207e-02 2.525721676647663116e-02 2.114641293883323669e-02 2.071271650493144989e-02 2.100201137363910675e-02 2.118838578462600708e-02 2.113030292093753815e-02 2.099612355232238770e-02 2.088648267090320587e-02 2.075120806694030762e-02 2.094520069658756256e-02 2.135368809103965759e-02 2.194928191602230072e-02 2.158059366047382355e-02 2.227178961038589478e-02 2.309006266295909882e-02 2.271793596446514130e-02 2.324110269546508789e-02 2.335085906088352203e-02 2.316863089799880981e-02 2.292923815548419952e-02 2.384673617780208588e-02 2.415624447166919708e-02 2.464427240192890167e-02 2.492971718311309814e-02 2.500317990779876709e-02 2.549532614648342133e-02 2.593146078288555145e-02 2.612680569291114807e-02 2.604287862777709961e-02 2.672986686229705811e-02 2.719009481370449066e-02 2.721640840172767639e-02 2.780608832836151123e-02 2.833378687500953674e-02 2.874746918678283691e-02 2.935568988323211670e-02 2.958646789193153381e-02 3.005096875131130219e-02 3.038041107356548309e-02 3.103328868746757507e-02 3.136924654245376587e-02 3.178320452570915222e-02 3.252838179469108582e-02 3.313747793436050415e-02 3.380822762846946716e-02 3.369489312171936035e-02 3.386184945702552795e-02 3.433686867356300354e-02 3.496899083256721497e-02 3.549566864967346191e-02 3.579732403159141541e-02 3.600687161087989807e-02 3.649595007300376892e-02 3.701071441173553467e-02 3.726947307586669922e-02 3.735230490565299988e-02 3.749705851078033447e-02 3.769476339221000671e-02 3.786783665418624878e-02 3.806317225098609924e-02 3.819114714860916138e-02 3.831412270665168762e-02 3.845774754881858826e-02 3.856982290744781494e-02 3.863449022173881531e-02 3.859108313918113708e-02 3.849784657359123230e-02 3.843029588460922241e-02 3.842385113239288330e-02 3.842316567897796631e-02 3.841526061296463013e-02 3.832508623600006104e-02 3.818928077816963196e-02 3.805192187428474426e-02 3.787201642990112305e-02 3.761615231633186340e-02 3.735727816820144653e-02 3.708584979176521301e-02 3.681495785713195801e-02 3.656862676143646240e-02 3.631864488124847412e-02 3.605088219046592712e-02 3.597798570990562439e-02 3.587764129042625427e-02 3.507590666413307190e-02 3.489766642451286316e-02 3.554477542638778687e-02 3.668328374624252319e-02 3.943902999162673950e-02 6.756310909986495972e-02 6.582866609096527100e-02 5.869016796350479126e-02 5.452878400683403015e-02 5.567113682627677917e-02 5.948340147733688354e-02 6.258589029312133789e-02 6.642559170722961426e-02 7.515235245227813721e-02 7.815994322299957275e-02
0.000000000000000000e+00 0.000000000000000000e+00 0.000000000000000000e+00 0.000000000000000000e+00 0.000000000000000000e+00 0.000000000000000000e+00 0.000000000000000000e+00 0.000000000000000000e+00 3.724628094799884415e-22 3.723690658807754517e-02 5.053139105439186096e-02 2.532642520964145660e-02 2.131311222910881042e-02 2.066631428897380829e-02 2.057615108788013458e-02 2.068585902452468872e-02 2.097692340612411499e-02 2.114712633192539215e-02 2.119132131338119507e-02 2.104253321886062622e-02 2.129380404949188232e-02 2.148927748203277588e-02 2.200219407677650452e-02 2.162638120353221893e-02 2.213745377957820892e-02 2.254734374582767487e-02 2.260046452283859253e-02 2.320575155317783356e-02 2.338433265686035156e-02 2.323015779256820679e-02 2.302973344922065735e-02 2.394174784421920776e-02 2.416808530688285828e-02 2.442699298262596130e-02 2.393576130270957947e-02 2.496657706797122955e-02 2.562986686825752258e-02 2.587927319109439850e-02 2.602107822895050049e-02 2.648354321718215942e-02 2.683045715093612671e-02 2.712063118815422058e-02 2.741929143667221069e-02 2.779144980013370514e-02 2.834764309227466583e-02 2.855761535465717316e-02 2.909304201602935791e-02 2.951476536691188812e-02 3.009486757218837738e-02 3.027361258864402771e-02 3.088397160172462463e-02 3.136511892080307007e-02 3.185230493545532227e-02 3.256275504827499390e-02 3.287474811077117920e-02 3.364027291536331177e-02 3.365326300263404846e-02 3.395431488752365112e-02 3.440469503402709961e-02 3.498792648315429688e-02 3.545901924371719360e-02 3.573358431458473206e-02 3.609404712915420532e-02 3.667276352643966675e-02 3.712984174489974976e-02 3.730301186442375183e-02 3.737709298729896545e-02 3.756985813379287720e-02 3.780357539653778076e-02 3.798786178231239319e-02 3.815552219748497009e-02 3.824278339743614197e-02 3.831740096211433411e-02 3.843649104237556458e-02 3.855004161596298218e-02 3.861369565129280090e-02 3.859444335103034973e-02 3.852016478776931763e-02 3.846263140439987183e-02 3.844179585576057434e-02 3.843126818537712097e-02 3.839946910738945007e-02 3.831767290830612183e-02 3.818720579147338867e-02 3.803528100252151489e-02 3.781752288341522217e-02 3.751916065812110901e-02 3.723797202110290527e-02 3.695946186780929565e-02 3.668817877769470215e-02 3.641079738736152649e-02 3.610094264149665833e-02 3.577818349003791809e-02 3.575019165873527527e-02 3.582635521888732910e-02 3.496301919221878052e-02 3.495846688747406006e-02 3.591613098978996277e-02 3.655226528644561768e-02 3.932200744748115540e-02 7.021883130073547363e-02 7.061025500297546387e-02 6.210581585764884949e-02 5.598414316773414612e-02 5.697248876094818115e-02 5.980364978313446045e-02 6.249636411666870117e-02 6.601239740848541260e-02 7.446762174367904663e-02 7.778932899236679077e-02
0.000000000000000000e+00 0.000000000000000000e+00 0.000000000000000000e+00 0.000000000000000000e+00 0.000000000000000000e+00 0.000000000000000000e+00 0.000000000000000000e+00 0.000000000000000000e+00 3.686813763318189335e-22 3.696345165371894836e-02 4.990296065807342529e-02 2.511321008205413818e-02 2.103926241397857666e-02 2.032183669507503510e-02 2.058764360845088959e-02 2.075307071208953857e-02 2.088094316422939301e-02 2.095243707299232483e-02 2.086518146097660065e-02 2.092476375401020050e-02 2.122241072356700897e-02 2.126506157219409943e-02 2.162232436239719391e-02 2.158945426344871521e-02 2.221621945500373840e-02 2.277944050729274750e-02 2.288888581097126007e-02 2.296329848468303680e-02 2.313169278204441071e-02 2.346488460898399353e-02 2.360724285244941711e-02 2.401505596935749054e-02 2.431660331785678864e-02 2.474979124963283539e-02 2.433246746659278870e-02 2.513032406568527222e-02 2.568474784493446350e-02 2.584102377295494080e-02 2.573108673095703125e-02 2.651835046708583832e-02 2.681105025112628937e-02 2.705301903188228607e-02 2.753692306578159332e-02 2.778238058090209961e-02 2.819889783859252930e-02 2.864903025329113007e-02 2.905602753162384033e-02 2.953429892659187317e-02 2.998052723705768585e-02 3.046501055359840393e-02 3.090956993401050568e-02 3.141110017895698547e-02 3.196613863110542297e-02 3.260908648371696472e-02 3.283555433154106140e-02 3.327669203281402588e-02 3.362913429737091064e-02 3.406025469303131104e-02 3.451424837112426758e-02 3.505871444940567017e-02 3.546157851815223694e-02 3.583797439932823181e-02 3.634143620729446411e-02 3.691068291664123535e-02 3.725784271955490112e-02 3.734556958079338074e-02 3.747391328215599060e-02 3.771603107452392578e-02 3.797074779868125916e-02 3.816628456115722656e-02 3.832927346229553223e-02 3.838371858000755310e-02 3.840992599725723267e-02 3.849428519606590271e-02 3.860836848616600037e-02 3.866363316774368286e-02 3.866115957498550415e-02 3.861178830265998840e-02 3.856475278735160828e-02 3.852200880646705627e-02 3.846689686179161072e-02 3.838453814387321472e-02 3.827723860740661621e-02 3.814264014363288879e-02 3.800261020660400391e-02 3.777673467993736267e-02 3.746077045798301697e-02 3.716792538762092590e-02 3.689575940370559692e-02 3.663528338074684143e-02 3.635649755597114563e-02 3.592313453555107117e-02 3.548917919397354126e-02 3.546811640262603760e-02 3.548984229564666748e-02 3.467373549938201904e-02 3.480063006281852722e-02 3.597692772746086121e-02 3.653296083211898804e-02 3.913303837180137634e-02 7.188103348016738892e-02 7.245675474405288696e-02 6.684955209493637085e-02 5.707574635744094849e-02 5.767009779810905457e-02 5.952687934041023254e-02 6.224344670772552490e-02 6.514093279838562012e-02 7.364478707313537598e-02 7.719288766384124756e-02
0.000000000000000000e+00 0.000000000000000000e+00 0.000000000000000000e+00 0.000000000000000000e+00 0.000000000000000000e+00 0.000000000000000000e+00 0.000000000000000000e+00 0.000000000000000000e+00 3.570968592753397486e-22 3.650721162557601929e-02 4.863123223185539246e-02 2.475207857787609100e-02 2.028225362300872803e-02 1.981651410460472107e-02 2.027308195829391479e-02 2.015063725411891937e-02 2.045765519142150879e-02 2.069330587983131409e-02 2.043922059237957001e-02 2.056392095983028412e-02 2.112870849668979645e-02 2.125831693410873413e-02 2.144772745668888092e-02 2.192563749849796295e-02 2.225278690457344055e-02 2.257133089005947113e-02 2.284400165081024170e-02 2.316031791269779205e-02 2.318921498954296112e-02 2.347513660788536072e-02 2.407305315136909485e-02 2.405028603971004486e-02 2.443090453743934631e-02 2.458891645073890686e-02 2.488247305154800415e-02 2.531931363046169281e-02 2.560675516724586487e-02 2.585335075855255127e-02 2.604317665100097656e-02 2.649941854178905487e-02 2.681162767112255096e-02 2.695338241755962372e-02 2.744174562394618988e-02 2.780121937394142151e-02 2.800402790307998657e-02 2.868330664932727814e-02 2.900083549320697784e-02 2.953424490988254547e-02 2.976668439805507660e-02 3.051787614822387695e-02 3.093538433313369751e-02 3.136766329407691956e-02 3.185843676328659058e-02 3.235692903399467468e-02 3.309815004467964172e-02 3.341146558523178101e-02 3.379091992974281311e-02 3.422360122203826904e-02 3.470113500952720642e-02 3.525476157665252686e-02 3.570458665490150452e-02 3.615402057766914368e-02 3.672211244702339172e-02 3.714799880981445312e-02 3.735285997390747070e-02 3.747519850730895996e-02 3.765071183443069458e-02 3.791205585002899170e-02 3.815325349569320679e-02 3.834163770079612732e-02 3.852399438619613647e-02 3.858324140310287476e-02 3.857916221022605896e-02 3.864803910255432129e-02 3.874205797910690308e-02 3.879646211862564087e-02 3.878325968980789185e-02 3.873537108302116394e-02 3.866815567016601562e-02 3.859332203865051270e-02 3.847992047667503357e-02 3.835051879286766052e-02 3.821093961596488953e-02 3.808154538273811340e-02 3.796127438545227051e-02 3.774475678801536560e-02 3.744788840413093567e-02 3.715592995285987854e-02 3.687579557299613953e-02 3.662229701876640320e-02 3.632864356040954590e-02 3.583045303821563721e-02 3.532173857092857361e-02 3.520615026354789734e-02 3.500663489103317261e-02 3.439702838659286499e-02 3.467072919011116028e-02 3.580823168158531189e-02 3.654853254556655884e-02 3.898089751601219177e-02 7.258811593055725098e-02 7.215346395969390869e-02 7.060531526803970337e-02 5.816434323787689209e-02 5.880846828222274780e-02 5.974579975008964539e-02 6.227464973926544189e-02 6.470186263322830200e-02 7.329807430505752563e-02 7.650564610958099365e-02
0.000000000000000000e+00 0.000000000000000000e+00 0.000000000000000000e+00 0.000000000000000000e+00 0.000000000000000000e+00 0.000000000000000000e+00 0.000000000000000000e+00 0.000000000000000000e+00 3.241872736272999299e-22 3.531444445252418518e-02 4.628286510705947876e-02 2.414249815046787262e-02 1.927587203681468964e-02 1.943651959300041199e-02 1.998265460133552551e-02 1.987851969897747040e-02 2.055218443274497986e-02 2.069824561476707458e-02 2.081689238548278809e-02 2.101996168494224548e-02 2.110299281775951385e-02 2.153191342949867249e-02 2.126201428472995758e-02 2.159554138779640198e-02 2.220614254474639893e-02 2.253802120685577393e-02 2.257471531629562378e-02 2.284378372132778168e-02 2.310261316597461700e-02 2.289352193474769592e-02 2.382734045386314392e-02 2.406634762883186340e-02 2.436329796910285950e-02 2.364561706781387329e-02 2.467729523777961731e-02 2.543044835329055786e-02 2.564820647239685059e-02 2.565274760127067566e-02 2.642114274203777313e-02 2.654172293841838837e-02 2.673165127635002136e-02 2.714725211262702942e-02 2.750917337834835052e-02 2.794393897056579590e-02 2.809465862810611725e-02 2.863275259733200073e-02 2.903771400451660156e-02 2.953004091978073120e-02 2.967506460845470428e-02 3.046592697501182556e-02 3.099829889833927155e-02 3.145267441868782043e-02 3.191874176263809204e-02 3.234480693936347961e-02 3.305514901876449585e-02 3.345321491360664368e-02 3.392902761697769165e-02 3.444824740290641785e-02 3.499214351177215576e-02 3.552920371294021606e-02 3.607065603137016296e-02 3.658232465386390686e-02 3.707494214177131653e-02 3.739919885993003845e-02 3.752532601356506348e-02 3.772746026515960693e-02 3.793890774250030518e-02 3.818022832274436951e-02 3.836350515484809875e-02 3.851265087723731995e-02 3.869268298149108887e-02 3.876691311597824097e-02 3.875207901000976562e-02 3.883900493383407593e-02 3.891256079077720642e-02 3.895593807101249695e-02 3.891338407993316650e-02 3.885555267333984375e-02 3.876366093754768372e-02 3.866066038608551025e-02 3.852877393364906311e-02 3.836979717016220093e-02 3.820431977510452271e-02 3.808146715164184570e-02 3.794991970062255859e-02 3.773658722639083862e-02 3.746628016233444214e-02 3.715597093105316162e-02 3.685225173830986023e-02 3.658465668559074402e-02 3.626509755849838257e-02 3.578456491231918335e-02 3.526437282562255859e-02 3.507573157548904419e-02 3.463830053806304932e-02 3.425205126404762268e-02 3.459379076957702637e-02 3.564317524433135986e-02 3.649607673287391663e-02 3.887343034148216248e-02 7.240474224090576172e-02 7.142252475023269653e-02 7.326268404722213745e-02 5.963216722011566162e-02 5.956194922327995300e-02 5.996007844805717468e-02 6.238874420523643494e-02 6.406186521053314209e-02 7.268746197223663330e-02 7.562029361724853516e-02
0.000000000000000000e+00 0.000000000000000000e+00 0.000000000000000000e+00 0.000000000000000000e+00 0.000000000000000000e+00 0.000000000000000000e+00 0.000000000000000000e+00 0.000000000000000000e+00 2.750820075636127164e-22 3.196206688880920410e-02 4.302401840686798096e-02 2.382048405706882477e-02 1.862729340791702271e-02 1.902166195213794708e-02 1.974384114146232605e-02 1.984191313385963440e-02 2.037314139306545258e-02 2.069422975182533264e-02 2.084570005536079407e-02 2.102184295654296875e-02 2.103120461106300354e-02 2.110111340880393982e-02 2.141987346112728119e-02 2.222676761448383331e-02 2.209571748971939087e-02 2.183755487203598022e-02 2.263653278350830078e-02 2.292015589773654938e-02 2.337232418358325958e-02 2.353362925350666046e-02 2.380332909524440765e-02 2.418071776628494263e-02 2.444498427212238312e-02 2.344330027699470520e-02 2.471260353922843933e-02 2.535413205623626709e-02 2.555997483432292938e-02 2.508316561579704285e-02 2.629840187728404999e-02 2.653727307915687561e-02 2.664119936525821686e-02 2.731696330010890961e-02 2.756411768496036530e-02 2.791533060371875763e-02 2.822416089475154877e-02 2.871946431696414948e-02 2.915579825639724731e-02 2.951252460479736328e-02 2.994495071470737457e-02 3.059162013232707977e-02 3.111600689589977264e-02 3.155970573425292969e-02 3.211786225438117981e-02 3.291201591491699219e-02 3.326786309480667114e-02 3.356178104877471924e-02 3.409573808312416077e-02 3.469233587384223938e-02 3.532032296061515808e-02 3.590194135904312134e-02 3.641519695520401001e-02 3.696106001734733582e-02 3.732724860310554504e-02 3.762756288051605225e-02 3.783916682004928589e-02 3.814906254410743713e-02 3.838918730616569519e-02 3.855628520250320435e-02 3.866672888398170471e-02 3.875306621193885803e-02 3.890149667859077454e-02 3.897378221154212952e-02 3.896852210164070129e-02 3.903876245021820068e-02 3.912608325481414795e-02 3.910212591290473938e-02 3.904616460204124451e-02 3.897859901189804077e-02 3.887492790818214417e-02 3.876557201147079468e-02 3.866282105445861816e-02 3.849275782704353333e-02 3.832511603832244873e-02 3.820859268307685852e-02 3.804448619484901428e-02 3.780885785818099976e-02 3.752630949020385742e-02 3.718044608831405640e-02 3.684917837381362915e-02 3.656773641705513000e-02 3.620698675513267517e-02 3.572074323892593384e-02 3.517662361264228821e-02 3.496660292148590088e-02 3.437024354934692383e-02 3.415468335151672363e-02 3.460871800780296326e-02 3.552817553281784058e-02 3.616537898778915405e-02 3.918257728219032288e-02 7.250250130891799927e-02 7.162515819072723389e-02 7.395352423191070557e-02 6.105040386319160461e-02 6.012672558426856995e-02 6.063835695385932922e-02 6.280263513326644897e-02 6.327250599861145020e-02 7.238877564668655396e-02 7.506754994392395020e-02
0.000000000000000000e+00 0.000000000000000000e+00 0.000000000000000000e+00 0.000000000000000000e+00 0.000000000000000000e+00 0.000000000000000000e+00 0.000000000000000000e+00 0.000000000000000000e+00 2.483085480678419501e-22 2.893221005797386169e-02 3.952630981802940369e-02 2.249815873801708221e-02 1.805395819246768951e-02 1.859943754971027374e-02 1.944129355251789093e-02 1.955120638012886047e-02 1.988464221358299255e-02 2.044300176203250885e-02 2.063220925629138947e-02 2.051865495741367340e-02 2.043244056403636932e-02 2.129055932164192200e-02 2.147413603961467743e-02 2.196214906871318817e-02 2.231297083199024200e-02 2.235791645944118500e-02 2.265948802232742310e-02 2.302123606204986572e-02 2.297791466116905212e-02 2.352842316031455994e-02 2.393542788922786713e-02 2.434064261615276337e-02 2.437931485474109650e-02 2.342502400279045105e-02 2.479889057576656342e-02 2.505986578762531281e-02 2.538662590086460114e-02 2.541161514818668365e-02 2.618929371237754822e-02 2.638590335845947266e-02 2.637441270053386688e-02 2.710802294313907623e-02 2.758117020130157471e-02 2.792984992265701294e-02 2.833006158471107483e-02 2.880952693521976471e-02 2.926405705511569977e-02 2.951897494494915009e-02 3.023690730333328247e-02 3.083071671426296234e-02 3.133326768875122070e-02 3.188255056738853455e-02 3.243773803114891052e-02 3.301035240292549133e-02 3.336480632424354553e-02 3.387948125600814819e-02 3.455337509512901306e-02 3.517983108758926392e-02 3.575415536761283875e-02 3.632490709424018860e-02 3.696032986044883728e-02 3.763777390122413635e-02 3.810024634003639221e-02 3.836193680763244629e-02 3.862209990620613098e-02 3.891734033823013306e-02 3.911530226469039917e-02 3.918731212615966797e-02 3.925173357129096985e-02 3.926986083388328552e-02 3.943498060107231140e-02 3.951084986329078674e-02 3.951310366392135620e-02 3.937810659408569336e-02 3.947971388697624207e-02 3.934970125555992126e-02 3.929382935166358948e-02 3.917808830738067627e-02 3.908871486783027649e-02 3.900999948382377625e-02 3.890653699636459351e-02 3.869472816586494446e-02 3.855137526988983154e-02 3.841719776391983032e-02 3.822882100939750671e-02 3.798647224903106689e-02 3.764710202813148499e-02 3.730831295251846313e-02 3.698201104998588562e-02 3.667456284165382385e-02 3.629352897405624390e-02 3.579835966229438782e-02 3.520102053880691528e-02 3.481535241007804871e-02 3.431270271539688110e-02 3.418210148811340332e-02 3.468165919184684753e-02 3.540125116705894470e-02 3.567141667008399963e-02 3.944869711995124817e-02 7.304877042770385742e-02 7.237526029348373413e-02 7.350166141986846924e-02 6.263973563909530640e-02 5.903541669249534607e-02 5.992880463600158691e-02 6.204066053032875061e-02 6.149416789412498474e-02 7.170588523149490356e-02 7.458388805389404297e-02
0.000000000000000000e+00 0.000000000000000000e+00 0.000000000000000000e+00 0.000000000000000000e+00 0.000000000000000000e+00 0.000000000000000000e+00 0.000000000000000000e+00 0.000000000000000000e+00 3.131946673070006582e-22 3.570653498172760010e-02 3.960802778601646423e-02 2.173704467713832855e-02 1.843894459307193756e-02 1.872161775827407837e-02 1.923410221934318542e-02 1.938199996948242188e-02 1.950731873512268066e-02 2.039530128240585327e-02 2.027089707553386688e-02 2.063980884850025177e-02 2.067332901060581207e-02 2.153787203133106232e-02 2.157933264970779419e-02 2.187363430857658386e-02 2.204669266939163208e-02 2.232758142054080963e-02 2.261953428387641907e-02 2.270544134080410004e-02 2.257264778017997742e-02 2.345260046422481537e-02 2.406445331871509552e-02 2.440934628248214722e-02 2.437401190400123596e-02 2.356090582907199860e-02 2.479433640837669373e-02 2.478961087763309479e-02 2.494271099567413330e-02 2.523393556475639343e-02 2.572821825742721558e-02 2.610910125076770782e-02 2.639842219650745392e-02 2.709962800145149231e-02 2.751518413424491882e-02 2.788206562399864197e-02 2.861829660832881927e-02 2.889833226799964905e-02 2.956758812069892883e-02 2.993357367813587189e-02 3.065249323844909668e-02 3.132843971252441406e-02 3.188709914684295654e-02 3.276600688695907593e-02 3.341773897409439087e-02 3.413292020559310913e-02 3.467005491256713867e-02 3.520186617970466614e-02 3.579447418451309204e-02 3.634005412459373474e-02 3.691725432872772217e-02 3.748859837651252747e-02 3.807456418871879578e-02 3.851480782032012939e-02 3.882099315524101257e-02 3.909350559115409851e-02 3.947295993566513062e-02 3.982926160097122192e-02 4.015063121914863586e-02 4.042948409914970398e-02 4.054109007120132446e-02 4.059838876128196716e-02 4.074384272098541260e-02 4.084083810448646545e-02 4.061422124505043030e-02 4.020252451300621033e-02 4.007654264569282532e-02 3.986375406384468079e-02 3.975315019488334656e-02 3.960246965289115906e-02 3.951051831245422363e-02 3.950425982475280762e-02 3.938451781868934631e-02 3.909694403409957886e-02 3.892471641302108765e-02 3.864486515522003174e-02 3.842351213097572327e-02 3.826553747057914734e-02 3.786847740411758423e-02 3.757146745920181274e-02 3.735693916678428650e-02 3.713271394371986389e-02 3.682250529527664185e-02 3.633606806397438049e-02 3.559001535177230835e-02 3.463393822312355042e-02 3.407289087772369385e-02 3.417135030031204224e-02 3.475454822182655334e-02 3.528379648923873901e-02 3.523334860801696777e-02 3.939904645085334778e-02 7.409185171127319336e-02 7.248692214488983154e-02 7.269379496574401855e-02 6.521023809909820557e-02 5.712269991636276245e-02 5.903224647045135498e-02 6.012537330389022827e-02 5.863592773675918579e-02 7.095810770988464355e-02 7.405101507902145386e-02
0.000000000000000000e+00 0.000000000000000000e+00 0.000000000000000000e+00 0.000000000000000000e+00 0.000000000000000000e+00 0.000000000000000000e+00 0.000000000000000000e+00 0.000000000000000000e+00 1.031544911711534951e-07 4.166193306446075439e-02 3.812779113650321960e-02 2.145107276737689972e-02 1.887373439967632294e-02 1.871715672314167023e-02 1.888097822666168213e-02 1.926825568079948425e-02 1.968088187277317047e-02 2.057143859565258026e-02 2.014981023967266083e-02 2.058574371039867401e-02 2.131563611328601837e-02 2.192380651831626892e-02 2.181919291615486145e-02 2.113798260688781738e-02 2.169411256909370422e-02 2.248970605432987213e-02 2.246117405593395233e-02 2.214975282549858093e-02 2.290218137204647064e-02 2.420401759445667267e-02 2.475256845355033875e-02 2.462148852646350861e-02 2.484991401433944702e-02 2.372396551072597504e-02 2.487941272556781769e-02 2.547596208751201630e-02 2.569224126636981964e-02 2.567551843822002411e-02 2.578327432274818420e-02 2.595268189907073975e-02 2.638271637260913849e-02 2.707552537322044373e-02 2.765783667564392090e-02 2.815283089876174927e-02 2.880154922604560852e-02 2.931762672960758209e-02 2.973891608417034149e-02 3.052587062120437622e-02 3.112172707915306091e-02 3.193205222487449646e-02 3.262594342231750488e-02 3.332027047872543335e-02 3.409896790981292725e-02 3.475829958915710449e-02 3.531765192747116089e-02 3.595348447561264038e-02 3.639890998601913452e-02 3.694408759474754333e-02 3.756235539913177490e-02 3.827064856886863708e-02 3.892020881175994873e-02 3.945790231227874756e-02 3.981820121407508850e-02 4.009176790714263916e-02 4.025856405496597290e-02 4.057181999087333679e-02 4.088738188147544861e-02 4.103751480579376221e-02 4.100473970174789429e-02 4.120641946792602539e-02 4.120902717113494873e-02 4.131923988461494446e-02 4.086847603321075439e-02 4.074661806225776672e-02 4.037448391318321228e-02 4.022503644227981567e-02 4.001723229885101318e-02 3.993546590209007263e-02 3.971783816814422607e-02 3.958100453019142151e-02 3.932624682784080505e-02 3.915566578507423401e-02 3.904994949698448181e-02 3.879379481077194214e-02 3.875669464468955994e-02 3.869595751166343689e-02 3.831885382533073425e-02 3.801120817661285400e-02 3.798084706068038940e-02 3.795445337891578674e-02 3.770768642425537109e-02 3.724763169884681702e-02 3.628067672252655029e-02 3.489880636334419250e-02 3.407778590917587280e-02 3.403806313872337341e-02 3.468718752264976501e-02 3.523804992437362671e-02 3.511466458439826965e-02 3.909707441926002502e-02 7.517115026712417603e-02 7.200653851032257080e-02 7.188750803470611572e-02 6.804454326629638672e-02 5.550360307097434998e-02 5.770684033632278442e-02 5.783396214246749878e-02 5.620556697249412537e-02 7.055175304412841797e-02 7.374283671379089355e-02
0.000000000000000000e+00 0.000000000000000000e+00 0.000000000000000000e+00 0.000000000000000000e+00 0.000000000000000000e+00 0.000000000000000000e+00 0.000000000000000000e+00 3.009824056654508695e-10 5.619639996439218521e-03 3.086942806839942932e-02 2.780163660645484924e-02 1.976986229419708252e-02 1.905173063278198242e-02 1.916037872433662415e-02 1.911943592131137848e-02 1.944287121295928955e-02 1.967788860201835632e-02 2.083962410688400269e-02 2.085275761783123016e-02 2.064816653728485107e-02 2.134767174720764160e-02 2.128494158387184143e-02 2.130164578557014465e-02 2.133419923484325409e-02 2.211211808025836945e-02 2.299793437123298645e-02 2.268363535404205322e-02 2.256111986935138702e-02 2.386742085218429565e-02 2.461194619536399841e-02 2.500625513494014740e-02 2.495932765305042267e-02 2.567167393863201141e-02 2.537921816110610962e-02 2.533723972737789154e-02 2.556889876723289490e-02 2.602498047053813934e-02 2.591927535831928253e-02 2.582106925547122955e-02 2.571540325880050659e-02 2.587506733834743500e-02 2.641081064939498901e-02 2.684107422828674316e-02 2.801164984703063965e-02 2.952027134597301483e-02 3.095487318933010101e-02 3.170170262455940247e-02 3.294296935200691223e-02 3.362442180514335632e-02 3.345474228262901306e-02 3.377510234713554382e-02 3.424980491399765015e-02 3.512025251984596252e-02 3.573520109057426453e-02 3.630231693387031555e-02 3.695731237530708313e-02 3.735199570655822754e-02 3.775779902935028076e-02 3.817621245980262756e-02 3.842758759856224060e-02 3.891692310571670532e-02 3.968863561749458313e-02 4.037083312869071960e-02 4.074136540293693542e-02 4.101045057177543640e-02 4.108230024576187134e-02 4.146330058574676514e-02 4.159361496567726135e-02 4.143941402435302734e-02 4.152543842792510986e-02 4.147000983357429504e-02 4.177985340356826782e-02 4.170631989836692810e-02 4.176950827240943909e-02 4.145574569702148438e-02 4.140552878379821777e-02 4.105662181973457336e-02 4.090816900134086609e-02 4.074323177337646484e-02 4.058781266212463379e-02 4.026645049452781677e-02 4.018743708729743958e-02 3.996623307466506958e-02 3.972094878554344177e-02 3.950203955173492432e-02 3.905955702066421509e-02 3.889181092381477356e-02 3.870715573430061340e-02 3.832491859793663025e-02 3.836560249328613281e-02 3.834525123238563538e-02 3.793277591466903687e-02 3.711839392781257629e-02 3.543019667267799377e-02 3.441642597317695618e-02 3.406318277120590210e-02 3.449890390038490295e-02 3.515140339732170105e-02 3.538603335618972778e-02 3.881219401955604553e-02 7.575495541095733643e-02 7.122556865215301514e-02 7.147646695375442505e-02 6.970560550689697266e-02 5.412606894969940186e-02 5.611886084079742432e-02 5.562238395214080811e-02 5.441434308886528015e-02 7.038045674562454224e-02 7.406399399042129517e-02
0.000000000000000000e+00 0.000000000000000000e+00 0.000000000000000000e+00 0.000000000000000000e+00 0.000000000000000000e+00 0.000000000000000000e+00 0.000000000000000000e+00 8.053088361090199321e-13 4.066643863916397095e-02 5.789292976260185242e-02 2.675772644579410553e-02 1.888281479477882385e-02 2.020197175443172455e-02 2.115618251264095306e-02 2.113416604697704315e-02 2.020553871989250183e-02 2.010583318769931793e-02 2.018695138394832611e-02 2.021326497197151184e-02 2.060460299253463745e-02 2.150460891425609589e-02 2.205297909677028656e-02 2.273993566632270813e-02 2.336945198476314545e-02 2.328743413090705872e-02 2.392306923866271973e-02 2.370285242795944214e-02 2.408737130463123322e-02 2.427830733358860016e-02 2.466211281716823578e-02 2.495513670146465302e-02 2.496496401727199554e-02 2.460855431854724884e-02 2.416287735104560852e-02 2.397293969988822937e-02 2.424537949264049530e-02 2.508897334337234497e-02 2.620908059179782867e-02 2.733993530273437500e-02 2.823160029947757721e-02 2.829050086438655853e-02 2.893645130097866058e-02 2.814403176307678223e-02 2.860379964113235474e-02 2.980591729283332825e-02 3.161145001649856567e-02 3.389424830675125122e-02 3.449204191565513611e-02 3.498774394392967224e-02 3.504046797752380371e-02 3.561977297067642212e-02 3.559825569391250610e-02 3.589588776230812073e-02 3.714872151613235474e-02 3.793027624487876892e-02 3.818426653742790222e-02 3.884903341531753540e-02 3.911200910806655884e-02 3.923607245087623596e-02 3.944579139351844788e-02 3.973424807190895081e-02 3.999834507703781128e-02 4.039407148957252502e-02 4.094216972589492798e-02 4.161633551120758057e-02 4.172682762145996094e-02 4.204160347580909729e-02 4.218877851963043213e-02 4.216837882995605469e-02 4.200456663966178894e-02 4.181024804711341858e-02 4.155452549457550049e-02 4.170084744691848755e-02 4.166517406702041626e-02 4.187577590346336365e-02 4.173310473561286926e-02 4.153672233223915100e-02 4.119772091507911682e-02 4.107005149126052856e-02 4.077623412013053894e-02 4.045309498906135559e-02 4.028633236885070801e-02 3.985079750418663025e-02 3.982089832425117493e-02 3.995618596673011780e-02 3.966636955738067627e-02 3.971388563513755798e-02 3.932914137840270996e-02 3.841689229011535645e-02 3.831650316715240479e-02 3.855119645595550537e-02 3.817990794777870178e-02 3.773625195026397705e-02 3.620902448892593384e-02 3.494050726294517517e-02 3.422202542424201965e-02 3.426422551274299622e-02 3.502123057842254639e-02 3.583161160349845886e-02 3.838479518890380859e-02 7.555443048477172852e-02 6.997466832399368286e-02 7.156776636838912964e-02 6.986125558614730835e-02 5.355116724967956543e-02 5.484009534120559692e-02 5.346323549747467041e-02 5.309942364692687988e-02 7.004643976688385010e-02 7.454780489206314087e-02
0.000000000000000000e+00 0.000000000000000000e+00 0.000000000000000000e+00 0.000000000000000000e+00 0.000000000000000000e+00 0.000000000000000000e+00 0.000000000000000000e+00 0.000000000000000000e+00 6.455092716350918636e-06 2.281362004578113556e-02 2.819521725177764893e-02 1.754046976566314697e-02 3.163397312164306641e-02 3.066058270633220673e-02 2.214956656098365784e-02 2.034608460962772369e-02 2.120758593082427979e-02 2.147108502686023712e-02 2.142987400293350220e-02 2.080980874598026276e-02 2.117147482931613922e-02 2.170387655496597290e-02 2.271252870559692383e-02 2.298968471586704254e-02 2.319299057126045227e-02 2.410009875893592834e-02 2.417746186256408691e-02 2.699054591357707977e-02 2.961553446948528290e-02 3.026758879423141479e-02 2.976130880415439606e-02 2.963792532682418823e-02 2.944705449044704437e-02 2.866854146122932434e-02 2.727218903601169586e-02 2.593155391514301300e-02 2.536227367818355560e-02 2.598148584365844727e-02 2.684808522462844849e-02 2.754224650561809540e-02 2.817364223301410675e-02 2.871516533195972443e-02 2.916956320405006409e-02 2.959249913692474365e-02 3.161628544330596924e-02 3.340545669198036194e-02 3.556009382009506226e-02 3.620073199272155762e-02 3.637020662426948547e-02 3.639183938503265381e-02 3.687388449907302856e-02 3.589370474219322205e-02 3.552996367216110229e-02 3.760163858532905579e-02 3.855022788047790527e-02 3.861700743436813354e-02 3.863511607050895691e-02 3.882437944412231445e-02 3.915230557322502136e-02 3.962086886167526245e-02 4.019061475992202759e-02 4.092361778020858765e-02 4.143159836530685425e-02 4.175081476569175720e-02 4.222302883863449097e-02 4.272647202014923096e-02 4.318473488092422485e-02 4.322945326566696167e-02 4.337317869067192078e-02 4.305648431181907654e-02 4.325104877352714539e-02 4.261598363518714905e-02 4.250990599393844604e-02 4.221846535801887512e-02 4.261599108576774597e-02 4.219777509570121765e-02 4.205190390348434448e-02 4.170865193009376526e-02 4.167760908603668213e-02 4.153947904706001282e-02 4.179602488875389099e-02 4.114419966936111450e-02 4.073736444115638733e-02 4.090673848986625671e-02 4.059488698840141296e-02 4.043753445148468018e-02 4.002400487661361694e-02 3.965071216225624084e-02 3.901491686701774597e-02 3.855261579155921936e-02 3.840707987546920776e-02 3.803680092096328735e-02 3.782461956143379211e-02 3.693120926618576050e-02 3.564846515655517578e-02 3.440363705158233643e-02 3.412136808037757874e-02 3.465938940644264221e-02 3.606662154197692871e-02 3.784849494695663452e-02 7.491992413997650146e-02 6.879716366529464722e-02 7.160219550132751465e-02 6.903111189603805542e-02 5.323596298694610596e-02 5.360444635152816772e-02 5.176950991153717041e-02 5.247772112488746643e-02 7.000852376222610474e-02 7.469207048416137695e-02
0.000000000000000000e+00 0.000000000000000000e+00 0.000000000000000000e+00 0.000000000000000000e+00 0.000000000000000000e+00 0.000000000000000000e+00 0.000000000000000000e+00 0.000000000000000000e+00 0.000000000000000000e+00 3.743392129618088655e-22 3.817525869611648790e-22 5.063966994410174100e-22 2.383609116077423096e-02 3.122593089938163757e-02 2.259384654462337494e-02 1.906724832952022552e-02 2.088392712175846100e-02 2.233374863862991333e-02 2.330769225955009460e-02 2.521703392267227173e-02 2.714349702000617981e-02 2.704157121479511261e-02 2.550297416746616364e-02 2.415501885116100311e-02 2.512712404131889343e-02 2.684207074344158173e-02 3.184065595269203186e-02 3.692006692290306091e-02 3.943890333175659180e-02 3.658873215317726135e-02 2.912781015038490295e-02 2.709386497735977173e-02 2.744220942258834839e-02 2.667747437953948975e-02 2.543743699789047241e-02 2.649575658142566681e-02 2.795320004224777222e-02 2.697065472602844238e-02 2.867003343999385834e-02 3.096728399395942688e-02 2.834521979093551636e-02 2.604401484131813049e-02 2.662905491888523102e-02 2.762927114963531494e-02 2.892188727855682373e-02 3.049814701080322266e-02 3.250845149159431458e-02 3.345202282071113586e-02 3.411138057708740234e-02 3.492134064435958862e-02 3.585970774292945862e-02 3.645041584968566895e-02 3.697836026549339294e-02 3.823726996779441833e-02 3.836704790592193604e-02 3.853017464280128479e-02 3.856793045997619629e-02 3.910433501005172729e-02 3.975423425436019897e-02 4.019899666309356689e-02 4.029970988631248474e-02 4.085756465792655945e-02 4.181292280554771423e-02 4.262015223503112793e-02 4.233437404036521912e-02 4.235814139246940613e-02 4.265599697828292847e-02 4.209674149751663208e-02 4.254898056387901306e-02 4.253378510475158691e-02 4.263848066329956055e-02 4.233442246913909912e-02 4.172756150364875793e-02 4.184131324291229248e-02 4.164372384548187256e-02 4.156576842069625854e-02 4.121983796358108521e-02 4.097718000411987305e-02 4.100835323333740234e-02 4.107436910271644592e-02 4.101665690541267395e-02 4.081122577190399170e-02 4.082720354199409485e-02 4.057174921035766602e-02 4.055798798799514771e-02 4.082448780536651611e-02 4.082187265157699585e-02 4.009389877319335938e-02 3.952394053339958191e-02 3.942219540476799011e-02 3.862651810050010681e-02 3.819160908460617065e-02 3.800881654024124146e-02 3.760426864027976990e-02 3.612807393074035645e-02 3.490118309855461121e-02 3.425291180610656738e-02 3.422446548938751221e-02 3.617964312434196472e-02 3.764243796467781067e-02 7.381416857242584229e-02 6.816107779741287231e-02 7.108068466186523438e-02 6.740814447402954102e-02 5.373782664537429810e-02 5.267880856990814209e-02 5.129008740186691284e-02 5.261359736323356628e-02 6.971573084592819214e-02 7.462125271558761597e-02
0.000000000000000000e+00 0.000000000000000000e+00 0.000000000000000000e+00 0.000000000000000000e+00 0.000000000000000000e+00 0.000000000000000000e+00 0.000000000000000000e+00 0.000000000000000000e+00 0.000000000000000000e+00 0.000000000000000000e+00 0.000000000000000000e+00 0.000000000000000000e+00 3.511613183631630534e-22 3.667760184993332775e-22 3.551293518252971604e-22 3.471478969999861502e-22 3.471478969999861502e-22 4.808474006088558516e-22 3.799128118688956770e-22 5.372778397118081277e-22 4.837528826078679481e-22 4.284508301437438072e-22 3.780640753167431644e-22 3.872194813867678756e-22 3.762062510869625057e-22 3.780640753167431644e-22 1.317088957875967026e-02 2.092755958437919617e-02 2.501687966287136078e-02 2.810931764543056488e-02 2.421719580888748169e-02 2.505647763609886169e-02 2.886997535824775696e-02 3.111450932919979095e-02 3.227279707789421082e-02 3.245057538151741028e-02 3.503745421767234802e-02 3.460716083645820618e-02 2.951991930603981018e-02 3.075116686522960663e-02 3.105597011744976044e-02 3.118767216801643372e-02 3.156576305627822876e-02 3.253995999693870544e-02 3.276062011718750000e-02 3.282605111598968506e-02 3.295079246163368225e-02 3.312464430928230286e-02 3.348198905587196350e-02 3.417702391743659973e-02 3.491719439625740051e-02 3.597005084156990051e-02 3.690395131707191467e-02 3.821336105465888977e-02 3.895489126443862915e-02 3.898109123110771179e-02 3.828107565641403198e-02 3.848201036453247070e-02 3.879862278699874878e-02 3.974488750100135803e-02 3.997337818145751953e-02 4.029906168580055237e-02 4.075436294078826904e-02 4.108234122395515442e-02 4.177376255393028259e-02 4.249370843172073364e-02 4.247233271598815918e-02 4.265101253986358643e-02 4.273757338523864746e-02 4.227871075272560120e-02 4.202943667769432068e-02 4.208494722843170166e-02 4.140664264559745789e-02 4.167724773287773132e-02 4.123879224061965942e-02 4.096969217061996460e-02 4.110822081565856934e-02 4.113746061921119690e-02 4.052241146564483643e-02 4.081474989652633667e-02 4.030154272913932800e-02 4.018734022974967957e-02 3.992584720253944397e-02 4.014784842729568481e-02 3.938417509198188782e-02 3.891240432858467102e-02 3.896500542759895325e-02 3.798612579703330994e-02 3.833298757672309875e-02 3.860986605286598206e-02 3.849147632718086243e-02 3.846362233161926270e-02 3.795447945594787598e-02 3.787780925631523132e-02 3.661163523793220520e-02 3.547336906194686890e-02 3.445515036582946777e-02 3.409296646714210510e-02 3.593691810965538025e-02 3.787327185273170471e-02 7.050898671150207520e-02 6.816604733467102051e-02 6.999226659536361694e-02 6.413886696100234985e-02 5.501312389969825745e-02 5.188845843076705933e-02 5.221349373459815979e-02 5.353306606411933899e-02 6.893926858901977539e-02 7.412689179182052612e-02
0.000000000000000000e+00 0.000000000000000000e+00 0.000000000000000000e+00 0.000000000000000000e+00 0.000000000000000000e+00 0.000000000000000000e+00 0.000000000000000000e+00 0.000000000000000000e+00 0.000000000000000000e+00 0.000000000000000000e+00 0.000000000000000000e+00 0.000000000000000000e+00 0.000000000000000000e+00 0.000000000000000000e+00 0.000000000000000000e+00 0.000000000000000000e+00 0.000000000000000000e+00 0.000000000000000000e+00 0.000000000000000000e+00 0.000000000000000000e+00 0.000000000000000000e+00 0.000000000000000000e+00 0.000000000000000000e+00 0.000000000000000000e+00 0.000000000000000000e+00 0.000000000000000000e+00 1.296749119752748687e-22 3.131946673070006582e-22 3.890247233040501225e-22 3.890247233040501225e-22 3.908216096066242685e-22 5.346633148581905074e-22 5.552347877824371295e-22 5.359721928721332102e-22 4.569392353821416026e-22 5.077784303372790836e-22 1.471567153930664062e-02 2.257481589913368225e-02 2.426566183567047119e-02 5.351418256759643555e-02 7.351375371217727661e-02 8.923013508319854736e-02 9.644128382205963135e-02 9.889217466115951538e-02 9.785035252571105957e-02 9.493692219257354736e-02 9.101542830467224121e-02 8.621259778738021851e-02 7.978516072034835815e-02 7.527815550565719604e-02 7.210094481706619263e-02 7.135570794343948364e-02 6.935761123895645142e-02 6.560162454843521118e-02 6.178761646151542664e-02 5.605461075901985168e-02 5.113960057497024536e-02 4.879407957196235657e-02 4.738640412688255310e-02 4.561817646026611328e-02 4.424988850951194763e-02 4.377119243144989014e-02 4.282629117369651794e-02 4.213084653019905090e-02 4.192970693111419678e-02 4.170173779129981995e-02 4.129140824079513550e-02 4.244049265980720520e-02 4.256522655487060547e-02 4.293914884328842163e-02 4.220667853951454163e-02 4.209125414490699768e-02 4.206738248467445374e-02 4.207725450396537781e-02 4.169695824384689331e-02 4.156447947025299072e-02 4.127021133899688721e-02 4.060356318950653076e-02 4.056075960397720337e-02 4.015210643410682678e-02 4.020172730088233948e-02 4.043191671371459961e-02 4.008175432682037354e-02 4.030704125761985779e-02 3.853177651762962341e-02 3.935767710208892822e-02 4.003111645579338074e-02 3.931194171309471130e-02 3.911390528082847595e-02 3.841627761721611023e-02 3.762666508555412292e-02 3.669501096010208130e-02 3.686271607875823975e-02 3.669273480772972107e-02 3.642822429537773132e-02 3.585163503885269165e-02 3.505141288042068481e-02 3.499018028378486633e-02 3.608736023306846619e-02 3.734482452273368835e-02 6.532159447669982910e-02 6.885756552219390869e-02 6.780587136745452881e-02 5.744251236319541931e-02 5.322707071900367737e-02 5.083413794636726379e-02 5.491581559181213379e-02 5.764944478869438171e-02 6.914803385734558105e-02 7.436045259237289429e-02
0.000000000000000000e+00 0.000000000000000000e+00 0.000000000000000000e+00 0.000000000000000000e+00 0.000000000000000000e+00 0.000000000000000000e+00 0.000000000000000000e+00 0.000000000000000000e+00 0.000000000000000000e+00 0.000000000000000000e+00 0.000000000000000000e+00 0.000000000000000000e+00 0.000000000000000000e+00 0.000000000000000000e+00 0.000000000000000000e+00 0.000000000000000000e+00 0.000000000000000000e+00 0.000000000000000000e+00 0.000000000000000000e+00 0.000000000000000000e+00 0.000000000000000000e+00 0.000000000000000000e+00 0.000000000000000000e+00 0.000000000000000000e+00 0.000000000000000000e+00 0.000000000000000000e+00 0.000000000000000000e+00 0.000000000000000000e+00 0.000000000000000000e+00 0.000000000000000000e+00 0.000000000000000000e+00 0.000000000000000000e+00 0.000000000000000000e+00 0.000000000000000000e+00 0.000000000000000000e+00 0.000000000000000000e+00 3.348191748764087045e-22 3.724628094799884415e-22 5.902121309190988541e-03 4.810817539691925049e-02 8.762547373771667480e-02 1.167716979980468750e-01 1.332040727138519287e-01 1.389383822679519653e-01 1.405897438526153564e-01 1.405752748250961304e-01 1.394209414720535278e-01 1.349965631961822510e-01 1.307723671197891235e-01 1.271495670080184937e-01 1.222484260797500610e-01 1.190516948699951172e-01 1.150827556848526001e-01 1.097438633441925049e-01 1.058547720313072205e-01 1.036264821887016296e-01 9.747660160064697266e-02 8.999054878950119019e-02 8.070239424705505371e-02 7.195743173360824585e-02 6.148367375135421753e-02 5.535704642534255981e-02 5.159480497241020203e-02 4.869142174720764160e-02 4.610485583543777466e-02 4.467650130391120911e-02 4.401103407144546509e-02 4.428327828645706177e-02 4.267724603414535522e-02 4.209267720580101013e-02 4.157182946801185608e-02 4.191520437598228455e-02 4.178846254944801331e-02 4.169938713312149048e-02 4.126190021634101868e-02 4.100344702601432800e-02 4.080423340201377869e-02 4.157536476850509644e-02 4.233895987272262573e-02 4.204137995839118958e-02 4.204638302326202393e-02 4.212753102183341980e-02 4.149960726499557495e-02 4.158710315823554993e-02 4.113135486841201782e-02 4.160969704389572144e-02 4.111483320593833923e-02 4.038277268409729004e-02 4.070783406496047974e-02 4.101683571934700012e-02 4.039898887276649475e-02 3.858105465769767761e-02 3.710521012544631958e-02 3.628052026033401489e-02 3.677656874060630798e-02 3.644931688904762268e-02 3.625397384166717529e-02 3.572363033890724182e-02 3.422914072871208191e-02 3.935005143284797668e-02 6.151258200407028198e-02 6.507567316293716431e-02 6.190661340951919556e-02 5.004075914621353149e-02 4.905741289258003235e-02 5.082883685827255249e-02 5.787832662463188171e-02 6.169342994689941406e-02 6.961661577224731445e-02 7.487616688013076782e-02
0.000000000000000000e+00 0.000000000000000000e+00 0.000000000000000000e+00 0.000000000000000000e+00 0.000000000000000000e+00 0.000000000000000000e+00 0.000000000000000000e+00 0.000000000000000000e+00 0.000000000000000000e+00 0.000000000000000000e+00 0.000000000000000000e+00 0.000000000000000000e+00 0.000000000000000000e+00 0.000000000000000000e+00 0.000000000000000000e+00 0.000000000000000000e+00 0.000000000000000000e+00 0.000000000000000000e+00 0.000000000000000000e+00 0.000000000000000000e+00 0.000000000000000000e+00 0.000000000000000000e+00 0.000000000000000000e+00 0.000000000000000000e+00 0.000000000000000000e+00 0.000000000000000000e+00 0.000000000000000000e+00 0.000000000000000000e+00 0.000000000000000000e+00 0.000000000000000000e+00 0.000000000000000000e+00 0.000000000000000000e+00 0.000000000000000000e+00 0.000000000000000000e+00 0.000000000000000000e+00 0.000000000000000000e+00 0.000000000000000000e+00 2.538892151686395418e-22 3.953744098544120789e-02 5.143479257822036743e-02 5.437413603067398071e-02 7.124940305948257446e-02 8.734904229640960693e-02 9.488889575004577637e-02 1.006565988063812256e-01 1.055639013648033142e-01 1.147755682468414307e-01 1.121630668640136719e-01 1.159071549773216248e-01 1.208428591489791870e-01 1.241315752267837524e-01 1.245927587151527405e-01 1.219676584005355835e-01 1.189289018511772156e-01 1.144053563475608826e-01 1.121556237339973450e-01 1.104127243161201477e-01 1.043001562356948853e-01 8.710931986570358276e-02 7.791142165660858154e-02 7.353907823562622070e-02 6.868598610162734985e-02 6.305143237113952637e-02 5.673971772193908691e-02 5.314173921942710876e-02 4.963767156004905701e-02 4.795622453093528748e-02 4.681683331727981567e-02 4.529751092195510864e-02 4.471587017178535461e-02 4.358890280127525330e-02 4.263103753328323364e-02 4.203254729509353638e-02 4.177108034491539001e-02 4.097856208682060242e-02 4.063697531819343567e-02 4.136965796351432800e-02 4.162025451660156250e-02 4.190127551555633545e-02 4.144394770264625549e-02 4.140456020832061768e-02 4.140438139438629150e-02 4.144415631890296936e-02 4.159605130553245544e-02 4.111356660723686218e-02 4.088243842124938965e-02 4.024527221918106079e-02 4.132151976227760315e-02 4.216536134481430054e-02 4.216692969202995300e-02 4.228255525231361389e-02 4.236837103962898254e-02 4.095622524619102478e-02 3.873806819319725037e-02 3.738460317254066467e-02 3.668134286999702454e-02 3.776385262608528137e-02 3.692035377025604248e-02 3.745297715067863464e-02 5.345488712191581726e-02 6.266245990991592407e-02 5.721670761704444885e-02 5.009303987026214600e-02 4.481928423047065735e-02 4.538697376847267151e-02 4.934710264205932617e-02 5.509141460061073303e-02 5.884744599461555481e-02 6.950528174638748169e-02 7.535301893949508667e-02
0.000000000000000000e+00 0.000000000000000000e+00 0.000000000000000000e+00 0.000000000000000000e+00 0.000000000000000000e+00 0.000000000000000000e+00 0.000000000000000000e+00 0.000000000000000000e+00 0.000000000000000000e+00 0.000000000000000000e+00 0.000000000000000000e+00 0.000000000000000000e+00 0.000000000000000000e+00 0.000000000000000000e+00 0.000000000000000000e+00 0.000000000000000000e+00 0.000000000000000000e+00 0.000000000000000000e+00 0.000000000000000000e+00 0.000000000000000000e+00 0.000000000000000000e+00 0.000000000000000000e+00 0.000000000000000000e+00 0.000000000000000000e+00 0.000000000000000000e+00 0.000000000000000000e+00 0.000000000000000000e+00 0.000000000000000000e+00 0.000000000000000000e+00 0.000000000000000000e+00 0.000000000000000000e+00 0.000000000000000000e+00 0.000000000000000000e+00 0.000000000000000000e+00 0.000000000000000000e+00 0.000000000000000000e+00 3.743392066509216238e-23 1.203806977719068527e-02 5.176308751106262207e-02 5.290516465902328491e-02 6.064667552709579468e-02 7.363601773977279663e-02 8.395967632532119751e-02 9.422070533037185669e-02 1.050877273082733154e-01 1.137989908456802368e-01 1.131906956434249878e-01 1.010264232754707336e-01 1.016904190182685852e-01 1.118098944425582886e-01 1.203462108969688416e-01 1.204357594251632690e-01 1.166738197207450867e-01 1.118724495172500610e-01 1.042480096220970154e-01 9.382271021604537964e-02 9.327604621648788452e-02 9.488276392221450806e-02 8.222563564777374268e-02 6.896597146987915039e-02 6.472096592187881470e-02 6.175846979022026062e-02 5.979319289326667786e-02 5.545680969953536987e-02 5.216845497488975525e-02 5.101650953292846680e-02 4.998020082712173462e-02 4.703383892774581909e-02 4.613653197884559631e-02 4.451632499694824219e-02 4.321389272809028625e-02 4.253426194190979004e-02 4.207813367247581482e-02 4.135680571198463440e-02 4.123517125844955444e-02 4.091228172183036804e-02 4.184583202004432678e-02 4.121102765202522278e-02 4.130585491657257080e-02 4.111411795020103455e-02 4.127218574285507202e-02 4.099853336811065674e-02 4.094244167208671570e-02 4.077372699975967407e-02 4.057454317808151245e-02 4.067743197083473206e-02 4.052005335688591003e-02 4.150256514549255371e-02 4.188068211078643799e-02 4.172920808196067810e-02 4.139399155974388123e-02 4.172533750534057617e-02 4.266258701682090759e-02 4.328935965895652771e-02 4.211221262812614441e-02 3.854741156101226807e-02 3.642020374536514282e-02 3.767188265919685364e-02 4.529124125838279724e-02 6.545819342136383057e-02 6.019749492406845093e-02 4.774807766079902649e-02 4.349118843674659729e-02 4.207682982087135315e-02 4.133821651339530945e-02 4.320612922310829163e-02 4.491629824042320251e-02 4.761228710412979126e-02 6.782969087362289429e-02 7.615261524915695190e-02
0.000000000000000000e+00 0.000000000000000000e+00 0.000000000000000000e+00 0.000000000000000000e+00 0.000000000000000000e+00 0.000000000000000000e+00 0.000000000000000000e+00 0.000000000000000000e+00 0.000000000000000000e+00 0.000000000000000000e+00 0.000000000000000000e+00 0.000000000000000000e+00 0.000000000000000000e+00 0.000000000000000000e+00 0.000000000000000000e+00 0.000000000000000000e+00 0.000000000000000000e+00 0.000000000000000000e+00 0.000000000000000000e+00 0.000000000000000000e+00 0.000000000000000000e+00 0.000000000000000000e+00 0.000000000000000000e+00 0.000000000000000000e+00 0.000000000000000000e+00 0.000000000000000000e+00 0.000000000000000000e+00 0.000000000000000000e+00 0.000000000000000000e+00 0.000000000000000000e+00 0.000000000000000000e+00 0.000000000000000000e+00 0.000000000000000000e+00 0.000000000000000000e+00 0.000000000000000000e+00 0.000000000000000000e+00 3.131946673070006582e-22 4.106299579143524170e-02 6.394020467996597290e-02 4.880920797586441040e-02 5.930770561099052429e-02 6.859109550714492798e-02 7.554421573877334595e-02 8.188685774803161621e-02 8.796168863773345947e-02 9.629748761653900146e-02 1.109411194920539856e-01 1.274602264165878296e-01 1.390711516141891479e-01 1.447908282279968262e-01 1.487291455268859863e-01 1.511239260435104370e-01 1.538303494453430176e-01 1.571889966726303101e-01 1.593288332223892212e-01 1.597192436456680298e-01 1.561355739831924438e-01 1.444710344076156616e-01 1.194377467036247253e-01 8.476545661687850952e-02 6.284696608781814575e-02 5.663309618830680847e-02 5.288953706622123718e-02 5.066284909844398499e-02 4.753850400447845459e-02 4.551476985216140747e-02 4.358472302556037903e-02 4.178011417388916016e-02 4.302144795656204224e-02 4.308583587408065796e-02 4.394600912928581238e-02 4.435185715556144714e-02 4.365596920251846313e-02 4.347179830074310303e-02 4.179116711020469666e-02 4.288234189152717590e-02 4.010193422436714172e-02 4.014707356691360474e-02 4.006680846214294434e-02 3.987944871187210083e-02 4.012753441929817200e-02 3.928577154874801636e-02 3.912891820073127747e-02 3.949645534157752991e-02 3.912611678242683411e-02 3.885365650057792664e-02 3.893055021762847900e-02 3.949394077062606812e-02 3.996584191918373108e-02 4.030903428792953491e-02 4.103751480579376221e-02 4.335536062717437744e-02 4.535182192921638489e-02 4.723461344838142395e-02 4.790804535150527954e-02 5.034937337040901184e-02 5.120136961340904236e-02 4.538724198937416077e-02 4.401925578713417053e-02 5.379625782370567322e-02 4.543295502662658691e-02 3.598841279745101929e-02 3.798134997487068176e-02 3.685846552252769470e-02 3.774443268775939941e-02 4.143869504332542419e-02 4.521751403808593750e-02 4.672458395361900330e-02 6.698182225227355957e-02 7.542905956506729126e-02
0.000000000000000000e+00 0.000000000000000000e+00 0.000000000000000000e+00 0.000000000000000000e+00 0.000000000000000000e+00 0.000000000000000000e+00 0.000000000000000000e+00 0.000000000000000000e+00 0.000000000000000000e+00 0.000000000000000000e+00 0.000000000000000000e+00 0.000000000000000000e+00 0.000000000000000000e+00 0.000000000000000000e+00 0.000000000000000000e+00 0.000000000000000000e+00 0.000000000000000000e+00 0.000000000000000000e+00 0.000000000000000000e+00 0.000000000000000000e+00 0.000000000000000000e+00 0.000000000000000000e+00 0.000000000000000000e+00 0.000000000000000000e+00 0.000000000000000000e+00 0.000000000000000000e+00 0.000000000000000000e+00 0.000000000000000000e+00 0.000000000000000000e+00 0.000000000000000000e+00 0.000000000000000000e+00 0.000000000000000000e+00 0.000000000000000000e+00 0.000000000000000000e+00 0.000000000000000000e+00 0.000000000000000000e+00 3.609996634069429406e-22 3.922685235738754272e-02 5.975626781582832336e-02 4.168761521577835083e-02 4.463675618171691895e-02 5.447419732809066772e-02 6.307799369096755981e-02 6.648784875869750977e-02 7.038227468729019165e-02 8.031556755304336548e-02 9.763248264789581299e-02 1.155152842402458191e-01 1.282333880662918091e-01 1.365343034267425537e-01 1.424918174743652344e-01 1.452028900384902954e-01 1.471481919288635254e-01 1.502866744995117188e-01 1.491418033838272095e-01 1.494433730840682983e-01 1.505749374628067017e-01 1.408917158842086792e-01 1.298023164272308350e-01 1.246109530329704285e-01 1.163493171334266663e-01 1.150846257805824280e-01 1.200575381517410278e-01 1.205423474311828613e-01 1.185624673962593079e-01 1.161112263798713684e-01 1.139000058174133301e-01 1.107692122459411621e-01 1.085242256522178650e-01 1.007096618413925171e-01 9.026604890823364258e-02 8.150699734687805176e-02 7.038575410842895508e-02 6.485029309988021851e-02 6.401503831148147583e-02 6.245768442749977112e-02 4.941499233245849609e-02 4.360104352235794067e-02 4.275797307491302490e-02 4.109331220388412476e-02 4.049186408519744873e-02 4.050565510988235474e-02 3.996714949607849121e-02 4.033481329679489136e-02 4.099254682660102844e-02 4.111607372760772705e-02 4.134837165474891663e-02 4.116335511207580566e-02 4.273087531328201294e-02 4.567778483033180237e-02 4.735363647341728210e-02 5.187885463237762451e-02 5.722805857658386230e-02 6.332214176654815674e-02 6.739314645528793335e-02 6.818947941064834595e-02 6.891658902168273926e-02 6.623243540525436401e-02 6.556396186351776123e-02 6.607214361429214478e-02 5.551523715257644653e-02 4.453255981206893921e-02 3.852925449609756470e-02 3.267809376120567322e-02 3.103623352944850922e-02 3.216213732957839966e-02 3.317076340317726135e-02 3.687267750501632690e-02 5.909143760800361633e-02 7.740420848131179810e-02
nan nan nan nan nan nan nan nan nan nan nan nan nan nan nan nan nan nan nan nan nan nan nan nan nan nan nan nan nan nan nan nan nan nan nan nan nan nan nan nan nan nan nan nan nan nan nan nan nan nan nan nan nan nan nan nan nan nan nan nan nan nan nan nan nan nan nan nan nan nan nan nan nan nan nan nan nan nan nan nan nan nan nan nan nan nan nan nan nan nan nan nan nan nan nan nan nan nan nan nan nan nan nan nan nan nan nan nan nan nan
