nan nan nan nan nan nan nan nan nan nan nan nan nan nan nan nan nan nan nan nan nan nan nan nan nan nan nan nan nan nan nan nan nan nan nan nan nan nan nan nan nan nan nan nan nan nan nan nan nan nan nan nan nan nan nan nan nan nan nan nan nan nan nan nan nan nan nan nan nan nan nan nan nan nan nan nan nan nan nan nan nan nan nan nan nan nan nan nan nan nan nan nan nan nan nan nan nan nan nan nan nan nan nan nan nan nan nan nan nan nan
0.000000000000000000e+00 0.000000000000000000e+00 0.000000000000000000e+00 0.000000000000000000e+00 0.000000000000000000e+00 0.000000000000000000e+00 0.000000000000000000e+00 0.000000000000000000e+00 0.000000000000000000e+00 0.000000000000000000e+00 0.000000000000000000e+00 0.000000000000000000e+00 0.000000000000000000e+00 0.000000000000000000e+00 0.000000000000000000e+00 0.000000000000000000e+00 0.000000000000000000e+00 0.000000000000000000e+00 0.000000000000000000e+00 0.000000000000000000e+00 0.000000000000000000e+00 0.000000000000000000e+00 0.000000000000000000e+00 0.000000000000000000e+00 0.000000000000000000e+00 0.000000000000000000e+00 0.000000000000000000e+00 0.000000000000000000e+00 0.000000000000000000e+00 0.000000000000000000e+00 0.000000000000000000e+00 0.000000000000000000e+00 0.000000000000000000e+00 0.000000000000000000e+00 0.000000000000000000e+00 0.000000000000000000e+00 5.463300753972044141e-22 7.178651541471481323e-02 1.223944202065467834e-01 1.126232072710990906e-01 1.247189193964004517e-01 1.396280974149703979e-01 1.557545065879821777e-01 1.737776994705200195e-01 1.936597675085067749e-01 2.149572372436523438e-01 2.366475015878677368e-01 2.576868534088134766e-01 2.776938080787658691e-01 2.953372597694396973e-01 3.097317218780517578e-01 3.235495090484619141e-01 3.356505632400512695e-01 3.417035937309265137e-01 3.413926661014556885e-01 3.350255191326141357e-01 3.189569413661956787e-01 2.953562438488006592e-01 2.725051641464233398e-01 2.555509209632873535e-01 2.427805960178375244e-01 2.311578392982482910e-01 2.215228825807571411e-01 2.124650627374649048e-01 2.057800740003585815e-01 2.065312713384628296e-01 2.093148231506347656e-01 2.012507170438766479e-01 1.888180673122406006e-01 1.884291023015975952e-01 1.939644217491149902e-01 1.995569020509719849e-01 2.005813568830490112e-01 1.910325735807418823e-01 1.832577735185623169e-01 1.712501049041748047e-01 1.481018811464309692e-01 1.370439082384109497e-01 1.326681971549987793e-01 1.274220794439315796e-01 1.270121634006500244e-01 1.314121186733245850e-01 1.355985403060913086e-01 1.367433220148086548e-01 1.345344185829162598e-01 1.323421597480773926e-01 1.320233494043350220e-01 1.372513175010681152e-01 1.450980752706527710e-01 1.527108401060104370e-01 1.551433950662612915e-01 1.515410691499710083e-01 1.418568193912506104e-01 1.227435693144798279e-01 1.057777851819992065e-01 1.034995988011360168e-01 1.099383309483528137e-01 1.199306771159172058e-01 1.271140724420547485e-01 1.260899901390075684e-01 1.243861839175224304e-01 1.181684285402297974e-01 1.120705455541610718e-01 1.070170551538467407e-01 1.096528321504592896e-01 1.093807220458984375e-01 1.077104359865188599e-01 1.075931712985038757e-01 1.357031464576721191e-01 1.712994128465652466e-01
0.000000000000000000e+00 0.000000000000000000e+00 0.000000000000000000e+00 0.000000000000000000e+00 0.000000000000000000e+00 0.000000000000000000e+00 0.000000000000000000e+00 0.000000000000000000e+00 0.000000000000000000e+00 0.000000000000000000e+00 0.000000000000000000e+00 0.000000000000000000e+00 0.000000000000000000e+00 0.000000000000000000e+00 0.000000000000000000e+00 0.000000000000000000e+00 0.000000000000000000e+00 0.000000000000000000e+00 0.000000000000000000e+00 0.000000000000000000e+00 0.000000000000000000e+00 0.000000000000000000e+00 0.000000000000000000e+00 0.000000000000000000e+00 0.000000000000000000e+00 0.000000000000000000e+00 0.000000000000000000e+00 0.000000000000000000e+00 0.000000000000000000e+00 0.000000000000000000e+00 0.000000000000000000e+00 0.000000000000000000e+00 0.000000000000000000e+00 0.000000000000000000e+00 0.000000000000000000e+00 0.000000000000000000e+00 4.630320183608341917e-22 7.195802032947540283e-02 1.299891769886016846e-01 1.265989840030670166e-01 1.288775652647018433e-01 1.375569254159927368e-01 1.493664085865020752e-01 1.641483008861541748e-01 1.807236820459365845e-01 1.971360743045806885e-01 2.131500840187072754e-01 2.290710359811782837e-01 2.446651011705398560e-01 2.598470747470855713e-01 2.735770344734191895e-01 2.856250107288360596e-01 2.950386404991149902e-01 3.008961677551269531e-01 3.022393584251403809e-01 2.993609905242919922e-01 2.846220731735229492e-01 2.563964128494262695e-01 2.277667373418807983e-01 2.041905075311660767e-01 1.895866096019744873e-01 1.794834583997726440e-01 1.686789244413375854e-01 1.597833037376403809e-01 1.581333428621292114e-01 1.677154004573822021e-01 1.786561757326126099e-01 1.769101321697235107e-01 1.654197126626968384e-01 1.592268198728561401e-01 1.593451648950576782e-01 1.570260971784591675e-01 1.500428318977355957e-01 1.410335600376129150e-01 1.351163983345031738e-01 1.313712745904922485e-01 1.277525573968887329e-01 1.282169222831726074e-01 1.279958486557006836e-01 1.259236633777618408e-01 1.235525459051132202e-01 1.269661188125610352e-01 1.302874535322189331e-01 1.287157982587814331e-01 1.226941794157028198e-01 1.178367435932159424e-01 1.166835203766822815e-01 1.199860647320747375e-01 1.233147382736206055e-01 1.263196021318435669e-01 1.261381059885025024e-01 1.224331110715866089e-01 1.198662444949150085e-01 1.137654036283493042e-01 1.045844480395317078e-01 9.911908954381942749e-02 9.981844574213027954e-02 1.057314351201057434e-01 1.113754659891128540e-01 1.212605237960815430e-01 1.265492737293243408e-01 1.247586980462074280e-01 1.209706440567970276e-01 1.142268031835556030e-01 1.145728677511215210e-01 1.142518669366836548e-01 1.146759614348411560e-01 1.162932962179183960e-01 1.400722563266754150e-01 1.703181415796279907e-01
0.000000000000000000e+00 0.000000000000000000e+00 0.000000000000000000e+00 0.000000000000000000e+00 0.000000000000000000e+00 0.000000000000000000e+00 0.000000000000000000e+00 0.000000000000000000e+00 0.000000000000000000e+00 0.000000000000000000e+00 0.000000000000000000e+00 0.000000000000000000e+00 0.000000000000000000e+00 0.000000000000000000e+00 0.000000000000000000e+00 0.000000000000000000e+00 0.000000000000000000e+00 0.000000000000000000e+00 0.000000000000000000e+00 0.000000000000000000e+00 0.000000000000000000e+00 0.000000000000000000e+00 0.000000000000000000e+00 0.000000000000000000e+00 0.000000000000000000e+00 0.000000000000000000e+00 0.000000000000000000e+00 0.000000000000000000e+00 0.000000000000000000e+00 0.000000000000000000e+00 0.000000000000000000e+00 0.000000000000000000e+00 0.000000000000000000e+00 0.000000000000000000e+00 0.000000000000000000e+00 0.000000000000000000e+00 1.755806591815815267e-22 3.818342834711074829e-02 1.118936836719512939e-01 1.395958214998245239e-01 1.171783581376075745e-01 1.196177452802658081e-01 1.340869963169097900e-01 1.494500637054443359e-01 1.638438105583190918e-01 1.770638823509216309e-01 1.897078156471252441e-01 2.016092985868453979e-01 2.130243182182312012e-01 2.241365909576416016e-01 2.336242645978927612e-01 2.417369037866592407e-01 2.483656257390975952e-01 2.527709603309631348e-01 2.530300319194793701e-01 2.490191012620925903e-01 2.338342964649200439e-01 2.112610340118408203e-01 1.970573663711547852e-01 1.886446475982666016e-01 1.831970661878585815e-01 1.750887036323547363e-01 1.649662256240844727e-01 1.591888815164566040e-01 1.571253836154937744e-01 1.660941392183303833e-01 1.776331067085266113e-01 1.755796223878860474e-01 1.659044623374938965e-01 1.551767587661743164e-01 1.465751230716705322e-01 1.391432434320449829e-01 1.344109773635864258e-01 1.302646398544311523e-01 1.239524558186531067e-01 1.218271180987358093e-01 1.234630793333053589e-01 1.236839666962623596e-01 1.223915889859199524e-01 1.189618855714797974e-01 1.139582246541976929e-01 1.148086115717887878e-01 1.173998042941093445e-01 1.192945986986160278e-01 1.151534765958786011e-01 1.092122793197631836e-01 1.043416932225227356e-01 1.056248992681503296e-01 1.096247807145118713e-01 1.099351346492767334e-01 1.108494251966476440e-01 1.091659516096115112e-01 1.069519072771072388e-01 1.074242219328880310e-01 1.024082824587821960e-01 9.704189002513885498e-02 9.435786306858062744e-02 9.635159373283386230e-02 1.006341725587844849e-01 1.132221966981887817e-01 1.220312416553497314e-01 1.260069459676742554e-01 1.268185079097747803e-01 1.222845092415809631e-01 1.190449148416519165e-01 1.191467642784118652e-01 1.195422634482383728e-01 1.211816668510437012e-01 1.409029662609100342e-01 1.680860370397567749e-01
0.000000000000000000e+00 0.000000000000000000e+00 0.000000000000000000e+00 0.000000000000000000e+00 0.000000000000000000e+00 0.000000000000000000e+00 0.000000000000000000e+00 0.000000000000000000e+00 0.000000000000000000e+00 0.000000000000000000e+00 0.000000000000000000e+00 0.000000000000000000e+00 0.000000000000000000e+00 0.000000000000000000e+00 0.000000000000000000e+00 0.000000000000000000e+00 0.000000000000000000e+00 0.000000000000000000e+00 0.000000000000000000e+00 0.000000000000000000e+00 0.000000000000000000e+00 0.000000000000000000e+00 0.000000000000000000e+00 0.000000000000000000e+00 0.000000000000000000e+00 0.000000000000000000e+00 0.000000000000000000e+00 0.000000000000000000e+00 0.000000000000000000e+00 0.000000000000000000e+00 0.000000000000000000e+00 0.000000000000000000e+00 0.000000000000000000e+00 0.000000000000000000e+00 0.000000000000000000e+00 0.000000000000000000e+00 0.000000000000000000e+00 4.492070353593314650e-22 6.914467364549636841e-02 8.958674222230911255e-02 9.488742798566818237e-02 1.539377719163894653e-01 1.947419345378875732e-01 2.183879911899566650e-01 2.330687195062637329e-01 2.442400902509689331e-01 2.549020051956176758e-01 2.647636532783508301e-01 2.714455425739288330e-01 2.760164141654968262e-01 2.776511013507843018e-01 2.755496501922607422e-01 2.726790010929107666e-01 2.668918371200561523e-01 2.577290832996368408e-01 2.412475794553756714e-01 2.200440615415573120e-01 1.998967081308364868e-01 1.832339912652969360e-01 1.710561662912368774e-01 1.700311750173568726e-01 1.672923713922500610e-01 1.610417515039443970e-01 1.607140153646469116e-01 1.653849333524703979e-01 1.682394295930862427e-01 1.668610870838165283e-01 1.640548706054687500e-01 1.582474261522293091e-01 1.495945453643798828e-01 1.397996097803115845e-01 1.322662979364395142e-01 1.271464526653289795e-01 1.249961182475090027e-01 1.250030696392059326e-01 1.271258145570755005e-01 1.269019395112991333e-01 1.250410974025726318e-01 1.215478479862213135e-01 1.174303814768791199e-01 1.134051755070686340e-01 1.101756617426872253e-01 1.087667644023895264e-01 1.126076728105545044e-01 1.130804792046546936e-01 1.099672839045524597e-01 1.037425696849822998e-01 1.006642729043960571e-01 1.017873063683509827e-01 1.018266677856445312e-01 1.024648845195770264e-01 1.011205911636352539e-01 9.834267944097518921e-02 9.801894426345825195e-02 9.806657582521438599e-02 9.616094827651977539e-02 9.368883818387985229e-02 9.237030893564224243e-02 9.624122828245162964e-02 1.081243157386779785e-01 1.185244843363761902e-01 1.255856156349182129e-01 1.290042847394943237e-01 1.275342702865600586e-01 1.239820569753646851e-01 1.239203289151191711e-01 1.239685863256454468e-01 1.260803490877151489e-01 1.419433951377868652e-01 1.660047620534896851e-01
0.000000000000000000e+00 0.000000000000000000e+00 0.000000000000000000e+00 0.000000000000000000e+00 0.000000000000000000e+00 0.000000000000000000e+00 0.000000000000000000e+00 0.000000000000000000e+00 0.000000000000000000e+00 0.000000000000000000e+00 0.000000000000000000e+00 0.000000000000000000e+00 0.000000000000000000e+00 0.000000000000000000e+00 0.000000000000000000e+00 0.000000000000000000e+00 0.000000000000000000e+00 0.000000000000000000e+00 0.000000000000000000e+00 0.000000000000000000e+00 0.000000000000000000e+00 0.000000000000000000e+00 0.000000000000000000e+00 0.000000000000000000e+00 0.000000000000000000e+00 0.000000000000000000e+00 0.000000000000000000e+00 0.000000000000000000e+00 0.000000000000000000e+00 0.000000000000000000e+00 0.000000000000000000e+00 0.000000000000000000e+00 0.000000000000000000e+00 0.000000000000000000e+00 0.000000000000000000e+00 0.000000000000000000e+00 5.146313470624681562e-22 7.744389627735357511e-22 2.735935337841510773e-02 8.712451159954071045e-02 1.791190057992935181e-01 2.456380128860473633e-01 2.768075764179229736e-01 2.896943986415863037e-01 2.956270873546600342e-01 2.974469065666198730e-01 2.974361479282379150e-01 2.961954176425933838e-01 2.926699221134185791e-01 2.887742519378662109e-01 2.832841873168945312e-01 2.761758267879486084e-01 2.683134377002716064e-01 2.561010718345642090e-01 2.369035035371780396e-01 2.105904221534729004e-01 1.960935592651367188e-01 1.899039000272750854e-01 1.693800985813140869e-01 1.491372734308242798e-01 1.470662355422973633e-01 1.492097377777099609e-01 1.546906977891921997e-01 1.569919139146804810e-01 1.529955118894577026e-01 1.454629898071289062e-01 1.383342146873474121e-01 1.323678791522979736e-01 1.296172738075256348e-01 1.273060292005538940e-01 1.253886818885803223e-01 1.227393820881843567e-01 1.219256445765495300e-01 1.227845549583435059e-01 1.230733916163444519e-01 1.269010305404663086e-01 1.286792755126953125e-01 1.254757195711135864e-01 1.202886849641799927e-01 1.176555603742599487e-01 1.159266084432601929e-01 1.137271076440811157e-01 1.108623892068862915e-01 1.114160269498825073e-01 1.134117841720581055e-01 1.150773242115974426e-01 1.116906031966209412e-01 1.068430989980697632e-01 1.024432256817817688e-01 1.017545536160469055e-01 1.004515066742897034e-01 9.888055920600891113e-02 9.824507683515548706e-02 9.615026414394378662e-02 9.573926031589508057e-02 9.294956177473068237e-02 8.783382922410964966e-02 8.726190775632858276e-02 9.410620480775833130e-02 9.931218624114990234e-02 1.125028431415557861e-01 1.239942386746406555e-01 1.300019025802612305e-01 1.307543516159057617e-01 1.295341700315475464e-01 1.283719390630722046e-01 1.279741972684860229e-01 1.296499818563461304e-01 1.431584805250167847e-01 1.651643216609954834e-01
0.000000000000000000e+00 0.000000000000000000e+00 0.000000000000000000e+00 0.000000000000000000e+00 0.000000000000000000e+00 0.000000000000000000e+00 0.000000000000000000e+00 0.000000000000000000e+00 0.000000000000000000e+00 0.000000000000000000e+00 0.000000000000000000e+00 0.000000000000000000e+00 0.000000000000000000e+00 0.000000000000000000e+00 0.000000000000000000e+00 0.000000000000000000e+00 0.000000000000000000e+00 0.000000000000000000e+00 0.000000000000000000e+00 0.000000000000000000e+00 0.000000000000000000e+00 0.000000000000000000e+00 0.000000000000000000e+00 0.000000000000000000e+00 0.000000000000000000e+00 2.000149379455251619e-07 1.505444835459002206e-08 1.275772976844224971e-11 6.620844741988785054e-20 8.243966025116451306e-22 8.731015563758125104e-22 9.084959402793281645e-22 9.410741538600772240e-22 7.798484028816896910e-22 7.477419912311352141e-22 8.682733742261743792e-22 3.916041553020477295e-02 5.796356499195098877e-02 6.498723477125167847e-02 1.132952347397804260e-01 1.719062626361846924e-01 2.043881416320800781e-01 2.158247679471969604e-01 2.187553644180297852e-01 2.213914245367050171e-01 2.188707888126373291e-01 2.147581130266189575e-01 2.113427370786666870e-01 2.076329737901687622e-01 2.067759335041046143e-01 2.047094702720642090e-01 2.001150548458099365e-01 1.939992159605026245e-01 1.877376884222030640e-01 1.741404980421066284e-01 1.554367989301681519e-01 1.446923166513442993e-01 1.406639963388442993e-01 1.301348805427551270e-01 1.263642311096191406e-01 1.282480061054229736e-01 1.267052143812179565e-01 1.262499243021011353e-01 1.225472614169120789e-01 1.100202202796936035e-01 9.799001365900039673e-02 9.383115172386169434e-02 9.605150669813156128e-02 1.036059111356735229e-01 1.110672056674957275e-01 1.173487156629562378e-01 1.216029003262519836e-01 1.213803589344024658e-01 1.198871582746505737e-01 1.180479601025581360e-01 1.188829764723777771e-01 1.180715709924697876e-01 1.167432591319084167e-01 1.152750328183174133e-01 1.146421805024147034e-01 1.144134253263473511e-01 1.131729036569595337e-01 1.109056174755096436e-01 1.076921597123146057e-01 1.060154289007186890e-01 1.079780310392379761e-01 1.076367497444152832e-01 1.059730947017669678e-01 1.018371209502220154e-01 1.011004820466041565e-01 9.746579080820083618e-02 9.555255621671676636e-02 9.466293454170227051e-02 9.228643774986267090e-02 9.025352448225021362e-02 8.703052997589111328e-02 8.152713626623153687e-02 8.104322850704193115e-02 9.143937379121780396e-02 9.686632454395294189e-02 1.123692691326141357e-01 1.232978999614715576e-01 1.312007308006286621e-01 1.329990327358245850e-01 1.333086937665939331e-01 1.321474760770797729e-01 1.312585324048995972e-01 1.326665282249450684e-01 1.442086249589920044e-01 1.639889329671859741e-01
0.000000000000000000e+00 0.000000000000000000e+00 0.000000000000000000e+00 0.000000000000000000e+00 0.000000000000000000e+00 0.000000000000000000e+00 0.000000000000000000e+00 0.000000000000000000e+00 0.000000000000000000e+00 0.000000000000000000e+00 0.000000000000000000e+00 6.483745598763743434e-23 5.033171390778079513e-08 9.169005138476293837e-11 1.263190243125749987e-17 8.810898269593446302e-22 8.445477703455899976e-22 8.666578880664776153e-22 7.662532371499831912e-22 8.345329981380792415e-22 8.089538614310386035e-22 7.607471647363832983e-22 7.561281506334863287e-22 1.655463743518992281e-12 2.506024320609867573e-04 1.484114490449428558e-02 3.931808844208717346e-02 5.855483561754226685e-02 6.651914119720458984e-02 6.450051814317703247e-02 5.786317214369773865e-02 6.293938308954238892e-02 6.436645984649658203e-02 6.086428090929985046e-02 6.488076597452163696e-02 6.884471327066421509e-02 7.560665905475616455e-02 8.233866840600967407e-02 8.048949390649795532e-02 7.324577867984771729e-02 7.704099267721176147e-02 9.613491594791412354e-02 1.037691012024879456e-01 1.045633703470230103e-01 1.065601333975791931e-01 1.032637134194374084e-01 1.026008799672126770e-01 1.093095541000366211e-01 1.162899583578109741e-01 1.193713545799255371e-01 1.177823245525360107e-01 1.172232180833816528e-01 1.171275600790977478e-01 1.155158206820487976e-01 1.120173335075378418e-01 1.082159355282783508e-01 1.049383580684661865e-01 9.839969128370285034e-02 9.061254560947418213e-02 8.838094025850296021e-02 8.996443450450897217e-02 8.868960291147232056e-02 8.730531483888626099e-02 8.668857067823410034e-02 8.640349656343460083e-02 8.793644607067108154e-02 9.081537276506423950e-02 9.171911329030990601e-02 9.282147139310836792e-02 9.554131329059600830e-02 9.958624839782714844e-02 1.058252379298210144e-01 1.064468696713447571e-01 1.065128073096275330e-01 1.090888008475303650e-01 1.090758815407752991e-01 1.085917502641677856e-01 1.087826043367385864e-01 1.093633100390434265e-01 1.076494902372360229e-01 1.076399460434913635e-01 1.072382330894470215e-01 1.069546043872833252e-01 1.071289777755737305e-01 1.067904829978942871e-01 1.068391129374504089e-01 1.069890782237052917e-01 1.073973774909973145e-01 1.078753545880317688e-01 1.072788611054420471e-01 1.031876802444458008e-01 9.808957576751708984e-02 9.372747689485549927e-02 8.851680904626846313e-02 8.416486531496047974e-02 8.102970570325851440e-02 7.773210853338241577e-02 7.740107923746109009e-02 8.880934119224548340e-02 1.001285761594772339e-01 1.175103858113288879e-01 1.244350224733352661e-01 1.305897682905197144e-01 1.342604756355285645e-01 1.353621482849121094e-01 1.353808194398880005e-01 1.340991556644439697e-01 1.351228952407836914e-01 1.453151255846023560e-01 1.624348610639572144e-01
0.000000000000000000e+00 0.000000000000000000e+00 0.000000000000000000e+00 0.000000000000000000e+00 0.000000000000000000e+00 0.000000000000000000e+00 0.000000000000000000e+00 0.000000000000000000e+00 1.357748402597280801e-07 2.411499444576747919e-09 1.262799514734069817e-06 6.153137888759374619e-03 4.437328502535820007e-02 6.346201151609420776e-02 5.452574416995048523e-02 4.975992813706398010e-02 5.684575065970420837e-02 5.797449126839637756e-02 5.670378357172012329e-02 6.076608970761299133e-02 6.115629523992538452e-02 5.761984735727310181e-02 6.020891293883323669e-02 6.375434249639511108e-02 6.303986907005310059e-02 6.769510358572006226e-02 7.345888018608093262e-02 7.444871217012405396e-02 7.609540224075317383e-02 7.488127797842025757e-02 6.949262320995330811e-02 6.662194430828094482e-02 6.848868727684020996e-02 6.885460019111633301e-02 7.039884477853775024e-02 6.918998062610626221e-02 7.022877782583236694e-02 6.972567737102508545e-02 6.208581477403640747e-02 5.428703874349594116e-02 5.409428104758262634e-02 5.690864473581314087e-02 6.139182671904563904e-02 6.860268861055374146e-02 7.636584341526031494e-02 7.962191849946975708e-02 8.094633370637893677e-02 8.448184281587600708e-02 8.886391669511795044e-02 9.179532527923583984e-02 9.219865500926971436e-02 9.044108539819717407e-02 8.681004494428634644e-02 8.453171700239181519e-02 8.589089661836624146e-02 8.633350580930709839e-02 8.500057458877563477e-02 8.445033431053161621e-02 8.408173918724060059e-02 8.341580629348754883e-02 8.424308151006698608e-02 8.605693280696868896e-02 8.708980679512023926e-02 8.790799975395202637e-02 8.949194103479385376e-02 9.015787392854690552e-02 9.114119410514831543e-02 9.165626019239425659e-02 9.324306994676589966e-02 9.641557186841964722e-02 9.881900995969772339e-02 1.038963943719863892e-01 1.090769097208976746e-01 1.113426685333251953e-01 1.131715252995491028e-01 1.139023080468177795e-01 1.148172840476036072e-01 1.138694658875465393e-01 1.139590367674827576e-01 1.111708283424377441e-01 1.087488681077957153e-01 1.071328520774841309e-01 1.055610552430152893e-01 1.071459576487541199e-01 1.078944727778434753e-01 1.080619245767593384e-01 1.078533753752708435e-01 1.045224666595458984e-01 1.014811545610427856e-01 9.926759451627731323e-02 9.719143807888031006e-02 9.449728578329086304e-02 9.215602278709411621e-02 8.942471444606781006e-02 8.470812439918518066e-02 8.057485520839691162e-02 7.778401672840118408e-02 7.759997248649597168e-02 8.624417334794998169e-02 1.022918596863746643e-01 1.230729520320892334e-01 1.269069314002990723e-01 1.296996623277664185e-01 1.357001513242721558e-01 1.370320767164230347e-01 1.375022232532501221e-01 1.366615891456604004e-01 1.372916549444198608e-01 1.472230255603790283e-01 1.608714908361434937e-01
0.000000000000000000e+00 0.000000000000000000e+00 0.000000000000000000e+00 0.000000000000000000e+00 0.000000000000000000e+00 0.000000000000000000e+00 0.000000000000000000e+00 3.382745887847704580e-07 3.249269723892211914e-02 6.658786535263061523e-02 6.314793229103088379e-02 4.306239262223243713e-02 5.871549621224403381e-02 6.251083314418792725e-02 5.271271988749504089e-02 5.031906068325042725e-02 5.093043297529220581e-02 5.234055593609809875e-02 5.245694890618324280e-02 5.249095335602760315e-02 5.295893922448158264e-02 5.408344417810440063e-02 5.443597584962844849e-02 5.505368486046791077e-02 5.466149374842643738e-02 5.642068386077880859e-02 5.784051120281219482e-02 5.968822166323661804e-02 6.364206969738006592e-02 6.536727398633956909e-02 6.575921177864074707e-02 6.381951272487640381e-02 6.471300125122070312e-02 6.575378030538558960e-02 6.797844916582107544e-02 6.867761164903640747e-02 6.746127456426620483e-02 6.717213988304138184e-02 6.585734337568283081e-02 6.314407289028167725e-02 6.113887950778007507e-02 6.086233258247375488e-02 6.270108371973037720e-02 6.360791623592376709e-02 6.578680127859115601e-02 6.910152733325958252e-02 7.170241326093673706e-02 7.331378757953643799e-02 7.525145262479782104e-02 7.764984667301177979e-02 8.008360117673873901e-02 8.280979841947555542e-02 8.417789638042449951e-02 8.280805498361587524e-02 8.125978708267211914e-02 8.218959718942642212e-02 8.350200951099395752e-02 8.453476428985595703e-02 8.624784648418426514e-02 8.917237073183059692e-02 9.117775410413742065e-02 9.201486408710479736e-02 9.133896976709365845e-02 9.104008227586746216e-02 9.329080581665039062e-02 9.622289240360260010e-02 9.728347510099411011e-02 9.770576655864715576e-02 9.893172234296798706e-02 1.002251729369163513e-01 1.025378406047821045e-01 1.066721603274345398e-01 1.099135205149650574e-01 1.108137145638465881e-01 1.107114553451538086e-01 1.116466447710990906e-01 1.108217090368270874e-01 1.094622686505317688e-01 1.083595976233482361e-01 1.066849678754806519e-01 1.047979965806007385e-01 1.029685661196708679e-01 1.020030304789543152e-01 1.029512956738471985e-01 1.030531451106071472e-01 1.029921397566795349e-01 1.028727814555168152e-01 1.027254983782768250e-01 1.014502644538879395e-01 9.935053437948226929e-02 9.714134037494659424e-02 9.518482536077499390e-02 9.364282339811325073e-02 9.033188968896865845e-02 8.492469042539596558e-02 8.177183568477630615e-02 7.993075996637344360e-02 7.930613309144973755e-02 8.380308747291564941e-02 9.986523538827896118e-02 1.249178200960159302e-01 1.305387765169143677e-01 1.301152408123016357e-01 1.365005224943161011e-01 1.385364085435867310e-01 1.388621926307678223e-01 1.385763138532638550e-01 1.398396342992782593e-01 1.497366577386856079e-01 1.592488288879394531e-01
0.000000000000000000e+00 0.000000000000000000e+00 0.000000000000000000e+00 0.000000000000000000e+00 0.000000000000000000e+00 0.000000000000000000e+00 0.000000000000000000e+00 7.465446039134349121e-09 8.146731555461883545e-02 1.272224932909011841e-01 6.733010709285736084e-02 3.854775056242942810e-02 3.807929530739784241e-02 4.065972566604614258e-02 4.346424713730812073e-02 4.528706148266792297e-02 4.590845108032226562e-02 4.792453721165657043e-02 4.859555140137672424e-02 5.030178651213645935e-02 5.144525319337844849e-02 5.276177823543548584e-02 5.244008451700210571e-02 5.327747389674186707e-02 5.458370968699455261e-02 5.528447404503822327e-02 5.593997985124588013e-02 5.526848137378692627e-02 5.656889081001281738e-02 5.752955377101898193e-02 5.852792412042617798e-02 5.929360166192054749e-02 5.930211395025253296e-02 5.961472541093826294e-02 6.135291978716850281e-02 6.341885775327682495e-02 6.439740210771560669e-02 6.411541998386383057e-02 6.479913741350173950e-02 6.523822247982025146e-02 6.491880863904953003e-02 6.410720944404602051e-02 6.304452568292617798e-02 6.348922848701477051e-02 6.569020450115203857e-02 6.835308670997619629e-02 7.112158089876174927e-02 7.346688210964202881e-02 7.567650824785232544e-02 7.780308276414871216e-02 7.966327667236328125e-02 8.158813416957855225e-02 8.362032473087310791e-02 8.542566001415252686e-02 8.566281199455261230e-02 8.425389230251312256e-02 8.363129943609237671e-02 8.486372977495193481e-02 8.669119328260421753e-02 8.837990462779998779e-02 9.037703275680541992e-02 9.181581437587738037e-02 9.306461364030838013e-02 9.420112520456314087e-02 9.473367035388946533e-02 9.543545544147491455e-02 9.572294354438781738e-02 9.567100554704666138e-02 9.679208695888519287e-02 9.719866514205932617e-02 9.862863272428512573e-02 1.000797748565673828e-01 1.016860157251358032e-01 1.032258272171020508e-01 1.043861657381057739e-01 1.057016775012016296e-01 1.048284694552421570e-01 1.032666116952896118e-01 1.017818823456764221e-01 1.012096405029296875e-01 1.008646562695503235e-01 1.010234355926513672e-01 1.026465520262718201e-01 1.040809154510498047e-01 1.046971827745437622e-01 1.048602089285850525e-01 1.049735024571418762e-01 1.047914996743202209e-01 1.029112860560417175e-01 1.007583364844322205e-01 9.803300350904464722e-02 9.549488872289657593e-02 9.282036870718002319e-02 8.782128989696502686e-02 8.393047004938125610e-02 8.281711488962173462e-02 8.185203373432159424e-02 8.115553855895996094e-02 8.308926224708557129e-02 9.682141989469528198e-02 1.255256533622741699e-01 1.360653787851333618e-01 1.327886432409286499e-01 1.369557231664657593e-01 1.394884288311004639e-01 1.397780776023864746e-01 1.398847699165344238e-01 1.422177255153656006e-01 1.511028409004211426e-01 1.577591598033905029e-01
0.000000000000000000e+00 0.000000000000000000e+00 0.000000000000000000e+00 0.000000000000000000e+00 0.000000000000000000e+00 0.000000000000000000e+00 0.000000000000000000e+00 2.128837337522782036e-07 3.779071941971778870e-02 8.427685499191284180e-02 6.832198798656463623e-02 4.072589427232742310e-02 3.795922547578811646e-02 3.845070302486419678e-02 3.995290771126747131e-02 4.170801118016242981e-02 4.254957288503646851e-02 4.425354674458503723e-02 4.574839025735855103e-02 4.765641689300537109e-02 4.878425225615501404e-02 4.983358457684516907e-02 4.919126257300376892e-02 4.990275949239730835e-02 5.064840614795684814e-02 5.134344473481178284e-02 5.281823500990867615e-02 5.269120261073112488e-02 5.338846147060394287e-02 5.527486279606819153e-02 5.617322027683258057e-02 5.732583627104759216e-02 5.855723097920417786e-02 5.798085033893585205e-02 5.868027731776237488e-02 5.952725186944007874e-02 6.130678579211235046e-02 6.198822334408760071e-02 6.283969432115554810e-02 6.326911598443984985e-02 6.409671157598495483e-02 6.484271585941314697e-02 6.461608409881591797e-02 6.457017362117767334e-02 6.567398458719253540e-02 6.771990656852722168e-02 6.990423798561096191e-02 7.192773371934890747e-02 7.386758178472518921e-02 7.584775239229202271e-02 7.788533717393875122e-02 7.995720207691192627e-02 8.112334460020065308e-02 8.219731599092483521e-02 8.365368098020553589e-02 8.434332907199859619e-02 8.471138030290603638e-02 8.544111251831054688e-02 8.627584576606750488e-02 8.763638883829116821e-02 8.951410651206970215e-02 9.072241932153701782e-02 9.200001507997512817e-02 9.320344775915145874e-02 9.425242990255355835e-02 9.497702866792678833e-02 9.426745027303695679e-02 9.426417201757431030e-02 9.484470635652542114e-02 9.531915187835693359e-02 9.635958820581436157e-02 9.687984734773635864e-02 9.796241670846939087e-02 9.954965859651565552e-02 1.016720607876777649e-01 1.032129973173141479e-01 1.031795293092727661e-01 1.026952192187309265e-01 1.023312956094741821e-01 1.023777276277542114e-01 1.025685071945190430e-01 1.028779894113540649e-01 1.042591854929924011e-01 1.052115336060523987e-01 1.058259531855583191e-01 1.061379164457321167e-01 1.064958274364471436e-01 1.057436689734458923e-01 1.031188815832138062e-01 1.003134474158287048e-01 9.756421297788619995e-02 9.566172957420349121e-02 9.205307811498641968e-02 8.613237738609313965e-02 8.343386650085449219e-02 8.313071727752685547e-02 8.317317068576812744e-02 8.329806476831436157e-02 8.357201516628265381e-02 9.495638310909271240e-02 1.262076199054718018e-01 1.408153921365737915e-01 1.362665295600891113e-01 1.374460905790328979e-01 1.400605440139770508e-01 1.405665129423141479e-01 1.409082710742950439e-01 1.441281735897064209e-01 1.513498276472091675e-01 1.561937630176544189e-01
0.000000000000000000e+00 0.000000000000000000e+00 0.000000000000000000e+00 0.000000000000000000e+00 0.000000000000000000e+00 0.000000000000000000e+00 0.000000000000000000e+00 0.000000000000000000e+00 3.550083533809811343e-07 7.399757951498031616e-02 7.523675262928009033e-02 4.206236079335212708e-02 3.817525878548622131e-02 3.827457129955291748e-02 3.975944966077804565e-02 4.192942380905151367e-02 4.324422031641006470e-02 4.491265490651130676e-02 4.611228406429290771e-02 4.763141274452209473e-02 4.808998107910156250e-02 4.825296998023986816e-02 4.876036196947097778e-02 4.933317378163337708e-02 4.998043924570083618e-02 5.037228763103485107e-02 5.145038291811943054e-02 5.149371922016143799e-02 5.193024873733520508e-02 5.279114842414855957e-02 5.384156107902526855e-02 5.486036092042922974e-02 5.560150370001792908e-02 5.630160123109817505e-02 5.653703212738037109e-02 5.712464079260826111e-02 5.765930935740470886e-02 5.844290554523468018e-02 6.035774946212768555e-02 6.166059151291847229e-02 6.299692392349243164e-02 6.337998062372207642e-02 6.485298275947570801e-02 6.494756042957305908e-02 6.551726162433624268e-02 6.656819581985473633e-02 6.804958730936050415e-02 6.970220804214477539e-02 7.128997892141342163e-02 7.304113358259201050e-02 7.517025619745254517e-02 7.749709486961364746e-02 7.887257635593414307e-02 7.991997897624969482e-02 8.132449537515640259e-02 8.253715187311172485e-02 8.352369815111160278e-02 8.409533649682998657e-02 8.469898998737335205e-02 8.612436801195144653e-02 8.794735372066497803e-02 8.987901359796524048e-02 9.170011430978775024e-02 9.311309456825256348e-02 9.432806819677352905e-02 9.518506377935409546e-02 9.453587979078292847e-02 9.449142217636108398e-02 9.530362486839294434e-02 9.549883753061294556e-02 9.503357857465744019e-02 9.474799036979675293e-02 9.589439630508422852e-02 9.821571409702301025e-02 1.005944311618804932e-01 1.021576672792434692e-01 1.027158424258232117e-01 1.025559902191162109e-01 1.024437397718429565e-01 1.028088778257369995e-01 1.031465902924537659e-01 1.034312620759010315e-01 1.042884439229965210e-01 1.053051352500915527e-01 1.063783317804336548e-01 1.068057864904403687e-01 1.071157231926918030e-01 1.062168106436729431e-01 1.033195108175277710e-01 1.001911461353302002e-01 9.761970490217208862e-02 9.597133845090866089e-02 9.125472605228424072e-02 8.526308089494705200e-02 8.296082168817520142e-02 8.260864019393920898e-02 8.361984789371490479e-02 8.428738266229629517e-02 8.307056128978729248e-02 9.273029863834381104e-02 1.279206275939941406e-01 1.441065371036529541e-01 1.399837583303451538e-01 1.381101012229919434e-01 1.404239088296890259e-01 1.413969397544860840e-01 1.416042149066925049e-01 1.454925537109375000e-01 1.512631326913833618e-01 1.546637564897537231e-01
0.000000000000000000e+00 0.000000000000000000e+00 0.000000000000000000e+00 0.000000000000000000e+00 0.000000000000000000e+00 0.000000000000000000e+00 0.000000000000000000e+00 0.000000000000000000e+00 5.754133280966300390e-10 6.063604727387428284e-02 8.079411089420318604e-02 4.768729582428932190e-02 3.955341503024101257e-02 3.986505046486854553e-02 3.988319262862205505e-02 4.202201589941978455e-02 4.359551146626472473e-02 4.487541317939758301e-02 4.610903561115264893e-02 4.699530825018882751e-02 4.788382723927497864e-02 4.807259514927864075e-02 4.854270070791244507e-02 4.868926107883453369e-02 4.920324310660362244e-02 5.023770034313201904e-02 5.123709887266159058e-02 5.224684998393058777e-02 5.252904817461967468e-02 5.238634347915649414e-02 5.274835973978042603e-02 5.343228578567504883e-02 5.412718281149864197e-02 5.491335690021514893e-02 5.558367446064949036e-02 5.630955472588539124e-02 5.717557668685913086e-02 5.712231993675231934e-02 5.766798928380012512e-02 6.026394292712211609e-02 6.177167221903800964e-02 6.313937902450561523e-02 6.387306004762649536e-02 6.509421765804290771e-02 6.520974636077880859e-02 6.594609469175338745e-02 6.713543832302093506e-02 6.845876574516296387e-02 6.961664557456970215e-02 7.099138200283050537e-02 7.283625006675720215e-02 7.500042766332626343e-02 7.680834829807281494e-02 7.836027443408966064e-02 7.992696762084960938e-02 8.132455497980117798e-02 8.264319598674774170e-02 8.328360319137573242e-02 8.391784876585006714e-02 8.497510105371475220e-02 8.641067892313003540e-02 8.837211877107620239e-02 9.007658064365386963e-02 9.162329137325286865e-02 9.263744205236434937e-02 9.363128989934921265e-02 9.363025426864624023e-02 9.348890185356140137e-02 9.447997063398361206e-02 9.505582600831985474e-02 9.450539946556091309e-02 9.357596188783645630e-02 9.440848231315612793e-02 9.668890386819839478e-02 9.872403740882873535e-02 1.003401651978492737e-01 1.016217693686485291e-01 1.019682511687278748e-01 1.022118180990219116e-01 1.028598472476005554e-01 1.033765003085136414e-01 1.039127632975578308e-01 1.047423779964447021e-01 1.058467924594879150e-01 1.070856004953384399e-01 1.077737510204315186e-01 1.079951450228691101e-01 1.069872900843620300e-01 1.043077409267425537e-01 1.007261052727699280e-01 9.730234742164611816e-02 9.469216316938400269e-02 8.941741287708282471e-02 8.421506732702255249e-02 8.242740482091903687e-02 8.168106526136398315e-02 8.304769545793533325e-02 8.407157659530639648e-02 8.204150944948196411e-02 9.026379138231277466e-02 1.312776505947113037e-01 1.466080546379089355e-01 1.433646827936172485e-01 1.391694694757461548e-01 1.407466083765029907e-01 1.420031189918518066e-01 1.418707817792892456e-01 1.459074616432189941e-01 1.515310406684875488e-01 1.532791703939437866e-01
0.000000000000000000e+00 0.000000000000000000e+00 0.000000000000000000e+00 0.000000000000000000e+00 0.000000000000000000e+00 0.000000000000000000e+00 0.000000000000000000e+00 0.000000000000000000e+00 4.366594907878607046e-07 5.399641022086143494e-02 8.583227545022964478e-02 5.468016862869262695e-02 4.121162742376327515e-02 4.135070741176605225e-02 4.133872687816619873e-02 4.158534482121467590e-02 4.331307858228683472e-02 4.459115490317344666e-02 4.591685906052589417e-02 4.699573665857315063e-02 4.749977588653564453e-02 4.852101206779479980e-02 4.890991002321243286e-02 4.901409894227981567e-02 4.894315451383590698e-02 4.982525482773780823e-02 5.040935426950454712e-02 5.184003710746765137e-02 5.260782688856124878e-02 5.281627923250198364e-02 5.285123363137245178e-02 5.335986614227294922e-02 5.398668348789215088e-02 5.469143763184547424e-02 5.516927316784858704e-02 5.616627633571624756e-02 5.695981532335281372e-02 5.737507343292236328e-02 5.787352472543716431e-02 5.920641124248504639e-02 6.062158197164535522e-02 6.263846904039382935e-02 6.325282901525497437e-02 6.564249098300933838e-02 6.539712101221084595e-02 6.553301215171813965e-02 6.664892286062240601e-02 6.806007027626037598e-02 6.917478144168853760e-02 7.062239944934844971e-02 7.234521955251693726e-02 7.406584918498992920e-02 7.564505934715270996e-02 7.722270488739013672e-02 7.869125157594680786e-02 8.018428832292556763e-02 8.163875341415405273e-02 8.240072429180145264e-02 8.335893601179122925e-02 8.421404659748077393e-02 8.543844521045684814e-02 8.705037832260131836e-02 8.822611719369888306e-02 8.952862024307250977e-02 9.088838845491409302e-02 9.168333560228347778e-02 9.191291034221649170e-02 9.283614903688430786e-02 9.424901008605957031e-02 9.484036266803741455e-02 9.436408430337905884e-02 9.353847056627273560e-02 9.409528970718383789e-02 9.553075581789016724e-02 9.711586683988571167e-02 9.909218549728393555e-02 1.009210273623466492e-01 1.016645655035972595e-01 1.022874489426612854e-01 1.031937450170516968e-01 1.041439548134803772e-01 1.052025184035301208e-01 1.064031943678855896e-01 1.076053157448768616e-01 1.086458712816238403e-01 1.092523038387298584e-01 1.089196950197219849e-01 1.074630096554756165e-01 1.050139963626861572e-01 1.010901257395744324e-01 9.693115949630737305e-02 9.348589926958084106e-02 8.806773275136947632e-02 8.358903229236602783e-02 8.211749047040939331e-02 8.089427649974822998e-02 8.190966397523880005e-02 8.325636386871337891e-02 8.167079836130142212e-02 8.863221853971481323e-02 1.359079182147979736e-01 1.494350433349609375e-01 1.462394297122955322e-01 1.405394524335861206e-01 1.408927589654922485e-01 1.421409547328948975e-01 1.418030112981796265e-01 1.455231606960296631e-01 1.521869003772735596e-01 1.525933891534805298e-01
0.000000000000000000e+00 0.000000000000000000e+00 0.000000000000000000e+00 0.000000000000000000e+00 0.000000000000000000e+00 0.000000000000000000e+00 0.000000000000000000e+00 0.000000000000000000e+00 5.734957539971219376e-07 5.578158423304557800e-02 8.947290480136871338e-02 5.879047513008117676e-02 4.420847073197364807e-02 4.227982461452484131e-02 4.325940459966659546e-02 4.241715371608734131e-02 4.381711781024932861e-02 4.490475356578826904e-02 4.603608697652816772e-02 4.625015333294868469e-02 4.689651727676391602e-02 4.810502752661705017e-02 4.890211299061775208e-02 4.860719293355941772e-02 4.906148090958595276e-02 4.977623373270034790e-02 4.989664629101753235e-02 5.089962854981422424e-02 5.211037397384643555e-02 5.301625654101371765e-02 5.332291126251220703e-02 5.395338311791419983e-02 5.429589375853538513e-02 5.460768193006515503e-02 5.502534285187721252e-02 5.599346011877059937e-02 5.688311904668807983e-02 5.725089088082313538e-02 5.871800333261489868e-02 5.948801338672637939e-02 6.048743054270744324e-02 6.182453036308288574e-02 6.314814835786819458e-02 6.541994214057922363e-02 6.585041433572769165e-02 6.587529927492141724e-02 6.681823730468750000e-02 6.783542037010192871e-02 6.877398490905761719e-02 7.023742794990539551e-02 7.196051627397537231e-02 7.345094531774520874e-02 7.493401318788528442e-02 7.650745660066604614e-02 7.790280878543853760e-02 7.938778400421142578e-02 8.069102466106414795e-02 8.175522834062576294e-02 8.273822814226150513e-02 8.352447301149368286e-02 8.468431234359741211e-02 8.592090755701065063e-02 8.690638095140457153e-02 8.792404830455780029e-02 8.977445960044860840e-02 9.098964929580688477e-02 9.114790707826614380e-02 9.233116358518600464e-02 9.381092339754104614e-02 9.406288713216781616e-02 9.379786998033523560e-02 9.348650276660919189e-02 9.410916268825531006e-02 9.505607187747955322e-02 9.668999910354614258e-02 9.916041791439056396e-02 1.009688898921012878e-01 1.017876192927360535e-01 1.027760803699493408e-01 1.041297316551208496e-01 1.055758148431777954e-01 1.072056367993354797e-01 1.088578253984451294e-01 1.099554076790809631e-01 1.105425208806991577e-01 1.108376011252403259e-01 1.098696067929267883e-01 1.075993999838829041e-01 1.046467944979667664e-01 1.003036797046661377e-01 9.617056697607040405e-02 9.246952086687088013e-02 8.688642829656600952e-02 8.319254964590072632e-02 8.208449929952621460e-02 8.071129024028778076e-02 8.125256001949310303e-02 8.279091864824295044e-02 8.206800371408462524e-02 8.750917762517929077e-02 1.396756619215011597e-01 1.524676382541656494e-01 1.485057771205902100e-01 1.421753168106079102e-01 1.412969827651977539e-01 1.423595249652862549e-01 1.417230814695358276e-01 1.439420133829116821e-01 1.522242873907089233e-01 1.526460349559783936e-01
0.000000000000000000e+00 0.000000000000000000e+00 0.000000000000000000e+00 0.000000000000000000e+00 0.000000000000000000e+00 0.000000000000000000e+00 0.000000000000000000e+00 0.000000000000000000e+00 6.181760103807221185e-10 6.096570566296577454e-02 9.356463700532913208e-02 6.005588173866271973e-02 4.699459299445152283e-02 4.346991330385208130e-02 4.350479692220687866e-02 4.230508953332901001e-02 4.328235238790512085e-02 4.539539664983749390e-02 4.708973690867424011e-02 4.688267782330513000e-02 4.685598611831665039e-02 4.786997660994529724e-02 4.871620610356330872e-02 4.914613813161849976e-02 4.946954920887947083e-02 4.938933253288269043e-02 4.998085647821426392e-02 5.077362060546875000e-02 5.162614583969116211e-02 5.237154662609100342e-02 5.320615693926811218e-02 5.403727665543556213e-02 5.434458330273628235e-02 5.435424670577049255e-02 5.516541749238967896e-02 5.598794296383857727e-02 5.699704587459564209e-02 5.736658722162246704e-02 5.901521444320678711e-02 5.973576754331588745e-02 6.087977066636085510e-02 6.161052733659744263e-02 6.315308809280395508e-02 6.465017795562744141e-02 6.586702167987823486e-02 6.621495634317398071e-02 6.715650856494903564e-02 6.776983290910720825e-02 6.860668957233428955e-02 7.008592784404754639e-02 7.165637612342834473e-02 7.298075407743453979e-02 7.434193789958953857e-02 7.585001736879348755e-02 7.721687853336334229e-02 7.872914522886276245e-02 7.993537187576293945e-02 8.116300404071807861e-02 8.197134733200073242e-02 8.289949595928192139e-02 8.404196053743362427e-02 8.503755927085876465e-02 8.602979779243469238e-02 8.687341213226318359e-02 8.876353502273559570e-02 9.010604023933410645e-02 9.048585593700408936e-02 9.145789593458175659e-02 9.276726096868515015e-02 9.296403825283050537e-02 9.325579553842544556e-02 9.357562661170959473e-02 9.417983889579772949e-02 9.527231752872467041e-02 9.743692725896835327e-02 9.984578192234039307e-02 1.011140272021293640e-01 1.021072268486022949e-01 1.036621704697608948e-01 1.053614914417266846e-01 1.070312634110450745e-01 1.090136915445327759e-01 1.107607409358024597e-01 1.116906926035881042e-01 1.121014803647994995e-01 1.120225414633750916e-01 1.104737520217895508e-01 1.075104698538780212e-01 1.038177683949470520e-01 9.892921149730682373e-02 9.486570954322814941e-02 9.107352048158645630e-02 8.575606346130371094e-02 8.281915634870529175e-02 8.225258439779281616e-02 8.097212761640548706e-02 8.107072860002517700e-02 8.220218867063522339e-02 8.265312016010284424e-02 8.800332248210906982e-02 1.427398622035980225e-01 1.554809957742691040e-01 1.500163972377777100e-01 1.440789699554443359e-01 1.418391317129135132e-01 1.424521654844284058e-01 1.415064632892608643e-01 1.420858949422836304e-01 1.523612886667251587e-01 1.542135775089263916e-01
0.000000000000000000e+00 0.000000000000000000e+00 0.000000000000000000e+00 0.000000000000000000e+00 0.000000000000000000e+00 0.000000000000000000e+00 0.000000000000000000e+00 0.000000000000000000e+00 4.123735963873422384e-16 6.407411396503448486e-02 9.675357490777969360e-02 6.149144098162651062e-02 4.964191094040870667e-02 4.584705457091331482e-02 4.485620558261871338e-02 4.307950660586357117e-02 4.262082278728485107e-02 4.476837068796157837e-02 4.616957902908325195e-02 4.640561342239379883e-02 4.686436802148818970e-02 4.795358330011367798e-02 4.833177849650382996e-02 4.911717399954795837e-02 4.940088093280792236e-02 4.938207939267158508e-02 5.007635056972503662e-02 5.098399147391319275e-02 5.147649720311164856e-02 5.204981192946434021e-02 5.295941978693008423e-02 5.395497009158134460e-02 5.424984544515609741e-02 5.413069948554039001e-02 5.513186380267143250e-02 5.617711320519447327e-02 5.709224566817283630e-02 5.761257559061050415e-02 5.903946980834007263e-02 5.955412611365318298e-02 6.111171841621398926e-02 6.171397492289543152e-02 6.324839591979980469e-02 6.405849754810333252e-02 6.575076282024383545e-02 6.623464077711105347e-02 6.721942126750946045e-02 6.782394647598266602e-02 6.858062744140625000e-02 6.997290253639221191e-02 7.139490544795989990e-02 7.264318317174911499e-02 7.398818433284759521e-02 7.545726746320724487e-02 7.686737924814224243e-02 7.828236371278762817e-02 7.957328855991363525e-02 8.069562911987304688e-02 8.142772316932678223e-02 8.236377686262130737e-02 8.345836400985717773e-02 8.442162722349166870e-02 8.552992343902587891e-02 8.636620640754699707e-02 8.800476044416427612e-02 8.895121514797210693e-02 8.987198770046234131e-02 9.084390848875045776e-02 9.146393835544586182e-02 9.152328222990036011e-02 9.238103777170181274e-02 9.317182749509811401e-02 9.395300596952438354e-02 9.564543515443801880e-02 9.826169162988662720e-02 1.004115790128707886e-01 1.015439629554748535e-01 1.028818935155868530e-01 1.048290431499481201e-01 1.068174466490745544e-01 1.087005138397216797e-01 1.107478290796279907e-01 1.123559996485710144e-01 1.131827086210250854e-01 1.133031472563743591e-01 1.124583482742309570e-01 1.103345826268196106e-01 1.070952415466308594e-01 1.026550382375717163e-01 9.742794185876846313e-02 9.340368956327438354e-02 8.920406550168991089e-02 8.426515758037567139e-02 8.230985701084136963e-02 8.233103901147842407e-02 8.136732131242752075e-02 8.154926449060440063e-02 8.218467980623245239e-02 8.246004581451416016e-02 8.791966736316680908e-02 1.454004049301147461e-01 1.571939587593078613e-01 1.510825455188751221e-01 1.463226974010467529e-01 1.430089324712753296e-01 1.428540498018264771e-01 1.413433551788330078e-01 1.399497091770172119e-01 1.516396552324295044e-01 1.553659141063690186e-01
0.000000000000000000e+00 0.000000000000000000e+00 0.000000000000000000e+00 0.000000000000000000e+00 0.000000000000000000e+00 0.000000000000000000e+00 0.000000000000000000e+00 0.000000000000000000e+00 6.748496280015798307e-22 6.634628027677536011e-02 9.997500479221343994e-02 6.237854436039924622e-02 5.047878250479698181e-02 4.715367779135704041e-02 4.572228714823722839e-02 4.472817108035087585e-02 4.421821609139442444e-02 4.597911611199378967e-02 4.653638228774070740e-02 4.646999388933181763e-02 4.650238528847694397e-02 4.708173498511314392e-02 4.820732399821281433e-02 4.903130233287811279e-02 4.930738732218742371e-02 4.960114136338233948e-02 5.023855715990066528e-02 5.089196562767028809e-02 5.101797357201576233e-02 5.152200907468795776e-02 5.253303796052932739e-02 5.362033843994140625e-02 5.398175865411758423e-02 5.422909930348396301e-02 5.530335381627082825e-02 5.631994083523750305e-02 5.696827918291091919e-02 5.786172673106193542e-02 5.892830342054367065e-02 5.933731049299240112e-02 6.111148372292518616e-02 6.162747740745544434e-02 6.311335414648056030e-02 6.373192369937896729e-02 6.559241563081741333e-02 6.607687473297119141e-02 6.710908561944961548e-02 6.788260489702224731e-02 6.862128525972366333e-02 6.987199932336807251e-02 7.123493403196334839e-02 7.235043495893478394e-02 7.379491627216339111e-02 7.540673762559890747e-02 7.678186148405075073e-02 7.810444384813308716e-02 7.952617853879928589e-02 8.040986210107803345e-02 8.116055279970169067e-02 8.209109306335449219e-02 8.315765112638473511e-02 8.415718376636505127e-02 8.531662076711654663e-02 8.615682274103164673e-02 8.726075291633605957e-02 8.786263316869735718e-02 8.947923779487609863e-02 9.053110331296920776e-02 9.042507410049438477e-02 9.049700200557708740e-02 9.156354516744613647e-02 9.252685308456420898e-02 9.376261383295059204e-02 9.611570090055465698e-02 9.901877492666244507e-02 1.011306792497634888e-01 1.026073247194290161e-01 1.041814535856246948e-01 1.061144471168518066e-01 1.082950457930564880e-01 1.104437634348869324e-01 1.124492958188056946e-01 1.138583198189735413e-01 1.144644245505332947e-01 1.138766258955001831e-01 1.120957881212234497e-01 1.090131476521492004e-01 1.053574085235595703e-01 1.005992069840431213e-01 9.569877386093139648e-02 9.183535724878311157e-02 8.734873682260513306e-02 8.305798470973968506e-02 8.215016871690750122e-02 8.263066411018371582e-02 8.199504017829895020e-02 8.241681009531021118e-02 8.284747600555419922e-02 8.228460699319839478e-02 8.743946999311447144e-02 1.481439918279647827e-01 1.571165323257446289e-01 1.514202803373336792e-01 1.479897201061248779e-01 1.447984576225280762e-01 1.437428891658782959e-01 1.416183710098266602e-01 1.391444653272628784e-01 1.509158015251159668e-01 1.556313484907150269e-01
0.000000000000000000e+00 0.000000000000000000e+00 0.000000000000000000e+00 0.000000000000000000e+00 0.000000000000000000e+00 0.000000000000000000e+00 0.000000000000000000e+00 0.000000000000000000e+00 6.922745430341788150e-22 6.600867956876754761e-02 9.956876933574676514e-02 6.141519173979759216e-02 4.974345117807388306e-02 4.659109935164451599e-02 4.498232156038284302e-02 4.475741088390350342e-02 4.461852088570594788e-02 4.611305892467498779e-02 4.661893099546432495e-02 4.662961512804031372e-02 4.684653878211975098e-02 4.769790917634963989e-02 4.838324710726737976e-02 4.878422617912292480e-02 4.937555640935897827e-02 4.985480010509490967e-02 5.045356974005699158e-02 5.057383328676223755e-02 5.108350515365600586e-02 5.175003409385681152e-02 5.276432633399963379e-02 5.349949374794960022e-02 5.371800437569618225e-02 5.427476763725280762e-02 5.528453364968299866e-02 5.628835782408714294e-02 5.707668885588645935e-02 5.817805230617523193e-02 5.880220979452133179e-02 5.965350195765495300e-02 6.103631854057312012e-02 6.164717301726341248e-02 6.282466650009155273e-02 6.342224776744842529e-02 6.521669030189514160e-02 6.608840078115463257e-02 6.718868762254714966e-02 6.794605404138565063e-02 6.862455606460571289e-02 6.977692246437072754e-02 7.117168605327606201e-02 7.230182737112045288e-02 7.368770241737365723e-02 7.529674470424652100e-02 7.668010890483856201e-02 7.809016108512878418e-02 7.938684523105621338e-02 8.019700646400451660e-02 8.107772469520568848e-02 8.202789723873138428e-02 8.317525684833526611e-02 8.430198580026626587e-02 8.542369306087493896e-02 8.622637391090393066e-02 8.681241422891616821e-02 8.733488619327545166e-02 8.914639800786972046e-02 9.020664542913436890e-02 9.023724496364593506e-02 9.055081009864807129e-02 9.163509309291839600e-02 9.267712384462356567e-02 9.416240453720092773e-02 9.683985263109207153e-02 9.974075853824615479e-02 1.018766909837722778e-01 1.037229523062705994e-01 1.054573953151702881e-01 1.073404401540756226e-01 1.097264587879180908e-01 1.121713668107986450e-01 1.141329854726791382e-01 1.152152195572853088e-01 1.151999756693840027e-01 1.137966439127922058e-01 1.109128370881080627e-01 1.068494170904159546e-01 1.030605733394622803e-01 9.848546236753463745e-02 9.387560933828353882e-02 8.999079465866088867e-02 8.560721576213836670e-02 8.223287016153335571e-02 8.198152482509613037e-02 8.298008888959884644e-02 8.325704932212829590e-02 8.381558954715728760e-02 8.382852375507354736e-02 8.215177804231643677e-02 8.625801652669906616e-02 1.491123586893081665e-01 1.573288887739181519e-01 1.509808301925659180e-01 1.486608684062957764e-01 1.460716426372528076e-01 1.450574249029159546e-01 1.418295800685882568e-01 1.385851800441741943e-01 1.501242518424987793e-01 1.546965688467025757e-01
0.000000000000000000e+00 0.000000000000000000e+00 0.000000000000000000e+00 0.000000000000000000e+00 0.000000000000000000e+00 0.000000000000000000e+00 0.000000000000000000e+00 0.000000000000000000e+00 6.922745430341788150e-22 6.684347987174987793e-02 1.009792238473892212e-01 6.265545636415481567e-02 5.073705315589904785e-02 4.740424081683158875e-02 4.541124776005744934e-02 4.417748749256134033e-02 4.411011934280395508e-02 4.486694186925888062e-02 4.546349868178367615e-02 4.604250565171241760e-02 4.687695205211639404e-02 4.758788645267486572e-02 4.792717844247817993e-02 4.854656383395195007e-02 4.931654408574104309e-02 4.994115233421325684e-02 5.059178173542022705e-02 5.056354030966758728e-02 5.123263224959373474e-02 5.205606296658515930e-02 5.309382453560829163e-02 5.358453467488288879e-02 5.357179418206214905e-02 5.424258112907409668e-02 5.518217757344245911e-02 5.628183111548423767e-02 5.719354376196861267e-02 5.829614400863647461e-02 5.875931307673454285e-02 6.009818986058235168e-02 6.075208634138107300e-02 6.197592616081237793e-02 6.280128657817840576e-02 6.345631182193756104e-02 6.489580124616622925e-02 6.604916602373123169e-02 6.717286258935928345e-02 6.803744286298751831e-02 6.876994669437408447e-02 6.983156502246856689e-02 7.124333828687667847e-02 7.252995669841766357e-02 7.378527522087097168e-02 7.511492073535919189e-02 7.650620490312576294e-02 7.794662564992904663e-02 7.911580801010131836e-02 8.010798692703247070e-02 8.116481453180313110e-02 8.214288204908370972e-02 8.341107517480850220e-02 8.467356860637664795e-02 8.560110628604888916e-02 8.598919212818145752e-02 8.652643114328384399e-02 8.759965747594833374e-02 8.926921337842941284e-02 9.000276774168014526e-02 9.039849787950515747e-02 9.122955054044723511e-02 9.242865443229675293e-02 9.368586540222167969e-02 9.540230780839920044e-02 9.814595431089401245e-02 1.008872091770172119e-01 1.031733229756355286e-01 1.053347066044807434e-01 1.072936356067657471e-01 1.095042154192924500e-01 1.121625751256942749e-01 1.145549789071083069e-01 1.161576583981513977e-01 1.166143491864204407e-01 1.156103387475013733e-01 1.128402948379516602e-01 1.085541918873786926e-01 1.040275767445564270e-01 1.003042086958885193e-01 9.596586227416992188e-02 9.118872880935668945e-02 8.764532208442687988e-02 8.424632996320724487e-02 8.175250142812728882e-02 8.180172741413116455e-02 8.312777429819107056e-02 8.454861491918563843e-02 8.585989475250244141e-02 8.535911142826080322e-02 8.273264020681381226e-02 8.574929833412170410e-02 1.481482088565826416e-01 1.586182564496994019e-01 1.514953374862670898e-01 1.492749601602554321e-01 1.465693563222885132e-01 1.460851281881332397e-01 1.420629620552062988e-01 1.387624591588973999e-01 1.499350816011428833e-01 1.533165276050567627e-01
0.000000000000000000e+00 0.000000000000000000e+00 0.000000000000000000e+00 0.000000000000000000e+00 0.000000000000000000e+00 0.000000000000000000e+00 0.000000000000000000e+00 0.000000000000000000e+00 6.738106035260951316e-22 6.619998812675476074e-02 1.000634208321571350e-01 6.252902001142501831e-02 4.964702576398849487e-02 4.658381268382072449e-02 4.584788158535957336e-02 4.492877423763275146e-02 4.497044533491134644e-02 4.533424600958824158e-02 4.581599310040473938e-02 4.577092453837394714e-02 4.598538205027580261e-02 4.671952873468399048e-02 4.767994955182075500e-02 4.863719269633293152e-02 4.936612397432327271e-02 5.005861073732376099e-02 5.051033571362495422e-02 5.071262270212173462e-02 5.148356780409812927e-02 5.231303349137306213e-02 5.318074300885200500e-02 5.361652374267578125e-02 5.358116328716278076e-02 5.446184799075126648e-02 5.543525516986846924e-02 5.626817792654037476e-02 5.728375539183616638e-02 5.804238468408584595e-02 5.816072970628738403e-02 5.992137640714645386e-02 6.025178357958793640e-02 6.248846650123596191e-02 6.276147812604904175e-02 6.354285776615142822e-02 6.453811377286911011e-02 6.564348191022872925e-02 6.689104437828063965e-02 6.800221651792526245e-02 6.893040239810943604e-02 6.990374624729156494e-02 7.129316031932830811e-02 7.264941185712814331e-02 7.377571612596511841e-02 7.508431375026702881e-02 7.653273642063140869e-02 7.776325196027755737e-02 7.885996252298355103e-02 8.002570271492004395e-02 8.132761716842651367e-02 8.251272886991500854e-02 8.371070772409439087e-02 8.491587638854980469e-02 8.567465096712112427e-02 8.593913167715072632e-02 8.684580773115158081e-02 8.837182074785232544e-02 8.974380791187286377e-02 9.026086330413818359e-02 9.100361168384552002e-02 9.245330095291137695e-02 9.407374262809753418e-02 9.579481929540634155e-02 9.785062819719314575e-02 1.004885807633399963e-01 1.030185148119926453e-01 1.054225862026214600e-01 1.077426001429557800e-01 1.099183633923530579e-01 1.124936491250991821e-01 1.151979118585586548e-01 1.172783821821212769e-01 1.183740124106407166e-01 1.179819703102111816e-01 1.156829595565795898e-01 1.110520586371421814e-01 1.056817770004272461e-01 1.013905480504035950e-01 9.758343547582626343e-02 9.307660162448883057e-02 8.878314495086669922e-02 8.601833879947662354e-02 8.354365825653076172e-02 8.153524249792098999e-02 8.157937973737716675e-02 8.282660692930221558e-02 8.549074083566665649e-02 8.844235539436340332e-02 8.821612596511840820e-02 8.448748290538787842e-02 8.589503169059753418e-02 1.455440819263458252e-01 1.601665467023849487e-01 1.542658358812332153e-01 1.509528607130050659e-01 1.473886817693710327e-01 1.465417444705963135e-01 1.426375061273574829e-01 1.399007737636566162e-01 1.497536301612854004e-01 1.522823721170425415e-01
0.000000000000000000e+00 0.000000000000000000e+00 0.000000000000000000e+00 0.000000000000000000e+00 0.000000000000000000e+00 0.000000000000000000e+00 0.000000000000000000e+00 0.000000000000000000e+00 2.248239582529890828e-16 6.421920657157897949e-02 9.705876559019088745e-02 6.106772273778915405e-02 4.821947589516639709e-02 4.584448784589767456e-02 4.565081745386123657e-02 4.515526443719863892e-02 4.557034745812416077e-02 4.591834172606468201e-02 4.635974019765853882e-02 4.652434214949607849e-02 4.670051857829093933e-02 4.721714928746223450e-02 4.795029386878013611e-02 4.868166893720626831e-02 4.934014752507209778e-02 4.995453357696533203e-02 5.047416314482688904e-02 5.089122802019119263e-02 5.145909637212753296e-02 5.245063081383705139e-02 5.312175303697586060e-02 5.328980833292007446e-02 5.376571416854858398e-02 5.480204522609710693e-02 5.553803592920303345e-02 5.594981089234352112e-02 5.724683776497840881e-02 5.771727114915847778e-02 5.832123011350631714e-02 5.968780070543289185e-02 5.952828750014305115e-02 6.244364008307456970e-02 6.245877593755722046e-02 6.372423470020294189e-02 6.442984193563461304e-02 6.544068455696105957e-02 6.660585850477218628e-02 6.782113015651702881e-02 6.893339008092880249e-02 6.988601386547088623e-02 7.122532278299331665e-02 7.261798530817031860e-02 7.393544167280197144e-02 7.542680203914642334e-02 7.676890492439270020e-02 7.802096009254455566e-02 7.919824123382568359e-02 8.038982003927230835e-02 8.187458664178848267e-02 8.312243223190307617e-02 8.424896746873855591e-02 8.533596992492675781e-02 8.579859137535095215e-02 8.659583330154418945e-02 8.777727931737899780e-02 8.932536095380783081e-02 9.025702625513076782e-02 9.083341062068939209e-02 9.236541390419006348e-02 9.452727437019348145e-02 9.668022394180297852e-02 9.886790812015533447e-02 1.012687757611274719e-01 1.038191393017768860e-01 1.061680763959884644e-01 1.084319129586219788e-01 1.106059998273849487e-01 1.128108203411102295e-01 1.153529584407806396e-01 1.177310869097709656e-01 1.195161640644073486e-01 1.203582212328910828e-01 1.192082688212394714e-01 1.153458207845687866e-01 1.092574745416641235e-01 1.037067845463752747e-01 9.947774559259414673e-02 9.549976885318756104e-02 9.096065908670425415e-02 8.733708411455154419e-02 8.490603417158126831e-02 8.289483189582824707e-02 8.151942491531372070e-02 8.172641694545745850e-02 8.249808102846145630e-02 8.601581305265426636e-02 8.990253508090972900e-02 8.969703316688537598e-02 8.629067987203598022e-02 8.706589043140411377e-02 1.425659358501434326e-01 1.612338721752166748e-01 1.583543270826339722e-01 1.543314456939697266e-01 1.491196602582931519e-01 1.474397182464599609e-01 1.436719298362731934e-01 1.413861662149429321e-01 1.493188887834548950e-01 1.518388986587524414e-01
0.000000000000000000e+00 0.000000000000000000e+00 0.000000000000000000e+00 0.000000000000000000e+00 0.000000000000000000e+00 0.000000000000000000e+00 0.000000000000000000e+00 0.000000000000000000e+00 4.896977268131763594e-10 6.110536307096481323e-02 9.414180368185043335e-02 6.046515703201293945e-02 4.697476699948310852e-02 4.463829100131988525e-02 4.448216408491134644e-02 4.467566311359405518e-02 4.547225683927536011e-02 4.601666331291198730e-02 4.637006297707557678e-02 4.660033807158470154e-02 4.679811745882034302e-02 4.731521010398864746e-02 4.803227260708808899e-02 4.868365079164505005e-02 4.932901635766029358e-02 5.003161728382110596e-02 5.070595070719718933e-02 5.100218951702117920e-02 5.143655836582183838e-02 5.236202850937843323e-02 5.289828777313232422e-02 5.319576337933540344e-02 5.402270704507827759e-02 5.493320524692535400e-02 5.550591647624969482e-02 5.579959973692893982e-02 5.706026405096054077e-02 5.739602074027061462e-02 5.867904797196388245e-02 5.936758220195770264e-02 5.946487188339233398e-02 6.171129271388053894e-02 6.201783195137977600e-02 6.357134878635406494e-02 6.408391892910003662e-02 6.527847051620483398e-02 6.663560867309570312e-02 6.815594434738159180e-02 6.947302818298339844e-02 7.050413638353347778e-02 7.185768336057662964e-02 7.336865365505218506e-02 7.474391162395477295e-02 7.624716311693191528e-02 7.775723189115524292e-02 7.901757210493087769e-02 8.004976809024810791e-02 8.122520893812179565e-02 8.269357681274414062e-02 8.412303030490875244e-02 8.528518676757812500e-02 8.574800938367843628e-02 8.612193912267684937e-02 8.783839643001556396e-02 8.938641846179962158e-02 9.098488837480545044e-02 9.213983267545700073e-02 9.346461296081542969e-02 9.588067233562469482e-02 9.850881248712539673e-02 1.008402258157730103e-01 1.031982600688934326e-01 1.055049300193786621e-01 1.076666116714477539e-01 1.098815426230430603e-01 1.120043247938156128e-01 1.138892397284507751e-01 1.159366220235824585e-01 1.183205470442771912e-01 1.203648149967193604e-01 1.216867119073867798e-01 1.219872534275054932e-01 1.196831762790679932e-01 1.146229058504104614e-01 1.083518192172050476e-01 1.030089110136032104e-01 9.889501333236694336e-02 9.471412748098373413e-02 8.978074043989181519e-02 8.628527075052261353e-02 8.404168486595153809e-02 8.247304707765579224e-02 8.173952996730804443e-02 8.200262486934661865e-02 8.230148255825042725e-02 8.592768013477325439e-02 9.032936394214630127e-02 9.011372923851013184e-02 8.771006762981414795e-02 8.884675800800323486e-02 1.405849009752273560e-01 1.616123467683792114e-01 1.612612903118133545e-01 1.575921922922134399e-01 1.510537117719650269e-01 1.483502238988876343e-01 1.447583436965942383e-01 1.429831385612487793e-01 1.493659913539886475e-01 1.517838984727859497e-01
0.000000000000000000e+00 0.000000000000000000e+00 0.000000000000000000e+00 0.000000000000000000e+00 0.000000000000000000e+00 0.000000000000000000e+00 0.000000000000000000e+00 0.000000000000000000e+00 5.106061848891840782e-07 5.666512995958328247e-02 8.966613560914993286e-02 5.846037715673446655e-02 4.526828974485397339e-02 4.284449666738510132e-02 4.235171526670455933e-02 4.388343542814254761e-02 4.546148702502250671e-02 4.596213623881340027e-02 4.621413722634315491e-02 4.647185280919075012e-02 4.673445597290992737e-02 4.724591597914695740e-02 4.787518829107284546e-02 4.853479191660881042e-02 4.938258975744247437e-02 5.016485229134559631e-02 5.068458989262580872e-02 5.092588439583778381e-02 5.159983783960342407e-02 5.262114480137825012e-02 5.313284695148468018e-02 5.350490286946296692e-02 5.454020947217941284e-02 5.517754331231117249e-02 5.550641566514968872e-02 5.595660209655761719e-02 5.668855831027030945e-02 5.684290826320648193e-02 5.857043340802192688e-02 5.892740190029144287e-02 5.984358862042427063e-02 6.118475273251533508e-02 6.158594787120819092e-02 6.346289068460464478e-02 6.429609656333923340e-02 6.588590145111083984e-02 6.774459779262542725e-02 6.965398043394088745e-02 7.121477276086807251e-02 7.248312234878540039e-02 7.400844991207122803e-02 7.548756897449493408e-02 7.677049189805984497e-02 7.823796570301055908e-02 7.982216775417327881e-02 8.097483962774276733e-02 8.188515901565551758e-02 8.291708678007125854e-02 8.392668515443801880e-02 8.508773893117904663e-02 8.557705581188201904e-02 8.586890995502471924e-02 8.715462684631347656e-02 8.914505690336227417e-02 9.118270874023437500e-02 9.303425997495651245e-02 9.496854245662689209e-02 9.740588814020156860e-02 1.000884547829627991e-01 1.024625301361083984e-01 1.049685776233673096e-01 1.078407391905784607e-01 1.100417599081993103e-01 1.116823256015777588e-01 1.134874224662780762e-01 1.152424588799476624e-01 1.167163029313087463e-01 1.184450164437294006e-01 1.206653416156768799e-01 1.225409582257270813e-01 1.233932450413703918e-01 1.226112321019172668e-01 1.190133839845657349e-01 1.133669912815093994e-01 1.074891313910484314e-01 1.024338304996490479e-01 9.841633588075637817e-02 9.398052096366882324e-02 8.923982828855514526e-02 8.598608523607254028e-02 8.383281528949737549e-02 8.245413005352020264e-02 8.221065998077392578e-02 8.239554613828659058e-02 8.264891803264617920e-02 8.747503906488418579e-02 9.262181818485260010e-02 9.135419875383377075e-02 8.873526006937026978e-02 9.082260727882385254e-02 1.406061351299285889e-01 1.611230373382568359e-01 1.622437536716461182e-01 1.595065593719482422e-01 1.528570353984832764e-01 1.491524577140808105e-01 1.458470523357391357e-01 1.442408412694931030e-01 1.495974808931350708e-01 1.517536640167236328e-01
0.000000000000000000e+00 0.000000000000000000e+00 0.000000000000000000e+00 0.000000000000000000e+00 0.000000000000000000e+00 0.000000000000000000e+00 0.000000000000000000e+00 0.000000000000000000e+00 2.005428854090496316e-07 5.370174720883369446e-02 8.420790731906890869e-02 5.444779992103576660e-02 4.322984442114830017e-02 4.171444103121757507e-02 4.123324528336524963e-02 4.329954832792282104e-02 4.513689130544662476e-02 4.583648592233657837e-02 4.630732163786888123e-02 4.647436738014221191e-02 4.656390845775604248e-02 4.702597483992576599e-02 4.760156199336051941e-02 4.848557338118553162e-02 4.947317391633987427e-02 5.024866014719009399e-02 5.084524676203727722e-02 5.126249045133590698e-02 5.193676427006721497e-02 5.292090401053428650e-02 5.357591062784194946e-02 5.383742600679397583e-02 5.475248396396636963e-02 5.528080835938453674e-02 5.548258125782012939e-02 5.627677962183952332e-02 5.687189847230911255e-02 5.688564106822013855e-02 5.830806121230125427e-02 5.853926762938499451e-02 6.041184067726135254e-02 6.124699860811233521e-02 6.199466437101364136e-02 6.457940489053726196e-02 6.580884009599685669e-02 6.763815134763717651e-02 6.983397156000137329e-02 7.198363542556762695e-02 7.385643571615219116e-02 7.535908371210098267e-02 7.679154723882675171e-02 7.811070233583450317e-02 7.941120117902755737e-02 8.076050877571105957e-02 8.193180710077285767e-02 8.268152922391891479e-02 8.360465615987777710e-02 8.462552726268768311e-02 8.542875200510025024e-02 8.599123358726501465e-02 8.617091178894042969e-02 8.729377388954162598e-02 8.944881707429885864e-02 9.131386876106262207e-02 9.334068745374679565e-02 9.506019204854965210e-02 9.722230583429336548e-02 9.996174275875091553e-02 1.021777242422103882e-01 1.039194092154502869e-01 1.063814312219619751e-01 1.094678491353988647e-01 1.121125295758247375e-01 1.142850071191787720e-01 1.160331144928932190e-01 1.175295338034629822e-01 1.189917176961898804e-01 1.204404979944229126e-01 1.220223233103752136e-01 1.233609020709991455e-01 1.236312612891197205e-01 1.216746717691421509e-01 1.173091530799865723e-01 1.115984618663787842e-01 1.063195317983627319e-01 1.014140769839286804e-01 9.745367616415023804e-02 9.341465681791305542e-02 8.927635103464126587e-02 8.609934151172637939e-02 8.378417789936065674e-02 8.237250149250030518e-02 8.248984813690185547e-02 8.294568210840225220e-02 8.305060863494873047e-02 8.901251107454299927e-02 9.560605138540267944e-02 9.362866729497909546e-02 9.026637673377990723e-02 9.278562664985656738e-02 1.418226957321166992e-01 1.600044518709182739e-01 1.622309684753417969e-01 1.594490259885787964e-01 1.534903496503829956e-01 1.494148224592208862e-01 1.468284875154495239e-01 1.451335251331329346e-01 1.494352817535400391e-01 1.511947512626647949e-01
0.000000000000000000e+00 0.000000000000000000e+00 0.000000000000000000e+00 0.000000000000000000e+00 0.000000000000000000e+00 0.000000000000000000e+00 0.000000000000000000e+00 0.000000000000000000e+00 1.066838492547184103e-10 6.059783697128295898e-02 7.916521281003952026e-02 4.912967979907989502e-02 4.159079864621162415e-02 4.101173579692840576e-02 4.002200067043304443e-02 4.231683537364006042e-02 4.327383264899253845e-02 4.394723102450370789e-02 4.483253508806228638e-02 4.539918899536132812e-02 4.598336666822433472e-02 4.663710668683052063e-02 4.728823900222778320e-02 4.858594387769699097e-02 4.980053752660751343e-02 5.060443654656410217e-02 5.100456252694129944e-02 5.142777413129806519e-02 5.220838263630867004e-02 5.293460935354232788e-02 5.322268232703208923e-02 5.392618477344512939e-02 5.521087348461151123e-02 5.576616525650024414e-02 5.556642636656761169e-02 5.617095157504081726e-02 5.603695660829544067e-02 5.668368935585021973e-02 5.799300596117973328e-02 5.907363444566726685e-02 6.093854829668998718e-02 6.178577244281768799e-02 6.354881823062896729e-02 6.695033609867095947e-02 6.911206990480422974e-02 7.065036892890930176e-02 7.207491993904113770e-02 7.359687983989715576e-02 7.488193362951278687e-02 7.612357288599014282e-02 7.729838043451309204e-02 7.827066630125045776e-02 7.917117327451705933e-02 7.997591793537139893e-02 8.054957538843154907e-02 8.097863197326660156e-02 8.167041838169097900e-02 8.265695720911026001e-02 8.384761959314346313e-02 8.517076820135116577e-02 8.713166415691375732e-02 9.016326814889907837e-02 9.350334852933883667e-02 9.580360352993011475e-02 9.774637222290039062e-02 9.952384233474731445e-02 1.014668792486190796e-01 1.035719960927963257e-01 1.050367429852485657e-01 1.064252480864524841e-01 1.083333715796470642e-01 1.101094037294387817e-01 1.118663027882575989e-01 1.139843463897705078e-01 1.157261282205581665e-01 1.175245717167854309e-01 1.198353618383407593e-01 1.221063360571861267e-01 1.239722520112991333e-01 1.251866519451141357e-01 1.251882165670394897e-01 1.222970113158226013e-01 1.168098673224449158e-01 1.105344966053962708e-01 1.053660288453102112e-01 1.010452061891555786e-01 9.774354100227355957e-02 9.375989437103271484e-02 8.998660743236541748e-02 8.687008172273635864e-02 8.405576646327972412e-02 8.268408477306365967e-02 8.315328508615493774e-02 8.387010544538497925e-02 8.387118577957153320e-02 8.996437489986419678e-02 9.677904844284057617e-02 9.436590224504470825e-02 9.003188461065292358e-02 9.234386682510375977e-02 1.421833634376525879e-01 1.585261821746826172e-01 1.613151431083679199e-01 1.577964723110198975e-01 1.521690487861633301e-01 1.488069444894790649e-01 1.471398174762725830e-01 1.449250429868698120e-01 1.485035270452499390e-01 1.509213000535964966e-01
0.000000000000000000e+00 0.000000000000000000e+00 0.000000000000000000e+00 0.000000000000000000e+00 0.000000000000000000e+00 0.000000000000000000e+00 0.000000000000000000e+00 0.000000000000000000e+00 4.914480555839872977e-08 7.331664860248565674e-02 7.708799093961715698e-02 4.713116213679313660e-02 4.102503880858421326e-02 4.053772240877151489e-02 3.943686187267303467e-02 4.146495461463928223e-02 4.243593290448188782e-02 4.378676041960716248e-02 4.448619112372398376e-02 4.503807425498962402e-02 4.532057046890258789e-02 4.631210863590240479e-02 4.790572449564933777e-02 4.938466101884841919e-02 5.044277384877204895e-02 5.117125809192657471e-02 5.174870416522026062e-02 5.229471251368522644e-02 5.285641551017761230e-02 5.342757329344749451e-02 5.388473346829414368e-02 5.443790927529335022e-02 5.510027706623077393e-02 5.534281209111213684e-02 5.506924167275428772e-02 5.606530234217643738e-02 5.650117620825767517e-02 5.787565186619758606e-02 6.050564348697662354e-02 6.257345527410507202e-02 6.410399824380874634e-02 6.555922329425811768e-02 6.716354936361312866e-02 6.869480013847351074e-02 7.016441971063613892e-02 7.144917547702789307e-02 7.219660282135009766e-02 7.290337234735488892e-02 7.334678620100021362e-02 7.399984449148178101e-02 7.450851052999496460e-02 7.498259842395782471e-02 7.536699622869491577e-02 7.595070451498031616e-02 7.654805481433868408e-02 7.702396810054779053e-02 7.757045328617095947e-02 7.911432534456253052e-02 8.229032158851623535e-02 8.691681176424026489e-02 9.126103669404983521e-02 9.450173377990722656e-02 9.715288877487182617e-02 9.910943359136581421e-02 1.017630174756050110e-01 1.050142794847488403e-01 1.083034574985504150e-01 1.105821803212165833e-01 1.114646643400192261e-01 1.117657870054244995e-01 1.133331283926963806e-01 1.149844303727149963e-01 1.153888106346130371e-01 1.158861890435218811e-01 1.169563457369804382e-01 1.184437125921249390e-01 1.203966066241264343e-01 1.231483668088912964e-01 1.262108534574508667e-01 1.279884278774261475e-01 1.279487013816833496e-01 1.246550604701042175e-01 1.184119954705238342e-01 1.116501390933990479e-01 1.061702892184257507e-01 1.016462072730064392e-01 9.844273328781127930e-02 9.416791796684265137e-02 9.035307914018630981e-02 8.752416074275970459e-02 8.450704067945480347e-02 8.323733508586883545e-02 8.360711485147476196e-02 8.462496101856231689e-02 8.521064370870590210e-02 9.077386558055877686e-02 9.596189856529235840e-02 9.291277825832366943e-02 8.870309591293334961e-02 8.998597413301467896e-02 1.411824077367782593e-01 1.569181829690933228e-01 1.593151986598968506e-01 1.550385504961013794e-01 1.501167416572570801e-01 1.476624459028244019e-01 1.463539302349090576e-01 1.433514952659606934e-01 1.472775340080261230e-01 1.510467827320098877e-01
0.000000000000000000e+00 0.000000000000000000e+00 0.000000000000000000e+00 0.000000000000000000e+00 0.000000000000000000e+00 0.000000000000000000e+00 0.000000000000000000e+00 1.970533958228770643e-08 3.800676763057708740e-02 8.343622088432312012e-02 6.894964724779129028e-02 4.674234241247177124e-02 4.130265116691589355e-02 3.967363014817237854e-02 3.808838501572608948e-02 3.964105620980262756e-02 4.141200333833694458e-02 4.245930165052413940e-02 4.335431382060050964e-02 4.488828033208847046e-02 4.633342847228050232e-02 4.743563756346702576e-02 4.767361655831336975e-02 4.860921949148178101e-02 5.037153139710426331e-02 5.220198258757591248e-02 5.303996428847312927e-02 5.389070883393287659e-02 5.444365367293357849e-02 5.487901344895362854e-02 5.493410676717758179e-02 5.585692450404167175e-02 5.745004117488861084e-02 5.833872780203819275e-02 5.944174528121948242e-02 6.037492305040359497e-02 6.146492436528205872e-02 6.225150823593139648e-02 6.365246325731277466e-02 6.301688402891159058e-02 6.497516483068466187e-02 6.617785990238189697e-02 6.764702498912811279e-02 6.872660666704177856e-02 6.944264471530914307e-02 7.027703523635864258e-02 7.116336375474929810e-02 7.230741530656814575e-02 7.285039126873016357e-02 7.383643090724945068e-02 7.483831048011779785e-02 7.633830606937408447e-02 7.768408209085464478e-02 7.925166189670562744e-02 8.099059015512466431e-02 8.280474692583084106e-02 8.406214416027069092e-02 8.518994599580764771e-02 8.678717911243438721e-02 8.900592476129531860e-02 9.060350805521011353e-02 9.225062280893325806e-02 9.387022256851196289e-02 9.587161988019943237e-02 9.867739677429199219e-02 1.005235165357589722e-01 1.023212745785713196e-01 1.056317910552024841e-01 1.094291359186172485e-01 1.121191233396530151e-01 1.150347366929054260e-01 1.173074766993522644e-01 1.177919730544090271e-01 1.176401227712631226e-01 1.178562939167022705e-01 1.177665442228317261e-01 1.184139698743820190e-01 1.212234571576118469e-01 1.254420280456542969e-01 1.283265650272369385e-01 1.292310655117034912e-01 1.271943300962448120e-01 1.223145052790641785e-01 1.156353205442428589e-01 1.089452728629112244e-01 1.040234044194221497e-01 1.006979197263717651e-01 9.644124656915664673e-02 9.241102635860443115e-02 8.919946849346160889e-02 8.627352118492126465e-02 8.534318953752517700e-02 8.509485423564910889e-02 8.529554307460784912e-02 8.585767447948455811e-02 9.061098843812942505e-02 9.424547851085662842e-02 9.118610620498657227e-02 8.813962340354919434e-02 8.767680078744888306e-02 1.394146233797073364e-01 1.557465195655822754e-01 1.567758768796920776e-01 1.522340923547744751e-01 1.480325460433959961e-01 1.462865173816680908e-01 1.449835747480392456e-01 1.411119848489761353e-01 1.453817337751388550e-01 1.504164189100265503e-01
0.000000000000000000e+00 0.000000000000000000e+00 0.000000000000000000e+00 0.000000000000000000e+00 0.000000000000000000e+00 0.000000000000000000e+00 0.000000000000000000e+00 1.479930414327590427e-11 7.970088720321655273e-02 1.259193718433380127e-01 7.095901668071746826e-02 4.547654092311859131e-02 4.436122998595237732e-02 4.496126249432563782e-02 4.389794915914535522e-02 4.486331716179847717e-02 4.677534475922584534e-02 4.794736951589584351e-02 5.068687722086906433e-02 5.079117417335510254e-02 5.145695805549621582e-02 5.329482257366180420e-02 5.377548933029174805e-02 5.542216449975967407e-02 5.661750957369804382e-02 5.670920386910438538e-02 5.684340745210647583e-02 5.947169661521911621e-02 6.296137720346450806e-02 6.257352977991104126e-02 6.215492635965347290e-02 6.272353976964950562e-02 6.099806353449821472e-02 6.081343069672584534e-02 6.243667006492614746e-02 6.162765249609947205e-02 6.432037055492401123e-02 6.568051874637603760e-02 6.598477065563201904e-02 6.768043339252471924e-02 7.006411254405975342e-02 7.154396921396255493e-02 7.097639143466949463e-02 6.992366909980773926e-02 7.039353251457214355e-02 7.148446887731552124e-02 7.265084981918334961e-02 7.423065602779388428e-02 7.556084543466567993e-02 7.734075188636779785e-02 7.906752079725265503e-02 8.112283796072006226e-02 8.295731246471405029e-02 8.503441512584686279e-02 8.754408359527587891e-02 9.095484763383865356e-02 9.471637755632400513e-02 9.783098101615905762e-02 9.991831332445144653e-02 1.011622846126556396e-01 1.014743223786354065e-01 1.015200391411781311e-01 1.009038388729095459e-01 1.006303131580352783e-01 1.013011708855628967e-01 1.018717288970947266e-01 1.028696820139884949e-01 1.046753451228141785e-01 1.065064296126365662e-01 1.081256344914436340e-01 1.098777949810028076e-01 1.129033118486404419e-01 1.177826896309852600e-01 1.207623630762100220e-01 1.209379583597183228e-01 1.197330951690673828e-01 1.178730577230453491e-01 1.176449060440063477e-01 1.207384318113327026e-01 1.250085979700088501e-01 1.270212680101394653e-01 1.257263273000717163e-01 1.221005916595458984e-01 1.171567812561988831e-01 1.115633025765419006e-01 1.071269065141677856e-01 1.033562645316123962e-01 9.869965165853500366e-02 9.464249014854431152e-02 9.110860526561737061e-02 8.797588199377059937e-02 8.655843883752822876e-02 8.587224781513214111e-02 8.529557287693023682e-02 8.587736636400222778e-02 8.929623663425445557e-02 9.173848479986190796e-02 8.983761817216873169e-02 8.872155100107192993e-02 8.719392865896224976e-02 1.399947255849838257e-01 1.556435078382492065e-01 1.544947326183319092e-01 1.496793329715728760e-01 1.459019184112548828e-01 1.446430981159210205e-01 1.430890262126922607e-01 1.393663436174392700e-01 1.433023661375045776e-01 1.485468894243240356e-01
0.000000000000000000e+00 0.000000000000000000e+00 0.000000000000000000e+00 0.000000000000000000e+00 0.000000000000000000e+00 0.000000000000000000e+00 0.000000000000000000e+00 3.700523221183971145e-09 3.220208734273910522e-02 6.758816540241241455e-02 6.907247006893157959e-02 5.034960061311721802e-02 6.491059809923171997e-02 6.424508988857269287e-02 5.484008789062500000e-02 5.062538012862205505e-02 5.020987987518310547e-02 5.080515146255493164e-02 5.178408697247505188e-02 5.263620242476463318e-02 5.362619832158088684e-02 5.341328680515289307e-02 5.344256758689880371e-02 5.535651743412017822e-02 5.727298185229301453e-02 5.685909837484359741e-02 5.612357705831527710e-02 5.826475843787193298e-02 6.287460029125213623e-02 6.558518856763839722e-02 6.593007594347000122e-02 6.549228727817535400e-02 6.484614312648773193e-02 6.257287412881851196e-02 6.432399898767471313e-02 6.654752045869827271e-02 6.321056932210922241e-02 6.479806452989578247e-02 6.745789945125579834e-02 6.543304026126861572e-02 6.756601482629776001e-02 7.434668391942977905e-02 7.295323163270950317e-02 7.265614718198776245e-02 7.254243642091751099e-02 7.268641144037246704e-02 7.369829714298248291e-02 7.546429336071014404e-02 7.620513439178466797e-02 7.719325274229049683e-02 7.787962257862091064e-02 7.935108989477157593e-02 8.028580993413925171e-02 8.113086223602294922e-02 8.186080306768417358e-02 8.270449191331863403e-02 8.387729525566101074e-02 8.561309427022933960e-02 8.675969392061233521e-02 8.774904906749725342e-02 8.888500928878784180e-02 9.069503098726272583e-02 9.301096200942993164e-02 9.506398439407348633e-02 9.659896045923233032e-02 9.792023152112960815e-02 9.855038672685623169e-02 9.906093031167984009e-02 1.002025827765464783e-01 1.023340523242950439e-01 1.058357656002044678e-01 1.116998791694641113e-01 1.189443618059158325e-01 1.235990598797798157e-01 1.260288357734680176e-01 1.273800283670425415e-01 1.270357370376586914e-01 1.249625533819198608e-01 1.234325617551803589e-01 1.242421418428421021e-01 1.255928426980972290e-01 1.248613148927688599e-01 1.228788271546363831e-01 1.188038513064384460e-01 1.133876740932464600e-01 1.091339141130447388e-01 1.046695485711097717e-01 1.003021225333213806e-01 9.667814522981643677e-02 9.286168217658996582e-02 8.910719305276870728e-02 8.714933693408966064e-02 8.621371537446975708e-02 8.491717278957366943e-02 8.578301966190338135e-02 8.865567296743392944e-02 9.081232547760009766e-02 9.077546745538711548e-02 8.936514705419540405e-02 8.784148842096328735e-02 1.442682147026062012e-01 1.554826349020004272e-01 1.514531522989273071e-01 1.470550447702407837e-01 1.435621082782745361e-01 1.423285901546478271e-01 1.401334106922149658e-01 1.371964663267135620e-01 1.432909369468688965e-01 1.488848626613616943e-01
0.000000000000000000e+00 0.000000000000000000e+00 0.000000000000000000e+00 0.000000000000000000e+00 0.000000000000000000e+00 0.000000000000000000e+00 0.000000000000000000e+00 0.000000000000000000e+00 2.454706430494147063e-22 7.552009550799257603e-22 5.784008862974587828e-06 6.256871856749057770e-03 4.525622352957725525e-02 5.765295773744583130e-02 4.502633213996887207e-02 4.426715150475502014e-02 4.506226629018783569e-02 4.939287528395652771e-02 5.265616998076438904e-02 5.433015897870063782e-02 5.587404593825340271e-02 5.783006548881530762e-02 6.032908707857131958e-02 6.222334876656532288e-02 6.307455152273178101e-02 6.651120632886886597e-02 7.312865555286407471e-02 7.787273824214935303e-02 7.943805307149887085e-02 7.620255649089813232e-02 6.878510862588882446e-02 6.232529506087303162e-02 6.086485832929611206e-02 6.211635097861289978e-02 6.152884289622306824e-02 6.373447924852371216e-02 6.416831165552139282e-02 6.293147057294845581e-02 6.400387734174728394e-02 6.416902691125869751e-02 6.441964954137802124e-02 6.903064250946044922e-02 6.815856695175170898e-02 6.875382363796234131e-02 6.952826678752899170e-02 6.975615024566650391e-02 7.067105174064636230e-02 7.232519239187240601e-02 7.306465506553649902e-02 7.497739791870117188e-02 7.529907673597335815e-02 7.795288413763046265e-02 7.973759621381759644e-02 8.115639537572860718e-02 8.221473544836044312e-02 8.139747381210327148e-02 8.009971678256988525e-02 8.135467767715454102e-02 8.386375755071640015e-02 8.533988147974014282e-02 8.627448976039886475e-02 8.752315491437911987e-02 8.915807306766510010e-02 9.091055393218994141e-02 9.190565347671508789e-02 9.268086403608322144e-02 9.256942570209503174e-02 9.286800771951675415e-02 9.309206157922744751e-02 9.491922706365585327e-02 9.893003106117248535e-02 1.056476980447769165e-01 1.129533350467681885e-01 1.185951009392738342e-01 1.227988451719284058e-01 1.265149265527725220e-01 1.296802461147308350e-01 1.281431168317794800e-01 1.259355843067169189e-01 1.248372346162796021e-01 1.248077899217605591e-01 1.240045353770256042e-01 1.235587224364280701e-01 1.215097904205322266e-01 1.166427507996559143e-01 1.118686571717262268e-01 1.059597358107566833e-01 1.008371189236640930e-01 9.685008227825164795e-02 9.396789222955703735e-02 9.138891845941543579e-02 8.934711664915084839e-02 8.715964853763580322e-02 8.462315052747726440e-02 8.457291871309280396e-02 8.855104446411132812e-02 9.233877807855606079e-02 9.244436770677566528e-02 8.885100483894348145e-02 9.133094549179077148e-02 1.481560766696929932e-01 1.533657759428024292e-01 1.485328227281570435e-01 1.454874575138092041e-01 1.417350620031356812e-01 1.400426626205444336e-01 1.374251544475555420e-01 1.343409419059753418e-01 1.448303759098052979e-01 1.517699509859085083e-01
0.000000000000000000e+00 0.000000000000000000e+00 0.000000000000000000e+00 0.000000000000000000e+00 0.000000000000000000e+00 0.000000000000000000e+00 0.000000000000000000e+00 0.000000000000000000e+00 0.000000000000000000e+00 0.000000000000000000e+00 0.000000000000000000e+00 9.904084925088661359e-23 1.091564172384096310e-06 7.388137213126810821e-09 1.158248839822409709e-15 8.345329981380792415e-22 8.747050266062009479e-22 8.544451600504038672e-22 8.378845336473395069e-22 8.019950227743836953e-22 7.958560945881792979e-22 8.167117593866972208e-22 7.834339460898747173e-22 7.589029215359469245e-22 3.079269663430750370e-04 1.176372263580560684e-02 2.473193593323230743e-02 3.647887706756591797e-02 4.732661321759223938e-02 5.083316192030906677e-02 5.144678428769111633e-02 5.440849065780639648e-02 5.543636530637741089e-02 6.150907650589942932e-02 6.771688163280487061e-02 7.020445168018341064e-02 8.027124404907226562e-02 8.307250589132308960e-02 7.609417289495468140e-02 8.469275385141372681e-02 9.502334147691726685e-02 1.034001410007476807e-01 1.074166744947433472e-01 1.067596822977066040e-01 1.030071750283241272e-01 9.855598956346511841e-02 9.491777420043945312e-02 9.276109933853149414e-02 8.945500105619430542e-02 8.754257857799530029e-02 8.802504837512969971e-02 8.979848027229309082e-02 8.952099084854125977e-02 8.840073645114898682e-02 8.807653188705444336e-02 8.749014139175415039e-02 8.779098093509674072e-02 8.840553462505340576e-02 8.833883702754974365e-02 8.794616907835006714e-02 8.723269402980804443e-02 8.630736917257308960e-02 8.628178387880325317e-02 8.641284704208374023e-02 8.684209734201431274e-02 8.695250004529953003e-02 8.636139333248138428e-02 8.681791275739669800e-02 8.598665148019790649e-02 8.724758774042129517e-02 8.930488675832748413e-02 9.508619457483291626e-02 1.023265123367309570e-01 1.090921610593795776e-01 1.155898794531822205e-01 1.205392926931381226e-01 1.255213171243667603e-01 1.293868273496627808e-01 1.299322843551635742e-01 1.298580914735794067e-01 1.281922906637191772e-01 1.238809600472450256e-01 1.210072040557861328e-01 1.180993244051933289e-01 1.131690889596939087e-01 1.104414239525794983e-01 1.066220775246620178e-01 1.027594581246376038e-01 9.884309768676757812e-02 9.605729579925537109e-02 9.261967986822128296e-02 9.039396792650222778e-02 8.855840563774108887e-02 8.631858229637145996e-02 8.364985138177871704e-02 8.640784025192260742e-02 9.327159821987152100e-02 9.376496821641921997e-02 9.004891663789749146e-02 9.970987588167190552e-02 1.503769010305404663e-01 1.505995839834213257e-01 1.465145349502563477e-01 1.434347033500671387e-01 1.391390711069107056e-01 1.370152384042739868e-01 1.334438025951385498e-01 1.286130994558334351e-01 1.442658603191375732e-01 1.524117439985275269e-01
0.000000000000000000e+00 0.000000000000000000e+00 0.000000000000000000e+00 0.000000000000000000e+00 0.000000000000000000e+00 0.000000000000000000e+00 0.000000000000000000e+00 0.000000000000000000e+00 0.000000000000000000e+00 0.000000000000000000e+00 0.000000000000000000e+00 0.000000000000000000e+00 0.000000000000000000e+00 0.000000000000000000e+00 0.000000000000000000e+00 0.000000000000000000e+00 0.000000000000000000e+00 0.000000000000000000e+00 0.000000000000000000e+00 0.000000000000000000e+00 0.000000000000000000e+00 0.000000000000000000e+00 0.000000000000000000e+00 0.000000000000000000e+00 0.000000000000000000e+00 1.497356826603686495e-22 3.890247233040501225e-22 5.714039877152180655e-22 8.192813507231534523e-22 8.184257458744635011e-22 9.283311093673032195e-22 9.580451898822482470e-22 8.560835673525627328e-22 7.861123371223790308e-22 7.239375769906756326e-22 9.077243964486985643e-22 3.940465301275253296e-02 6.116299331188201904e-02 7.878302782773971558e-02 1.328843981027603149e-01 1.822268813848495483e-01 2.059658020734786987e-01 2.179371565580368042e-01 2.220054864883422852e-01 2.214010953903198242e-01 2.196210175752639771e-01 2.165112197399139404e-01 2.153589874505996704e-01 2.148758322000503540e-01 2.134033292531967163e-01 2.112798690795898438e-01 2.088603675365447998e-01 2.042074948549270630e-01 1.976767629384994507e-01 1.887827515602111816e-01 1.780580133199691772e-01 1.654726266860961914e-01 1.534825563430786133e-01 1.436291933059692383e-01 1.372823864221572876e-01 1.284600347280502319e-01 1.195996701717376709e-01 1.135588139295578003e-01 1.066974774003028870e-01 9.971363842487335205e-02 9.447892010211944580e-02 9.311823546886444092e-02 9.524959325790405273e-02 9.726772457361221313e-02 9.871783852577209473e-02 9.980650246143341064e-02 1.055903509259223938e-01 1.092026084661483765e-01 1.112752854824066162e-01 1.131613850593566895e-01 1.177477985620498657e-01 1.230956837534904480e-01 1.278783828020095825e-01 1.297731995582580566e-01 1.316641271114349365e-01 1.343601644039154053e-01 1.335641294717788696e-01 1.287605464458465576e-01 1.232340559363365173e-01 1.168249770998954773e-01 1.114846691489219666e-01 1.081300973892211914e-01 1.060622259974479675e-01 1.023044288158416748e-01 9.929753094911575317e-02 9.635294228792190552e-02 9.435293823480606079e-02 9.274081885814666748e-02 9.010533243417739868e-02 8.714053779840469360e-02 8.882362395524978638e-02 9.669313579797744751e-02 9.865890443325042725e-02 9.721715748310089111e-02 1.113378778100013733e-01 1.505227684974670410e-01 1.450954526662826538e-01 1.385877877473831177e-01 1.346764415502548218e-01 1.307963132858276367e-01 1.295849978923797607e-01 1.262643486261367798e-01 1.181955412030220032e-01 1.420069634914398193e-01 1.465733498334884644e-01
0.000000000000000000e+00 0.000000000000000000e+00 0.000000000000000000e+00 0.000000000000000000e+00 0.000000000000000000e+00 0.000000000000000000e+00 0.000000000000000000e+00 0.000000000000000000e+00 0.000000000000000000e+00 0.000000000000000000e+00 0.000000000000000000e+00 0.000000000000000000e+00 0.000000000000000000e+00 0.000000000000000000e+00 0.000000000000000000e+00 0.000000000000000000e+00 0.000000000000000000e+00 0.000000000000000000e+00 0.000000000000000000e+00 0.000000000000000000e+00 0.000000000000000000e+00 0.000000000000000000e+00 0.000000000000000000e+00 0.000000000000000000e+00 0.000000000000000000e+00 0.000000000000000000e+00 0.000000000000000000e+00 0.000000000000000000e+00 0.000000000000000000e+00 0.000000000000000000e+00 0.000000000000000000e+00 0.000000000000000000e+00 0.000000000000000000e+00 0.000000000000000000e+00 0.000000000000000000e+00 0.000000000000000000e+00 5.775024252488792788e-22 7.861123371223790308e-22 3.623656183481216431e-02 1.282529085874557495e-01 2.285705208778381348e-01 2.758047282695770264e-01 2.992795109748840332e-01 3.089390397071838379e-01 3.116238713264465332e-01 3.116930723190307617e-01 3.106293678283691406e-01 3.104539513587951660e-01 3.107223510742187500e-01 3.111093044281005859e-01 3.080157935619354248e-01 3.010428249835968018e-01 2.908336818218231201e-01 2.791258096694946289e-01 2.643628120422363281e-01 2.483847588300704956e-01 2.301681488752365112e-01 2.093241661787033081e-01 1.882794648408889771e-01 1.744726747274398804e-01 1.680763065814971924e-01 1.661138981580734253e-01 1.566658914089202881e-01 1.450122743844985962e-01 1.327098160982131958e-01 1.242452859878540039e-01 1.143317446112632751e-01 1.056721955537796021e-01 1.070220470428466797e-01 1.093055829405784607e-01 1.121484562754631042e-01 1.173921301960945129e-01 1.198177337646484375e-01 1.218186914920806885e-01 1.230619996786117554e-01 1.237765327095985413e-01 1.237165629863739014e-01 1.230608075857162476e-01 1.236771866679191589e-01 1.261707097291946411e-01 1.299213021993637085e-01 1.319478452205657959e-01 1.293605715036392212e-01 1.261053979396820068e-01 1.235841438174247742e-01 1.192167401313781738e-01 1.148461028933525085e-01 1.113206893205642700e-01 1.082623898983001709e-01 1.063792333006858826e-01 1.035561636090278625e-01 1.013656705617904663e-01 1.010805144906044006e-01 1.000462621450424194e-01 9.793549031019210815e-02 1.015935912728309631e-01 1.078350692987442017e-01 1.120548844337463379e-01 1.090847402811050415e-01 1.222397610545158386e-01 1.436456590890884399e-01 1.327309310436248779e-01 1.261512786149978638e-01 1.230128780007362366e-01 1.173508912324905396e-01 1.147595942020416260e-01 1.114693954586982727e-01 1.009033024311065674e-01 1.416893452405929565e-01 1.408888995647430420e-01
0.000000000000000000e+00 0.000000000000000000e+00 0.000000000000000000e+00 0.000000000000000000e+00 0.000000000000000000e+00 0.000000000000000000e+00 0.000000000000000000e+00 0.000000000000000000e+00 0.000000000000000000e+00 0.000000000000000000e+00 0.000000000000000000e+00 0.000000000000000000e+00 0.000000000000000000e+00 0.000000000000000000e+00 0.000000000000000000e+00 0.000000000000000000e+00 0.000000000000000000e+00 0.000000000000000000e+00 0.000000000000000000e+00 0.000000000000000000e+00 0.000000000000000000e+00 0.000000000000000000e+00 0.000000000000000000e+00 0.000000000000000000e+00 0.000000000000000000e+00 0.000000000000000000e+00 0.000000000000000000e+00 0.000000000000000000e+00 0.000000000000000000e+00 0.000000000000000000e+00 0.000000000000000000e+00 0.000000000000000000e+00 0.000000000000000000e+00 0.000000000000000000e+00 0.000000000000000000e+00 0.000000000000000000e+00 0.000000000000000000e+00 5.385803563514111283e-22 7.247465848922729492e-02 1.067321747541427612e-01 1.605060100555419922e-01 1.994201391935348511e-01 2.221264541149139404e-01 2.355188727378845215e-01 2.457166612148284912e-01 2.544394731521606445e-01 2.650383114814758301e-01 2.758905291557312012e-01 2.856915891170501709e-01 2.949043810367584229e-01 3.008108735084533691e-01 3.021326661109924316e-01 2.997369468212127686e-01 2.948897778987884521e-01 2.872886061668395996e-01 2.767213881015777588e-01 2.642675340175628662e-01 2.489495724439620972e-01 2.307499796152114868e-01 2.090839743614196777e-01 1.867491602897644043e-01 1.720148772001266479e-01 1.600303500890731812e-01 1.575872600078582764e-01 1.572032272815704346e-01 1.537395119667053223e-01 1.479617208242416382e-01 1.381773799657821655e-01 1.271858364343643188e-01 1.149641573429107666e-01 1.105446666479110718e-01 1.104921922087669373e-01 1.136921271681785583e-01 1.224349886178970337e-01 1.251524388790130615e-01 1.256813555955886841e-01 1.275341361761093140e-01 1.275551468133926392e-01 1.284693181514739990e-01 1.283113211393356323e-01 1.257516741752624512e-01 1.224000304937362671e-01 1.214632615447044373e-01 1.215443313121795654e-01 1.220627799630165100e-01 1.213723272085189819e-01 1.191224679350852966e-01 1.160951778292655945e-01 1.141737699508666992e-01 1.141369789838790894e-01 1.153201460838317871e-01 1.163888573646545410e-01 1.169964522123336792e-01 1.161365881562232971e-01 1.136724278330802917e-01 1.158182173967361450e-01 1.195335090160369873e-01 1.261027306318283081e-01 1.218429580330848694e-01 1.305531114339828491e-01 1.331958919763565063e-01 1.182874590158462524e-01 1.136147156357765198e-01 1.130202859640121460e-01 1.082005277276039124e-01 1.050502732396125793e-01 1.012947857379913330e-01 9.138149023056030273e-02 1.410857290029525757e-01 1.418642848730087280e-01
0.000000000000000000e+00 0.000000000000000000e+00 0.000000000000000000e+00 0.000000000000000000e+00 0.000000000000000000e+00 0.000000000000000000e+00 0.000000000000000000e+00 0.000000000000000000e+00 0.000000000000000000e+00 0.000000000000000000e+00 0.000000000000000000e+00 0.000000000000000000e+00 0.000000000000000000e+00 0.000000000000000000e+00 0.000000000000000000e+00 0.000000000000000000e+00 0.000000000000000000e+00 0.000000000000000000e+00 0.000000000000000000e+00 0.000000000000000000e+00 0.000000000000000000e+00 0.000000000000000000e+00 0.000000000000000000e+00 0.000000000000000000e+00 0.000000000000000000e+00 0.000000000000000000e+00 0.000000000000000000e+00 0.000000000000000000e+00 0.000000000000000000e+00 0.000000000000000000e+00 0.000000000000000000e+00 0.000000000000000000e+00 0.000000000000000000e+00 0.000000000000000000e+00 0.000000000000000000e+00 0.000000000000000000e+00 2.620374541219759993e-22 4.868470877408981323e-02 1.247014924883842468e-01 1.343870759010314941e-01 1.305247247219085693e-01 1.416379213333129883e-01 1.533885151147842407e-01 1.684250086545944214e-01 1.840146929025650024e-01 1.997648626565933228e-01 2.152463495731353760e-01 2.302450984716415405e-01 2.461678981781005859e-01 2.616002261638641357e-01 2.746895849704742432e-01 2.845529019832611084e-01 2.913678288459777832e-01 2.956841886043548584e-01 2.967846095561981201e-01 2.945776879787445068e-01 2.887927591800689697e-01 2.791261374950408936e-01 2.622096240520477295e-01 2.409617900848388672e-01 2.151618152856826782e-01 1.901625096797943115e-01 1.720898002386093140e-01 1.634319424629211426e-01 1.631281524896621704e-01 1.651893407106399536e-01 1.660830527544021606e-01 1.625223606824874878e-01 1.561113744974136353e-01 1.479553282260894775e-01 1.404420137405395508e-01 1.337737888097763062e-01 1.274246722459793091e-01 1.272919178009033203e-01 1.291860938072204590e-01 1.301612406969070435e-01 1.354465484619140625e-01 1.408061534166336060e-01 1.422985345125198364e-01 1.393017023801803589e-01 1.344017684459686279e-01 1.281664967536926270e-01 1.250665634870529175e-01 1.229425370693206787e-01 1.203365474939346313e-01 1.199088320136070251e-01 1.209172904491424561e-01 1.224700286984443665e-01 1.240232661366462708e-01 1.245202124118804932e-01 1.254588514566421509e-01 1.263591200113296509e-01 1.281696408987045288e-01 1.289891302585601807e-01 1.291985809803009033e-01 1.287162750959396362e-01 1.237461641430854797e-01 1.196947023272514343e-01 1.129346340894699097e-01 1.166860014200210571e-01 1.201666370034217834e-01 1.100310385227203369e-01 1.030928343534469604e-01 1.008461043238639832e-01 9.619327634572982788e-02 9.429486840963363647e-02 9.242515265941619873e-02 9.050258249044418335e-02 1.359126269817352295e-01 1.463251709938049316e-01
0.000000000000000000e+00 0.000000000000000000e+00 0.000000000000000000e+00 0.000000000000000000e+00 0.000000000000000000e+00 0.000000000000000000e+00 0.000000000000000000e+00 0.000000000000000000e+00 0.000000000000000000e+00 0.000000000000000000e+00 0.000000000000000000e+00 0.000000000000000000e+00 0.000000000000000000e+00 0.000000000000000000e+00 0.000000000000000000e+00 0.000000000000000000e+00 0.000000000000000000e+00 0.000000000000000000e+00 0.000000000000000000e+00 0.000000000000000000e+00 0.000000000000000000e+00 0.000000000000000000e+00 0.000000000000000000e+00 0.000000000000000000e+00 0.000000000000000000e+00 0.000000000000000000e+00 0.000000000000000000e+00 0.000000000000000000e+00 0.000000000000000000e+00 0.000000000000000000e+00 0.000000000000000000e+00 0.000000000000000000e+00 0.000000000000000000e+00 0.000000000000000000e+00 0.000000000000000000e+00 0.000000000000000000e+00 5.385803563514111283e-22 7.689783722162246704e-02 1.400540322065353394e-01 1.216996088624000549e-01 1.214216351509094238e-01 1.279993802309036255e-01 1.391567736864089966e-01 1.559893041849136353e-01 1.787900924682617188e-01 2.033438980579376221e-01 2.278919667005538940e-01 2.521119713783264160e-01 2.745851278305053711e-01 2.928134202957153320e-01 3.068645894527435303e-01 3.178200423717498779e-01 3.260261714458465576e-01 3.311453163623809814e-01 3.315457999706268311e-01 3.286580443382263184e-01 3.227622210979461670e-01 3.152287900447845459e-01 3.010114431381225586e-01 2.753697633743286133e-01 2.428606748580932617e-01 2.132372707128524780e-01 1.943246126174926758e-01 1.815884262323379517e-01 1.740228235721588135e-01 1.717204600572586060e-01 1.727815270423889160e-01 1.750049740076065063e-01 1.774311065673828125e-01 1.761250197887420654e-01 1.711178869009017944e-01 1.663312464952468872e-01 1.619888842105865479e-01 1.610005646944046021e-01 1.609875559806823730e-01 1.598007529973983765e-01 1.571944802999496460e-01 1.542300283908843994e-01 1.486891359090805054e-01 1.442094892263412476e-01 1.395742297172546387e-01 1.320504546165466309e-01 1.273582428693771362e-01 1.261537969112396240e-01 1.254935115575790405e-01 1.263705343008041382e-01 1.276799291372299194e-01 1.286356598138809204e-01 1.284635066986083984e-01 1.288641393184661865e-01 1.303736865520477295e-01 1.333915442228317261e-01 1.376257836818695068e-01 1.401222497224807739e-01 1.416438668966293335e-01 1.427738219499588013e-01 1.374832689762115479e-01 1.306840032339096069e-01 1.226499751210212708e-01 1.116768494248390198e-01 9.457655996084213257e-02 8.534547686576843262e-02 8.655012398958206177e-02 9.205487370491027832e-02 9.792830049991607666e-02 1.062847226858139038e-01 1.115958094596862793e-01 1.115245893597602844e-01 1.346618533134460449e-01 1.499826014041900635e-01
0.000000000000000000e+00 0.000000000000000000e+00 0.000000000000000000e+00 0.000000000000000000e+00 0.000000000000000000e+00 0.000000000000000000e+00 0.000000000000000000e+00 0.000000000000000000e+00 0.000000000000000000e+00 0.000000000000000000e+00 0.000000000000000000e+00 0.000000000000000000e+00 0.000000000000000000e+00 0.000000000000000000e+00 0.000000000000000000e+00 0.000000000000000000e+00 0.000000000000000000e+00 0.000000000000000000e+00 0.000000000000000000e+00 0.000000000000000000e+00 0.000000000000000000e+00 0.000000000000000000e+00 0.000000000000000000e+00 0.000000000000000000e+00 0.000000000000000000e+00 0.000000000000000000e+00 0.000000000000000000e+00 0.000000000000000000e+00 0.000000000000000000e+00 0.000000000000000000e+00 0.000000000000000000e+00 0.000000000000000000e+00 0.000000000000000000e+00 0.000000000000000000e+00 0.000000000000000000e+00 0.000000000000000000e+00 6.082292264612853161e-22 7.338093221187591553e-02 1.272214204072952271e-01 1.067838072776794434e-01 1.135395541787147522e-01 1.274795234203338623e-01 1.423488706350326538e-01 1.570085138082504272e-01 1.769569218158721924e-01 2.030968964099884033e-01 2.320066690444946289e-01 2.607707381248474121e-01 2.879734933376312256e-01 3.104608654975891113e-01 3.277954161167144775e-01 3.408657908439636230e-01 3.500902354717254639e-01 3.550868630409240723e-01 3.555874228477478027e-01 3.522249162197113037e-01 3.452247977256774902e-01 3.347542285919189453e-01 3.202547132968902588e-01 3.035210371017456055e-01 2.863720059394836426e-01 2.721965909004211426e-01 2.623510360717773438e-01 2.548218369483947754e-01 2.476993948221206665e-01 2.380186319351196289e-01 2.272543162107467651e-01 2.183499038219451904e-01 2.131831198930740356e-01 2.114010155200958252e-01 2.131876647472381592e-01 2.155400663614273071e-01 2.153199762105941772e-01 2.153505533933639526e-01 2.133718281984329224e-01 1.945120096206665039e-01 1.648395359516143799e-01 1.461295634508132935e-01 1.320379376411437988e-01 1.253290325403213501e-01 1.257498413324356079e-01 1.268211901187896729e-01 1.280823647975921631e-01 1.289975196123123169e-01 1.279169172048568726e-01 1.267392337322235107e-01 1.265362501144409180e-01 1.281103193759918213e-01 1.272722333669662476e-01 1.293846815824508667e-01 1.333092749118804932e-01 1.353184580802917480e-01 1.412831097841262817e-01 1.471181660890579224e-01 1.502348184585571289e-01 1.537016183137893677e-01 1.549050658941268921e-01 1.496464312076568604e-01 1.362441480159759521e-01 1.245987489819526672e-01 1.079635098576545715e-01 9.773977845907211304e-02 9.864652901887893677e-02 9.899824857711791992e-02 9.784515947103500366e-02 1.005414500832557678e-01 1.045206189155578613e-01 1.095014363527297974e-01 1.339304298162460327e-01 1.635826677083969116e-01
nan nan nan nan nan nan nan nan nan nan nan nan nan nan nan nan nan nan nan nan nan nan nan nan nan nan nan nan nan nan nan nan nan nan nan nan nan nan nan nan nan nan nan nan nan nan nan nan nan nan nan nan nan nan nan nan nan nan nan nan nan nan nan nan nan nan nan nan nan nan nan nan nan nan nan nan nan nan nan nan nan nan nan nan nan nan nan nan nan nan nan nan nan nan nan nan nan nan nan nan nan nan nan nan nan nan nan nan nan nan
