nan nan nan nan nan nan nan nan nan nan nan nan nan nan nan nan nan nan nan nan nan nan nan nan nan nan nan nan nan nan nan nan nan nan nan nan nan nan nan nan nan nan nan nan nan nan nan nan nan nan nan nan nan nan nan nan nan nan nan nan nan nan nan nan nan nan nan nan nan nan nan nan nan nan nan nan nan nan nan nan nan nan nan nan nan nan nan nan nan nan nan nan nan nan nan nan nan nan nan nan nan nan nan nan nan nan nan nan nan nan
0.000000000000000000e+00 0.000000000000000000e+00 0.000000000000000000e+00 0.000000000000000000e+00 0.000000000000000000e+00 0.000000000000000000e+00 0.000000000000000000e+00 0.000000000000000000e+00 0.000000000000000000e+00 0.000000000000000000e+00 0.000000000000000000e+00 0.000000000000000000e+00 0.000000000000000000e+00 0.000000000000000000e+00 0.000000000000000000e+00 0.000000000000000000e+00 0.000000000000000000e+00 0.000000000000000000e+00 0.000000000000000000e+00 0.000000000000000000e+00 0.000000000000000000e+00 0.000000000000000000e+00 0.000000000000000000e+00 0.000000000000000000e+00 0.000000000000000000e+00 0.000000000000000000e+00 0.000000000000000000e+00 0.000000000000000000e+00 0.000000000000000000e+00 0.000000000000000000e+00 0.000000000000000000e+00 0.000000000000000000e+00 0.000000000000000000e+00 0.000000000000000000e+00 0.000000000000000000e+00 0.000000000000000000e+00 1.795267812432122149e-22 2.414030022919178009e-02 3.315719589591026306e-02 1.976964250206947327e-02 2.037532627582550049e-02 2.418787404894828796e-02 2.997411228716373444e-02 3.437449410557746887e-02 3.702614083886146545e-02 3.948340564966201782e-02 4.241674020886421204e-02 4.583349078893661499e-02 5.051095411181449890e-02 5.259913206100463867e-02 5.027318000793457031e-02 4.865882918238639832e-02 5.053681507706642151e-02 5.394464731216430664e-02 5.599994584918022156e-02 5.680903047323226929e-02 5.883242189884185791e-02 5.972532182931900024e-02 5.519868433475494385e-02 4.698815941810607910e-02 4.325765371322631836e-02 4.343916103243827820e-02 3.728414326906204224e-02 2.924215979874134064e-02 2.488809823989868164e-02 2.206366509199142456e-02 2.065966278314590454e-02 2.022897079586982727e-02 2.085505239665508270e-02 2.254257723689079285e-02 2.500506117939949036e-02 2.581379190087318420e-02 2.544990554451942444e-02 2.530511841177940369e-02 2.496572025120258331e-02 2.303075417876243591e-02 2.056499011814594269e-02 1.930857077240943909e-02 1.887826435267925262e-02 1.910879649221897125e-02 1.912575401365756989e-02 1.899193972349166870e-02 1.904020644724369049e-02 1.922404021024703979e-02 1.924301870167255402e-02 1.983813941478729248e-02 2.007122896611690521e-02 2.072559855878353119e-02 2.084770612418651581e-02 2.017913199961185455e-02 1.932276226580142975e-02 1.833186112344264984e-02 1.831451244652271271e-02 1.872538402676582336e-02 1.947996765375137329e-02 2.043602243065834045e-02 2.033876255154609680e-02 1.991158910095691681e-02 1.916726306080818176e-02 1.665977574884891510e-02 1.494581624865531921e-02 1.550249289721250534e-02 1.704756915569305420e-02 1.831159554421901703e-02 1.877557858824729919e-02 1.953012309968471527e-02 1.861521974205970764e-02 1.886767148971557617e-02 3.065109066665172577e-02 3.644168004393577576e-02
0.000000000000000000e+00 0.000000000000000000e+00 0.000000000000000000e+00 0.000000000000000000e+00 0.000000000000000000e+00 0.000000000000000000e+00 0.000000000000000000e+00 0.000000000000000000e+00 0.000000000000000000e+00 0.000000000000000000e+00 0.000000000000000000e+00 0.000000000000000000e+00 0.000000000000000000e+00 0.000000000000000000e+00 0.000000000000000000e+00 0.000000000000000000e+00 0.000000000000000000e+00 0.000000000000000000e+00 0.000000000000000000e+00 0.000000000000000000e+00 0.000000000000000000e+00 0.000000000000000000e+00 0.000000000000000000e+00 0.000000000000000000e+00 0.000000000000000000e+00 0.000000000000000000e+00 0.000000000000000000e+00 0.000000000000000000e+00 0.000000000000000000e+00 0.000000000000000000e+00 0.000000000000000000e+00 0.000000000000000000e+00 0.000000000000000000e+00 0.000000000000000000e+00 0.000000000000000000e+00 0.000000000000000000e+00 1.296749119752748687e-22 1.856885850429534912e-02 2.715023979544639587e-02 1.637326367199420929e-02 1.671424508094787598e-02 1.899596862494945526e-02 2.344525232911109924e-02 2.994257584214210510e-02 3.584913909435272217e-02 4.098069667816162109e-02 4.406510293483734131e-02 4.157486185431480408e-02 3.775527700781822205e-02 3.778969496488571167e-02 4.203667864203453064e-02 4.536314681172370911e-02 4.685872420668601990e-02 4.653238877654075623e-02 4.475796967744827271e-02 4.254424199461936951e-02 4.142568632960319519e-02 4.084957763552665710e-02 3.400303050875663757e-02 2.495070546865463257e-02 2.208792604506015778e-02 2.157050557434558868e-02 2.056179568171501160e-02 2.021243423223495483e-02 1.992137916386127472e-02 1.938980259001255035e-02 1.900223828852176666e-02 1.834000833332538605e-02 1.835957914590835571e-02 1.858751103281974792e-02 1.898868568241596222e-02 1.891446672379970551e-02 1.880257204174995422e-02 1.870739646255970001e-02 1.877085492014884949e-02 1.865842565894126892e-02 1.859716139733791351e-02 1.855944283306598663e-02 1.853759400546550751e-02 1.841318048536777496e-02 1.828888244926929474e-02 1.832071878015995026e-02 1.782608404755592346e-02 1.789763011038303375e-02 1.781660318374633789e-02 1.825976558029651642e-02 1.872888579964637756e-02 1.900392025709152222e-02 1.859076879918575287e-02 1.796274445950984955e-02 1.774032413959503174e-02 1.746127381920814514e-02 1.781943067908287048e-02 1.793513260781764984e-02 1.826225034892559052e-02 1.928955130279064178e-02 1.997642405331134796e-02 1.932939700782299042e-02 1.908306777477264404e-02 1.996378228068351746e-02 1.894563809037208557e-02 1.670742221176624298e-02 1.608247682452201843e-02 1.670433022081851959e-02 1.723688840866088867e-02 1.840973645448684692e-02 1.904806494712829590e-02 1.955108158290386200e-02 3.178290277719497681e-02 3.576477617025375366e-02
0.000000000000000000e+00 0.000000000000000000e+00 0.000000000000000000e+00 0.000000000000000000e+00 0.000000000000000000e+00 0.000000000000000000e+00 0.000000000000000000e+00 0.000000000000000000e+00 0.000000000000000000e+00 0.000000000000000000e+00 0.000000000000000000e+00 0.000000000000000000e+00 0.000000000000000000e+00 0.000000000000000000e+00 0.000000000000000000e+00 0.000000000000000000e+00 0.000000000000000000e+00 0.000000000000000000e+00 0.000000000000000000e+00 0.000000000000000000e+00 0.000000000000000000e+00 0.000000000000000000e+00 0.000000000000000000e+00 0.000000000000000000e+00 0.000000000000000000e+00 0.000000000000000000e+00 0.000000000000000000e+00 0.000000000000000000e+00 0.000000000000000000e+00 0.000000000000000000e+00 0.000000000000000000e+00 0.000000000000000000e+00 0.000000000000000000e+00 0.000000000000000000e+00 0.000000000000000000e+00 0.000000000000000000e+00 0.000000000000000000e+00 2.277016584443945254e-22 2.255119010806083679e-02 2.493893727660179138e-02 2.183161489665508270e-02 2.289934828877449036e-02 2.370524406433105469e-02 2.435817942023277283e-02 2.661406248807907104e-02 3.062449023127555847e-02 3.437158465385437012e-02 3.292668238282203674e-02 2.923676185309886932e-02 2.841808833181858063e-02 2.949832379817962646e-02 2.932856976985931396e-02 2.968995273113250732e-02 2.993373759090900421e-02 2.996528521180152893e-02 2.895844914019107819e-02 2.777901291847229004e-02 2.651720121502876282e-02 2.463244833052158356e-02 2.335377037525177002e-02 2.172884531319141388e-02 1.965150050818920135e-02 1.900653913617134094e-02 1.908362843096256256e-02 1.900283433496952057e-02 1.874411292374134064e-02 1.837152615189552307e-02 1.813063584268093109e-02 1.756574027240276337e-02 1.750382035970687866e-02 1.800741814076900482e-02 1.815919578075408936e-02 1.812880672514438629e-02 1.845871284604072571e-02 1.874565146863460541e-02 1.886081881821155548e-02 1.924397423863410950e-02 1.957871019840240479e-02 1.988935656845569611e-02 1.954823173582553864e-02 1.873656362295150757e-02 1.883692294359207153e-02 1.933657005429267883e-02 1.911971531808376312e-02 1.851526089012622833e-02 1.835494115948677063e-02 1.893985830247402191e-02 1.863572187721729279e-02 1.813422702252864838e-02 1.758803427219390869e-02 1.740556396543979645e-02 1.716944016516208649e-02 1.701683923602104187e-02 1.743401400744915009e-02 1.735156960785388947e-02 1.718088611960411072e-02 1.714740321040153503e-02 1.694200187921524048e-02 1.784267649054527283e-02 2.079984173178672791e-02 2.172939665615558624e-02 1.901140436530113220e-02 1.711406186223030090e-02 1.694186963140964508e-02 1.718543283641338348e-02 1.772408001124858856e-02 1.862763054668903351e-02 1.962581835687160492e-02 3.259039670228958130e-02 3.570185974240303040e-02
0.000000000000000000e+00 0.000000000000000000e+00 0.000000000000000000e+00 0.000000000000000000e+00 0.000000000000000000e+00 0.000000000000000000e+00 0.000000000000000000e+00 0.000000000000000000e+00 0.000000000000000000e+00 0.000000000000000000e+00 0.000000000000000000e+00 0.000000000000000000e+00 0.000000000000000000e+00 0.000000000000000000e+00 0.000000000000000000e+00 0.000000000000000000e+00 0.000000000000000000e+00 0.000000000000000000e+00 0.000000000000000000e+00 0.000000000000000000e+00 0.000000000000000000e+00 0.000000000000000000e+00 0.000000000000000000e+00 0.000000000000000000e+00 0.000000000000000000e+00 0.000000000000000000e+00 0.000000000000000000e+00 0.000000000000000000e+00 0.000000000000000000e+00 0.000000000000000000e+00 0.000000000000000000e+00 0.000000000000000000e+00 0.000000000000000000e+00 0.000000000000000000e+00 0.000000000000000000e+00 0.000000000000000000e+00 0.000000000000000000e+00 8.370479371910217613e-23 1.666130498051643372e-02 2.532954141497612000e-02 2.118511684238910675e-02 2.545685321092605591e-02 3.017473779618740082e-02 3.376667574048042297e-02 3.645301237702369690e-02 3.892138227820396423e-02 4.156795516610145569e-02 4.313407838344573975e-02 4.320742189884185791e-02 4.394268989562988281e-02 4.337472096085548401e-02 4.214218631386756897e-02 4.285015538334846497e-02 4.169204458594322205e-02 3.889869526028633118e-02 3.538442775607109070e-02 3.155632317066192627e-02 2.773353271186351776e-02 2.485862933099269867e-02 2.308117970824241638e-02 2.251224592328071594e-02 2.235681749880313873e-02 2.088614553213119507e-02 1.933257840573787689e-02 1.887476816773414612e-02 1.868610456585884094e-02 1.824252866208553314e-02 1.852615550160408020e-02 1.830462366342544556e-02 1.804868318140506744e-02 1.820064708590507507e-02 1.828937791287899017e-02 1.805772073566913605e-02 1.819693297147750854e-02 1.829781383275985718e-02 1.835078373551368713e-02 1.870019733905792236e-02 1.902606710791587830e-02 1.887071877717971802e-02 1.911661401391029358e-02 1.907348819077014923e-02 1.869969256222248077e-02 1.901884935796260834e-02 1.870454102754592896e-02 1.866057142615318298e-02 1.807138882577419281e-02 1.809487491846084595e-02 1.791580952703952789e-02 1.764816977083683014e-02 1.776889897882938385e-02 1.758989319205284119e-02 1.734059862792491913e-02 1.704889535903930664e-02 1.710011996328830719e-02 1.717065647244453430e-02 1.687207818031311035e-02 1.672874018549919128e-02 1.687908358871936798e-02 1.712451130151748657e-02 2.080662921071052551e-02 2.497625537216663361e-02 2.283061109483242035e-02 1.930029131472110748e-02 1.804057322442531586e-02 1.757646538317203522e-02 1.744588091969490051e-02 1.798278652131557465e-02 1.908686012029647827e-02 3.341352939605712891e-02 3.562144935131072998e-02
0.000000000000000000e+00 0.000000000000000000e+00 0.000000000000000000e+00 0.000000000000000000e+00 0.000000000000000000e+00 0.000000000000000000e+00 0.000000000000000000e+00 0.000000000000000000e+00 0.000000000000000000e+00 0.000000000000000000e+00 0.000000000000000000e+00 0.000000000000000000e+00 0.000000000000000000e+00 0.000000000000000000e+00 0.000000000000000000e+00 0.000000000000000000e+00 0.000000000000000000e+00 0.000000000000000000e+00 0.000000000000000000e+00 0.000000000000000000e+00 0.000000000000000000e+00 0.000000000000000000e+00 0.000000000000000000e+00 0.000000000000000000e+00 0.000000000000000000e+00 0.000000000000000000e+00 0.000000000000000000e+00 0.000000000000000000e+00 0.000000000000000000e+00 0.000000000000000000e+00 0.000000000000000000e+00 0.000000000000000000e+00 0.000000000000000000e+00 0.000000000000000000e+00 0.000000000000000000e+00 0.000000000000000000e+00 1.631706780738790750e-22 1.833880092496666387e-22 2.182753890939531276e-22 1.548575423657894135e-02 3.203359618782997131e-02 4.270988702774047852e-02 4.843017458915710449e-02 5.209818482398986816e-02 5.327443033456802368e-02 5.339510366320610046e-02 5.324400588870048523e-02 5.324710905551910400e-02 5.290806666016578674e-02 5.226266384124755859e-02 5.087931081652641296e-02 4.949141293764114380e-02 4.777673631906509399e-02 4.521385580301284790e-02 4.219038411974906921e-02 3.859855234622955322e-02 3.376902639865875244e-02 2.908251434564590454e-02 2.571303397417068481e-02 2.411290630698204041e-02 2.252634987235069275e-02 2.113594673573970795e-02 2.038266696035861969e-02 1.971742510795593262e-02 1.902987994253635406e-02 1.883774064481258392e-02 1.908028498291969299e-02 1.878321543335914612e-02 1.886150054633617401e-02 1.895678788423538208e-02 1.872470229864120483e-02 1.918481476604938507e-02 1.902605406939983368e-02 1.871706359088420868e-02 1.920112781226634979e-02 1.872691698372364044e-02 1.869545876979827881e-02 1.894842460751533508e-02 1.866372674703598022e-02 1.897226087749004364e-02 1.854689046740531921e-02 1.862666010856628418e-02 1.849381066858768463e-02 1.823682524263858795e-02 1.819045282900333405e-02 1.808252371847629547e-02 1.795654743909835815e-02 1.798771135509014130e-02 1.768103241920471191e-02 1.761858910322189331e-02 1.722222007811069489e-02 1.708872057497501373e-02 1.718122325837612152e-02 1.697349362075328827e-02 1.680308021605014801e-02 1.628016866743564606e-02 1.611181162297725677e-02 1.640052534639835358e-02 1.649906486272811890e-02 1.914359629154205322e-02 2.538143284618854523e-02 2.794410102069377899e-02 2.534974180161952972e-02 2.056120708584785461e-02 1.901260204613208771e-02 1.759151741862297058e-02 1.737287081778049469e-02 1.780376955866813660e-02 3.410615772008895874e-02 3.548735752701759338e-02
0.000000000000000000e+00 0.000000000000000000e+00 0.000000000000000000e+00 0.000000000000000000e+00 0.000000000000000000e+00 0.000000000000000000e+00 0.000000000000000000e+00 0.000000000000000000e+00 0.000000000000000000e+00 0.000000000000000000e+00 0.000000000000000000e+00 0.000000000000000000e+00 0.000000000000000000e+00 0.000000000000000000e+00 0.000000000000000000e+00 0.000000000000000000e+00 0.000000000000000000e+00 0.000000000000000000e+00 0.000000000000000000e+00 0.000000000000000000e+00 0.000000000000000000e+00 0.000000000000000000e+00 0.000000000000000000e+00 0.000000000000000000e+00 0.000000000000000000e+00 0.000000000000000000e+00 0.000000000000000000e+00 1.795267812432122149e-22 1.871696064809044328e-22 1.795267812432122149e-22 1.871696064809044328e-22 1.871696064809044328e-22 1.871696064809044328e-22 1.871696064809044328e-22 1.871696064809044328e-22 2.483085480678419501e-22 1.423343177884817123e-02 1.759973727166652679e-02 1.396250072866678238e-02 2.523056790232658386e-02 2.997747808694839478e-02 3.482241928577423096e-02 3.644951805472373962e-02 3.630171343684196472e-02 3.478686511516571045e-02 3.304411470890045166e-02 3.178466856479644775e-02 3.119448572397232056e-02 3.008516505360603333e-02 2.887921221554279327e-02 2.783847786486148834e-02 2.686709910631179810e-02 2.590052597224712372e-02 2.493702620267868042e-02 2.418104372918605804e-02 2.292540296912193298e-02 2.145842649042606354e-02 2.013834938406944275e-02 1.891414076089859009e-02 1.817887090146541595e-02 1.750915311276912689e-02 1.737705245614051819e-02 1.717485114932060242e-02 1.753909327089786530e-02 1.787151210010051727e-02 1.772671937942504883e-02 1.804439350962638855e-02 1.824197731912136078e-02 1.833938993513584137e-02 1.841476745903491974e-02 1.827201060950756073e-02 1.837080158293247223e-02 1.849741674959659576e-02 1.840045675635337830e-02 1.833830401301383972e-02 1.826911419630050659e-02 1.820017211139202118e-02 1.805702410638332367e-02 1.789042726159095764e-02 1.804668456315994263e-02 1.798918843269348145e-02 1.829175651073455811e-02 1.818934455513954163e-02 1.852685585618019104e-02 1.848431862890720367e-02 1.867559924721717834e-02 1.842498034238815308e-02 1.816228590905666351e-02 1.777182891964912415e-02 1.737565547227859497e-02 1.702807284891605377e-02 1.633835397660732269e-02 1.619715057313442230e-02 1.582735031843185425e-02 1.583298295736312866e-02 1.591845229268074036e-02 1.587673276662826538e-02 1.606570370495319366e-02 1.638517715036869049e-02 1.761069521307945251e-02 2.184137888252735138e-02 2.404322475194931030e-02 2.494276314973831177e-02 2.184973284602165222e-02 2.079878933727741241e-02 1.865939982235431671e-02 1.755882985889911652e-02 1.706766523420810699e-02 3.478156402707099915e-02 3.529587015509605408e-02
0.000000000000000000e+00 0.000000000000000000e+00 0.000000000000000000e+00 0.000000000000000000e+00 0.000000000000000000e+00 0.000000000000000000e+00 0.000000000000000000e+00 0.000000000000000000e+00 0.000000000000000000e+00 0.000000000000000000e+00 0.000000000000000000e+00 0.000000000000000000e+00 1.871696064809044328e-22 1.833880092496666387e-22 1.908762934805824395e-22 1.908762934805824395e-22 1.908762934805824395e-22 1.908762934805824395e-22 1.908762934805824395e-22 1.908762934805824395e-22 1.908762934805824395e-22 1.908762934805824395e-22 1.908762934805824395e-22 1.871696064809044328e-22 1.871696064809044328e-22 1.871696064809044328e-22 7.142236108093058533e-11 1.672901213169097900e-02 1.974125578999519348e-02 1.740746013820171356e-02 1.525111775845289230e-02 1.356061454862356186e-02 1.273734681308269501e-02 1.234462391585111618e-02 1.217020954936742783e-02 1.264404412358999252e-02 1.676501333713531494e-02 1.831502281129360199e-02 1.718322373926639557e-02 1.682187616825103760e-02 1.714742183685302734e-02 1.699683070182800293e-02 1.678911410272121429e-02 1.613345369696617126e-02 1.526917610317468643e-02 1.483183819800615311e-02 1.481397077441215515e-02 1.470568496733903885e-02 1.418759394437074661e-02 1.421461068093776703e-02 1.485549006611108780e-02 1.513813063502311707e-02 1.520503964275121689e-02 1.541767455637454987e-02 1.577289775013923645e-02 1.581614091992378235e-02 1.593728922307491302e-02 1.608779840171337128e-02 1.613609865307807922e-02 1.657812856137752533e-02 1.712598279118537903e-02 1.712549850344657898e-02 1.705419458448886871e-02 1.736548915505409241e-02 1.798722706735134125e-02 1.805792190134525299e-02 1.791823282837867737e-02 1.780372112989425659e-02 1.778360269963741302e-02 1.764371059834957123e-02 1.764848642051219940e-02 1.752604730427265167e-02 1.794494502246379852e-02 1.821427233517169952e-02 1.832657679915428162e-02 1.853001676499843597e-02 1.851554960012435913e-02 1.855011098086833954e-02 1.906295120716094971e-02 1.872226223349571228e-02 1.879490539431571960e-02 1.855538971722126007e-02 1.833662763237953186e-02 1.833343319594860077e-02 1.816007494926452637e-02 1.812494546175003052e-02 1.724108122289180756e-02 1.683427020907402039e-02 1.668531633913516998e-02 1.650459691882133484e-02 1.677226461470127106e-02 1.669247634708881378e-02 1.644551753997802734e-02 1.611724123358726501e-02 1.601061969995498657e-02 1.594854891300201416e-02 1.553708408027887344e-02 1.562956720590591431e-02 1.566166430711746216e-02 1.834105700254440308e-02 2.441550791263580322e-02 2.781428024172782898e-02 3.061266057193279266e-02 2.714887075126171112e-02 2.319025807082653046e-02 2.052755840122699738e-02 1.845522411167621613e-02 1.677294820547103882e-02 3.553084284067153931e-02 3.540503233671188354e-02
0.000000000000000000e+00 0.000000000000000000e+00 0.000000000000000000e+00 0.000000000000000000e+00 0.000000000000000000e+00 0.000000000000000000e+00 0.000000000000000000e+00 0.000000000000000000e+00 0.000000000000000000e+00 1.871696064809044328e-22 1.908762934805824395e-22 2.673316574290952537e-22 1.570839248597621918e-02 1.883364655077457428e-02 1.392674725502729416e-02 1.089995820075273514e-02 1.093169860541820526e-02 1.160239335149526596e-02 1.171569339931011200e-02 1.167144719511270523e-02 1.153841707855463028e-02 1.166981086134910583e-02 1.181522663682699203e-02 1.196090877056121826e-02 1.193470600992441177e-02 1.203032303601503372e-02 1.270176656544208527e-02 1.835729740560054779e-02 1.702672429382801056e-02 1.446518301963806152e-02 1.289569307118654251e-02 1.282060239464044571e-02 1.304453145712614059e-02 1.288423407822847366e-02 1.294053904712200165e-02 1.265246327966451645e-02 1.219301670789718628e-02 1.274535804986953735e-02 1.250902004539966583e-02 1.298848725855350494e-02 1.291909348219633102e-02 1.309308316558599472e-02 1.335826981812715530e-02 1.353349909186363220e-02 1.393767260015010834e-02 1.443533319979906082e-02 1.460181362926959991e-02 1.469841133803129196e-02 1.485753431916236877e-02 1.494819950312376022e-02 1.499054674059152603e-02 1.493608299642801285e-02 1.512990612536668777e-02 1.541408617049455643e-02 1.582813449203968048e-02 1.616033911705017090e-02 1.658295094966888428e-02 1.685254089534282684e-02 1.669263653457164764e-02 1.660004444420337677e-02 1.690335571765899658e-02 1.714749261736869812e-02 1.728431694209575653e-02 1.739138364791870117e-02 1.765119098126888275e-02 1.750827394425868988e-02 1.764629222452640533e-02 1.790735684335231781e-02 1.814913935959339142e-02 1.775573007762432098e-02 1.783234067261219025e-02 1.837107166647911072e-02 1.840799301862716675e-02 1.835979148745536804e-02 1.843672059476375580e-02 1.840813457965850830e-02 1.813540048897266388e-02 1.829385943710803986e-02 1.807041652500629425e-02 1.804922893643379211e-02 1.802862435579299927e-02 1.807157136499881744e-02 1.788804121315479279e-02 1.764619909226894379e-02 1.748992130160331726e-02 1.739932969212532043e-02 1.763772591948509216e-02 1.733706146478652954e-02 1.712939515709877014e-02 1.682857982814311981e-02 1.645053923130035400e-02 1.651515997946262360e-02 1.661232300102710724e-02 1.638663001358509064e-02 1.614490337669849396e-02 1.596197858452796936e-02 1.552145835012197495e-02 1.545330882072448730e-02 1.558897737413644791e-02 1.690426468849182129e-02 2.135558240115642548e-02 2.274397388100624084e-02 2.565150335431098938e-02 2.515665628015995026e-02 2.477087266743183136e-02 2.277856878936290741e-02 2.014871872961521149e-02 1.689590141177177429e-02 3.619587421417236328e-02 3.549893945455551147e-02
0.000000000000000000e+00 0.000000000000000000e+00 0.000000000000000000e+00 0.000000000000000000e+00 0.000000000000000000e+00 0.000000000000000000e+00 0.000000000000000000e+00 0.000000000000000000e+00 2.673316574290952537e-22 1.204377692192792892e-02 1.440198719501495361e-02 8.941860869526863098e-03 1.588943973183631897e-02 1.323124114423990250e-02 1.008354313671588898e-02 1.019206270575523376e-02 1.022019144147634506e-02 1.041999179869890213e-02 1.066230889409780502e-02 1.103501487523317337e-02 1.137112546712160110e-02 1.167970709502696991e-02 1.161995530128479004e-02 1.133828423917293549e-02 1.130605954676866531e-02 1.143886335194110870e-02 1.176191680133342743e-02 1.217520516365766525e-02 1.283682044595479965e-02 1.313654705882072449e-02 1.316041778773069382e-02 1.257428526878356934e-02 1.221892889589071274e-02 1.206770632416009903e-02 1.240681391209363937e-02 1.233254186809062958e-02 1.223387662321329117e-02 1.217739842832088470e-02 1.219104882329702377e-02 1.227589882910251617e-02 1.245797984302043915e-02 1.280271075665950775e-02 1.307759527117013931e-02 1.325960084795951843e-02 1.365083828568458557e-02 1.396836247295141220e-02 1.415580883622169495e-02 1.424231007695198059e-02 1.443565450608730316e-02 1.467138156294822693e-02 1.488219387829303741e-02 1.498217787593603134e-02 1.492038369178771973e-02 1.519040204584598541e-02 1.562560349702835083e-02 1.602160371840000153e-02 1.618943549692630768e-02 1.630026102066040039e-02 1.649459078907966614e-02 1.653594337403774261e-02 1.676826924085617065e-02 1.713517308235168457e-02 1.737235113978385925e-02 1.746930927038192749e-02 1.747744344174861908e-02 1.765499822795391083e-02 1.782529614865779877e-02 1.790881343185901642e-02 1.783775165677070618e-02 1.799140498042106628e-02 1.784444600343704224e-02 1.787037961184978485e-02 1.793043874204158783e-02 1.808631606400012970e-02 1.803038269281387329e-02 1.797180064022541046e-02 1.791132241487503052e-02 1.771946437656879425e-02 1.762724295258522034e-02 1.775651425123214722e-02 1.771935634315013885e-02 1.747838221490383148e-02 1.733485609292984009e-02 1.732476800680160522e-02 1.729827933013439178e-02 1.718826778233051300e-02 1.735914871096611023e-02 1.722703687846660614e-02 1.730910874903202057e-02 1.708053238689899445e-02 1.679957285523414612e-02 1.680708304047584534e-02 1.668488048017024994e-02 1.644357852637767792e-02 1.610931567847728729e-02 1.596659049391746521e-02 1.561757829040288925e-02 1.528346631675958633e-02 1.562478113919496536e-02 1.714618317782878876e-02 2.203623391687870026e-02 2.121636085212230682e-02 2.358838357031345367e-02 2.649062871932983398e-02 2.742254175245761871e-02 2.463058941066265106e-02 2.149417996406555176e-02 1.784215122461318970e-02 3.683735430240631104e-02 3.542832657694816589e-02
0.000000000000000000e+00 0.000000000000000000e+00 0.000000000000000000e+00 0.000000000000000000e+00 0.000000000000000000e+00 0.000000000000000000e+00 0.000000000000000000e+00 1.871696064809044328e-22 2.119428105652332306e-02 2.699565142393112183e-02 1.043788995593786240e-02 8.367321453988552094e-03 8.652112446725368500e-03 9.369480423629283905e-03 9.571456350386142731e-03 9.740757755935192108e-03 9.988873265683650970e-03 1.010780967772006989e-02 1.038976851850748062e-02 1.064243540167808533e-02 1.069929450750350952e-02 1.073266658931970596e-02 1.095549296587705612e-02 1.121064741164445877e-02 1.128102466464042664e-02 1.154690422117710114e-02 1.175422407686710358e-02 1.148877479135990143e-02 1.168109290301799774e-02 1.202376373112201691e-02 1.231140736490488052e-02 1.197766140103340149e-02 1.197328139096498489e-02 1.204813458025455475e-02 1.196938380599021912e-02 1.190719380974769592e-02 1.214688830077648163e-02 1.207600627094507217e-02 1.204560138285160065e-02 1.223714090883731842e-02 1.244321465492248535e-02 1.265421323478221893e-02 1.289739459753036499e-02 1.302466168999671936e-02 1.347573194652795792e-02 1.377141196280717850e-02 1.403923612087965012e-02 1.424318179488182068e-02 1.449491083621978760e-02 1.472291816025972366e-02 1.476938836276531219e-02 1.500027347356081009e-02 1.502479054033756256e-02 1.522800326347351074e-02 1.557406783103942871e-02 1.579889096319675446e-02 1.595546118915081024e-02 1.622635684907436371e-02 1.643309183418750763e-02 1.655823551118373871e-02 1.680138893425464630e-02 1.682920753955841064e-02 1.690051704645156860e-02 1.709771528840065002e-02 1.727186329662799835e-02 1.734161376953125000e-02 1.737578399479389191e-02 1.746147312223911285e-02 1.743803918361663818e-02 1.758163049817085266e-02 1.759632490575313568e-02 1.749949157238006592e-02 1.763557456433773041e-02 1.760377362370491028e-02 1.773190498352050781e-02 1.769771054387092590e-02 1.789768598973751068e-02 1.767177879810333252e-02 1.771330088376998901e-02 1.758537441492080688e-02 1.765524595975875854e-02 1.747807487845420837e-02 1.749669387936592102e-02 1.745841652154922485e-02 1.749867200851440430e-02 1.738533936440944672e-02 1.731798425316810608e-02 1.723187975585460663e-02 1.713395863771438599e-02 1.702105998992919922e-02 1.684998907148838043e-02 1.667320542037487030e-02 1.648156158626079559e-02 1.627737097442150116e-02 1.605683937668800354e-02 1.596148870885372162e-02 1.574800908565521240e-02 1.546135265380144119e-02 1.572475396096706390e-02 1.695792935788631439e-02 2.179861254990100861e-02 2.036979049444198608e-02 2.140549942851066589e-02 2.423030510544776917e-02 2.834826335310935974e-02 2.798116952180862427e-02 2.266597934067249298e-02 1.897715777158737183e-02 3.740514814853668213e-02 3.542305901646614075e-02
0.000000000000000000e+00 0.000000000000000000e+00 0.000000000000000000e+00 0.000000000000000000e+00 0.000000000000000000e+00 0.000000000000000000e+00 0.000000000000000000e+00 0.000000000000000000e+00 1.813569838304829318e-06 1.544579584151506424e-02 1.262039877474308014e-02 8.611327968537807465e-03 8.795748464763164520e-03 9.021036326885223389e-03 9.307087399065494537e-03 9.442186914384365082e-03 9.845850989222526550e-03 9.823229163885116577e-03 1.027569361031055450e-02 1.008922047913074493e-02 1.046943478286266327e-02 1.051275711506605148e-02 1.091893017292022705e-02 1.091418508440256119e-02 1.086800917983055115e-02 1.124469656497240067e-02 1.119767036288976669e-02 1.133280713111162186e-02 1.163704413920640945e-02 1.159492693841457367e-02 1.174503378570079803e-02 1.184471789747476578e-02 1.201313547790050507e-02 1.211467944085597992e-02 1.201876997947692871e-02 1.177183166146278381e-02 1.190702524036169052e-02 1.209160871803760529e-02 1.222699694335460663e-02 1.232792157679796219e-02 1.245072111487388611e-02 1.271075662225484848e-02 1.286632101982831955e-02 1.295703835785388947e-02 1.323814131319522858e-02 1.354772411286830902e-02 1.378470379859209061e-02 1.395223196595907211e-02 1.413734536617994308e-02 1.434128265827894211e-02 1.444752607494592667e-02 1.474669575691223145e-02 1.505657285451889038e-02 1.528585515916347504e-02 1.541521400213241577e-02 1.559407357126474380e-02 1.578228361904621124e-02 1.601451076567173004e-02 1.623724400997161865e-02 1.639215275645256042e-02 1.653069071471691132e-02 1.664983481168746948e-02 1.671734824776649475e-02 1.692510955035686493e-02 1.710533909499645233e-02 1.709561236202716827e-02 1.716155931353569031e-02 1.728795655071735382e-02 1.740837097167968750e-02 1.745913922786712646e-02 1.760231517255306244e-02 1.751269958913326263e-02 1.766344532370567322e-02 1.768347062170505524e-02 1.769794151186943054e-02 1.765729300677776337e-02 1.757311262190341949e-02 1.752133481204509735e-02 1.755127124488353729e-02 1.745657250285148621e-02 1.748989894986152649e-02 1.743596047163009644e-02 1.738084480166435242e-02 1.734966412186622620e-02 1.737417839467525482e-02 1.733831688761711121e-02 1.724702119827270508e-02 1.719296909868717194e-02 1.707223244011402130e-02 1.703144051134586334e-02 1.687125489115715027e-02 1.668655686080455780e-02 1.651160418987274170e-02 1.629622653126716614e-02 1.611205004155635834e-02 1.600743643939495087e-02 1.579598709940910339e-02 1.556065399199724197e-02 1.575393974781036377e-02 1.660786755383014679e-02 2.104062214493751526e-02 1.967057026922702789e-02 2.034039236605167389e-02 2.253830805420875549e-02 2.707186900079250336e-02 2.843603864312171936e-02 2.493147365748882294e-02 2.025238052010536194e-02 3.777793794870376587e-02 3.575029224157333374e-02
0.000000000000000000e+00 0.000000000000000000e+00 0.000000000000000000e+00 0.000000000000000000e+00 0.000000000000000000e+00 0.000000000000000000e+00 0.000000000000000000e+00 0.000000000000000000e+00 1.908762934805824395e-22 2.185875549912452698e-02 1.769912242889404297e-02 8.561770431697368622e-03 8.617203682661056519e-03 9.005187079310417175e-03 9.438318200409412384e-03 9.831443428993225098e-03 9.784061461687088013e-03 9.894115850329399109e-03 1.017765700817108154e-02 1.019618660211563110e-02 1.048606261610984802e-02 1.047241874039173126e-02 1.079507451504468918e-02 1.080666761845350266e-02 1.080931909382343292e-02 1.119212713092565536e-02 1.111765671521425247e-02 1.132464036345481873e-02 1.160971727222204208e-02 1.152062416076660156e-02 1.179257035255432129e-02 1.189307682216167450e-02 1.168521307408809662e-02 1.177999377250671387e-02 1.205106638371944427e-02 1.211410574615001678e-02 1.194632332772016525e-02 1.205292437225580215e-02 1.230037864297628403e-02 1.241501979529857635e-02 1.234083250164985657e-02 1.260971557348966599e-02 1.289450936019420624e-02 1.303772814571857452e-02 1.313967444002628326e-02 1.341973710805177689e-02 1.367609389126300812e-02 1.390860136598348618e-02 1.412766799330711365e-02 1.433093100786209106e-02 1.431758981198072433e-02 1.463494170457124710e-02 1.497776247560977936e-02 1.515822764486074448e-02 1.515449862927198410e-02 1.547135319560766220e-02 1.574466191232204437e-02 1.599819399416446686e-02 1.610123179852962494e-02 1.624651625752449036e-02 1.640091650187969208e-02 1.657494343817234039e-02 1.675565354526042938e-02 1.694840006530284882e-02 1.699277199804782867e-02 1.698392070829868317e-02 1.712658628821372986e-02 1.728604920208454132e-02 1.739533059298992157e-02 1.743713952600955963e-02 1.750472933053970337e-02 1.746494136750698090e-02 1.748659648001194000e-02 1.752819120883941650e-02 1.748572476208209991e-02 1.750104315578937531e-02 1.745664142072200775e-02 1.746993325650691986e-02 1.744893006980419159e-02 1.741479709744453430e-02 1.742888987064361572e-02 1.742484793066978455e-02 1.740127429366111755e-02 1.737995818257331848e-02 1.737343892455101013e-02 1.736589521169662476e-02 1.728670485317707062e-02 1.720619574189186096e-02 1.708159036934375763e-02 1.701255328953266144e-02 1.688276790082454681e-02 1.669468171894550323e-02 1.649576053023338318e-02 1.628602482378482819e-02 1.609205640852451324e-02 1.604404300451278687e-02 1.579440571367740631e-02 1.550194621086120605e-02 1.577874273061752319e-02 1.642830297350883484e-02 2.107623033225536346e-02 1.927120797336101532e-02 1.914078369736671448e-02 2.050520665943622589e-02 2.446311712265014648e-02 2.873874828219413757e-02 2.928396686911582947e-02 2.295775897800922394e-02 3.805868327617645264e-02 3.618723899126052856e-02
0.000000000000000000e+00 0.000000000000000000e+00 0.000000000000000000e+00 0.000000000000000000e+00 0.000000000000000000e+00 0.000000000000000000e+00 0.000000000000000000e+00 0.000000000000000000e+00 1.674095874382043523e-22 1.946156471967697144e-02 1.878771744668483734e-02 9.108385071158409119e-03 8.802093565464019775e-03 9.119824506342411041e-03 9.327962994575500488e-03 9.705463424324989319e-03 1.007504761219024658e-02 1.000933256000280380e-02 1.002754643559455872e-02 1.044928655028343201e-02 1.057940628379583359e-02 1.059422269463539124e-02 1.072840858250856400e-02 1.086453720927238464e-02 1.071238890290260315e-02 1.103765703737735748e-02 1.108456309884786606e-02 1.120118889957666397e-02 1.150199770927429199e-02 1.147941965609788895e-02 1.157374121248722076e-02 1.172281894832849503e-02 1.160832121968269348e-02 1.171413809061050415e-02 1.188118476420640945e-02 1.192663609981536865e-02 1.184707041829824448e-02 1.198461744934320450e-02 1.219597458839416504e-02 1.238945778459310532e-02 1.241840422153472900e-02 1.261804439127445221e-02 1.286283135414123535e-02 1.302910409867763519e-02 1.317605748772621155e-02 1.341152377426624298e-02 1.362149138003587723e-02 1.389537379145622253e-02 1.406644843518733978e-02 1.422487013041973114e-02 1.422984898090362549e-02 1.461543980985879898e-02 1.489019859582185745e-02 1.513541769236326218e-02 1.519308332353830338e-02 1.548415143042802811e-02 1.563689857721328735e-02 1.579876057803630829e-02 1.594670303165912628e-02 1.618504710495471954e-02 1.640327461063861847e-02 1.662826538085937500e-02 1.676405593752861023e-02 1.681816950440406799e-02 1.678484305739402771e-02 1.683434844017028809e-02 1.704993844032287598e-02 1.723485626280307770e-02 1.736362278461456299e-02 1.743649132549762726e-02 1.734676584601402283e-02 1.752601563930511475e-02 1.730705983936786652e-02 1.749240979552268982e-02 1.748224161565303802e-02 1.747558824717998505e-02 1.743951998651027679e-02 1.744476705789566040e-02 1.744359172880649567e-02 1.744438521564006805e-02 1.743504591286182404e-02 1.742578297853469849e-02 1.741673983633518219e-02 1.741852983832359314e-02 1.740116626024246216e-02 1.737603731453418732e-02 1.730305701494216919e-02 1.720632240176200867e-02 1.709516718983650208e-02 1.698345504701137543e-02 1.686022244393825531e-02 1.669627986848354340e-02 1.647774875164031982e-02 1.626878231763839722e-02 1.604598388075828552e-02 1.600889489054679871e-02 1.581569947302341461e-02 1.546316407620906830e-02 1.578529179096221924e-02 1.651937142014503479e-02 2.185476571321487427e-02 1.995608024299144745e-02 1.946675963699817657e-02 1.993894763290882111e-02 2.261149883270263672e-02 2.675821818411350250e-02 2.907581627368927002e-02 2.566839754581451416e-02 3.836414590477943420e-02 3.666577488183975220e-02
0.000000000000000000e+00 0.000000000000000000e+00 0.000000000000000000e+00 0.000000000000000000e+00 0.000000000000000000e+00 0.000000000000000000e+00 0.000000000000000000e+00 0.000000000000000000e+00 1.058791184067875424e-22 1.425731927156448364e-02 1.646366342902183533e-02 9.603955782949924469e-03 9.193360805511474609e-03 9.462547488510608673e-03 9.539833292365074158e-03 9.622791782021522522e-03 1.019835192710161209e-02 1.003637164831161499e-02 1.038407441228628159e-02 1.039982400834560394e-02 1.056595984846353531e-02 1.068770978599786758e-02 1.075917482376098633e-02 1.085349917411804199e-02 1.090308185666799545e-02 1.104838307946920395e-02 1.109141390770673752e-02 1.121235545724630356e-02 1.141856610774993896e-02 1.145248208194971085e-02 1.151644065976142883e-02 1.166528183966875076e-02 1.174022536724805832e-02 1.170343253761529922e-02 1.178127992898225784e-02 1.197436079382896423e-02 1.199635490775108337e-02 1.202371064573526382e-02 1.217387057840824127e-02 1.228200923651456833e-02 1.235804148018360138e-02 1.256063394248485565e-02 1.279335934668779373e-02 1.292033307254314423e-02 1.316256262362003326e-02 1.338056940585374832e-02 1.353908888995647430e-02 1.377768814563751221e-02 1.402889657765626907e-02 1.417334750294685364e-02 1.415172591805458069e-02 1.453899405896663666e-02 1.478931121528148651e-02 1.506704557687044144e-02 1.512026228010654449e-02 1.536210719496011734e-02 1.553731039166450500e-02 1.571725122630596161e-02 1.594817079603672028e-02 1.626129075884819031e-02 1.645217649638652802e-02 1.656882092356681824e-02 1.662315428256988525e-02 1.665779016911983490e-02 1.667955517768859863e-02 1.681488007307052612e-02 1.704273000359535217e-02 1.721151545643806458e-02 1.731281913816928864e-02 1.723052002489566803e-02 1.659077964723110199e-02 1.706477068364620209e-02 1.669518463313579559e-02 1.729276031255722046e-02 1.744630187749862671e-02 1.742150075733661652e-02 1.741709001362323761e-02 1.743175648152828217e-02 1.744771189987659454e-02 1.745753362774848938e-02 1.744452305138111115e-02 1.744289882481098175e-02 1.742886006832122803e-02 1.743193529546260834e-02 1.741569675505161285e-02 1.737732812762260437e-02 1.730317436158657074e-02 1.719019189476966858e-02 1.709187217056751251e-02 1.697054319083690643e-02 1.684024371206760406e-02 1.667902432382106781e-02 1.645737327635288239e-02 1.623472943902015686e-02 1.601063273847103119e-02 1.596676558256149292e-02 1.575645990669727325e-02 1.542093046009540558e-02 1.586074009537696838e-02 1.673808507621288300e-02 2.335817739367485046e-02 2.163859829306602478e-02 1.905399560928344727e-02 1.891514845192432404e-02 2.094677649438381195e-02 2.508591860532760620e-02 2.864896692335605621e-02 2.744045294821262360e-02 3.806850314140319824e-02 3.720724210143089294e-02
0.000000000000000000e+00 0.000000000000000000e+00 0.000000000000000000e+00 0.000000000000000000e+00 0.000000000000000000e+00 0.000000000000000000e+00 0.000000000000000000e+00 0.000000000000000000e+00 8.865409274749769253e-12 1.589191891252994537e-02 1.780995540320873260e-02 1.049116253852844238e-02 9.777850471436977386e-03 9.861042723059654236e-03 9.819624945521354675e-03 9.696228429675102234e-03 1.005590148270130157e-02 1.007150672376155853e-02 1.044365204870700836e-02 1.025582384318113327e-02 1.061179395765066147e-02 1.063072588294744492e-02 1.085777953267097473e-02 1.079078763723373413e-02 1.093751378357410431e-02 1.099939923733472824e-02 1.105259452015161514e-02 1.116778701543807983e-02 1.143066305667161942e-02 1.150248665362596512e-02 1.149385888129472733e-02 1.160279195755720139e-02 1.175741944462060928e-02 1.174514368176460266e-02 1.178503781557083130e-02 1.198610011488199234e-02 1.201307401061058044e-02 1.206064410507678986e-02 1.230481266975402832e-02 1.231588795781135559e-02 1.241226680576801300e-02 1.261327229440212250e-02 1.277538109570741653e-02 1.278179697692394257e-02 1.307838130742311478e-02 1.336843706667423248e-02 1.350745279341936111e-02 1.369827799499034882e-02 1.396232005208730698e-02 1.414253842085599899e-02 1.417230814695358276e-02 1.450656540691852570e-02 1.472611352801322937e-02 1.501338649541139603e-02 1.508192531764507294e-02 1.532987598329782486e-02 1.550397463142871857e-02 1.570211723446846008e-02 1.597652211785316467e-02 1.626046933233737946e-02 1.638335920870304108e-02 1.645939610898494720e-02 1.656709611415863037e-02 1.663904078304767609e-02 1.669698767364025116e-02 1.683622412383556366e-02 1.703119091689586639e-02 1.718916557729244232e-02 1.711933873593807220e-02 1.698490977287292480e-02 1.653924025595188141e-02 1.728590950369834900e-02 1.721505448222160339e-02 1.743942499160766602e-02 1.740001142024993896e-02 1.738924533128738403e-02 1.742018759250640869e-02 1.744025573134422302e-02 1.746096648275852203e-02 1.746715046465396881e-02 1.746460236608982086e-02 1.746137626469135284e-02 1.745216548442840576e-02 1.743835024535655975e-02 1.741446740925312042e-02 1.736208051443099976e-02 1.728956960141658783e-02 1.717407628893852234e-02 1.706923171877861023e-02 1.695770025253295898e-02 1.683483272790908813e-02 1.666473411023616791e-02 1.644505932927131653e-02 1.620478555560112000e-02 1.596986874938011169e-02 1.593787409365177155e-02 1.574108935892581940e-02 1.553104724735021591e-02 1.597314700484275818e-02 1.683697290718555450e-02 2.521541900932788849e-02 2.345282025635242462e-02 1.955549791455268860e-02 1.960202679038047791e-02 2.113958634436130524e-02 2.435821294784545898e-02 2.764880098402500153e-02 2.864669449627399445e-02 3.834427520632743835e-02 3.772027418017387390e-02
0.000000000000000000e+00 0.000000000000000000e+00 0.000000000000000000e+00 0.000000000000000000e+00 0.000000000000000000e+00 0.000000000000000000e+00 0.000000000000000000e+00 0.000000000000000000e+00 1.472447797142291512e-16 1.865365915000438690e-02 2.162937074899673462e-02 1.128899585455656052e-02 1.031097676604986191e-02 1.020264346152544022e-02 9.997642599046230316e-03 9.843007661402225494e-03 1.005958206951618195e-02 1.011928357183933258e-02 1.038480922579765320e-02 1.024404447525739670e-02 1.072160992771387100e-02 1.060603838413953781e-02 1.089607458561658859e-02 1.074893400073051453e-02 1.084513776004314423e-02 1.098221633583307266e-02 1.096329838037490845e-02 1.115586608648300171e-02 1.132638752460479736e-02 1.132181752473115921e-02 1.150308083742856979e-02 1.159476861357688904e-02 1.171823684126138687e-02 1.175141893327236176e-02 1.183855347335338593e-02 1.195425726473331451e-02 1.194098219275474548e-02 1.209087762981653214e-02 1.228472217917442322e-02 1.215004641562700272e-02 1.244872529059648514e-02 1.269802730530500412e-02 1.284533832222223282e-02 1.290763355791568756e-02 1.313025597482919693e-02 1.336193457245826721e-02 1.347008626908063889e-02 1.370065473020076752e-02 1.392171159386634827e-02 1.412998791784048080e-02 1.425780542194843292e-02 1.448651868849992752e-02 1.469241268932819366e-02 1.496305689215660095e-02 1.505356654524803162e-02 1.530339568853378296e-02 1.548508089035749435e-02 1.565323770046234131e-02 1.596639305353164673e-02 1.618833653628826141e-02 1.631119474768638611e-02 1.639975048601627350e-02 1.653567515313625336e-02 1.661104895174503326e-02 1.669742725789546967e-02 1.686177402734756470e-02 1.701748743653297424e-02 1.701179891824722290e-02 1.650324650108814240e-02 1.642327196896076202e-02 1.694091968238353729e-02 1.736000180244445801e-02 1.731451600790023804e-02 1.734898425638675690e-02 1.737280003726482391e-02 1.740559563040733337e-02 1.743815839290618896e-02 1.745632477104663849e-02 1.746952533721923828e-02 1.748010143637657166e-02 1.748711615800857544e-02 1.747472025454044342e-02 1.746285147964954376e-02 1.744217425584793091e-02 1.741529442369937897e-02 1.735656335949897766e-02 1.727129146456718445e-02 1.716149784624576569e-02 1.704922690987586975e-02 1.694086380302906036e-02 1.681873761117458344e-02 1.664408110082149506e-02 1.642320863902568817e-02 1.619449444115161896e-02 1.595467701554298401e-02 1.590982824563980103e-02 1.574283093214035034e-02 1.565374806523323059e-02 1.607727259397506714e-02 1.722754724323749542e-02 2.906224690377712250e-02 2.652474679052829742e-02 2.035249583423137665e-02 1.907644234597682953e-02 2.032483927905559540e-02 2.315780706703662872e-02 2.507244981825351715e-02 2.563331648707389832e-02 3.774274885654449463e-02 3.821574896574020386e-02
0.000000000000000000e+00 0.000000000000000000e+00 0.000000000000000000e+00 0.000000000000000000e+00 0.000000000000000000e+00 0.000000000000000000e+00 0.000000000000000000e+00 0.000000000000000000e+00 1.833880092496666387e-22 2.023306302726268768e-02 2.480021119117736816e-02 1.163466647267341614e-02 1.054809335619211197e-02 1.033407822251319885e-02 1.013578753918409348e-02 9.967650286853313446e-03 1.009836141020059586e-02 1.010036841034889221e-02 1.025829091668128967e-02 1.030388381332159042e-02 1.064953021705150604e-02 1.053499802947044373e-02 1.077275257557630539e-02 1.059312466531991959e-02 1.074828114360570908e-02 1.100561209022998810e-02 1.094224676489830017e-02 1.113640516996383667e-02 1.126792188733816147e-02 1.129608228802680969e-02 1.144814118742942810e-02 1.157818641513586044e-02 1.168789528310298920e-02 1.171189267188310623e-02 1.185998041182756424e-02 1.192082744091749191e-02 1.203560549765825272e-02 1.212359964847564697e-02 1.228966843336820602e-02 1.225861161947250366e-02 1.251905504614114761e-02 1.272730715572834015e-02 1.280658226460218430e-02 1.295800600200891495e-02 1.315524708479642868e-02 1.334004476666450500e-02 1.341118756681680679e-02 1.367375254631042480e-02 1.390027813613414764e-02 1.411545649170875549e-02 1.431229431182146072e-02 1.447294093668460846e-02 1.467495877295732498e-02 1.493042334914207458e-02 1.505567319691181183e-02 1.527369115501642227e-02 1.546041481196880341e-02 1.565018668770790100e-02 1.596045121550559998e-02 1.612881384789943695e-02 1.627712510526180267e-02 1.636465266346931458e-02 1.649517007172107697e-02 1.657136343419551849e-02 1.667953841388225555e-02 1.687235198915004730e-02 1.702880673110485077e-02 1.698444597423076630e-02 1.696280390024185181e-02 1.699271053075790405e-02 1.726439781486988068e-02 1.731025055050849915e-02 1.729220896959304810e-02 1.732121035456657410e-02 1.739559508860111237e-02 1.744442805647850037e-02 1.746227405965328217e-02 1.747447624802589417e-02 1.748184673488140106e-02 1.748958788812160492e-02 1.749244146049022675e-02 1.747819222509860992e-02 1.746053248643875122e-02 1.744054630398750305e-02 1.741149090230464935e-02 1.735740900039672852e-02 1.726039499044418335e-02 1.715039275586605072e-02 1.703251153230667114e-02 1.691478677093982697e-02 1.678089611232280731e-02 1.661289855837821960e-02 1.640097238123416901e-02 1.617939211428165436e-02 1.593719236552715302e-02 1.585282944142818451e-02 1.574089750647544861e-02 1.574533618986606598e-02 1.616081036627292633e-02 1.763042062520980835e-02 3.279052674770355225e-02 3.007560782134532928e-02 2.317409217357635498e-02 2.080152556300163269e-02 2.108135633170604706e-02 2.261480502784252167e-02 2.379575185477733612e-02 2.307631634175777435e-02 3.800050541758537292e-02 3.871765360236167908e-02
0.000000000000000000e+00 0.000000000000000000e+00 0.000000000000000000e+00 0.000000000000000000e+00 0.000000000000000000e+00 0.000000000000000000e+00 0.000000000000000000e+00 0.000000000000000000e+00 1.871696064809044328e-22 2.093290723860263824e-02 2.619120106101036072e-02 1.168930716812610626e-02 1.061858329921960831e-02 1.037268340587615967e-02 1.016953401267528534e-02 1.005687192082405090e-02 1.017808262258768082e-02 1.012680958956480026e-02 1.029909122735261917e-02 1.031219866126775742e-02 1.043393183499574661e-02 1.051018480211496353e-02 1.072073448449373245e-02 1.064473483711481094e-02 1.082636881619691849e-02 1.102576777338981628e-02 1.095685083419084549e-02 1.113787665963172913e-02 1.133108418434858322e-02 1.133250817656517029e-02 1.143657416105270386e-02 1.159593835473060608e-02 1.160118356347084045e-02 1.172045897692441940e-02 1.183701585978269577e-02 1.166795752942562103e-02 1.200395543128252029e-02 1.215882040560245514e-02 1.222845260053873062e-02 1.239050459116697311e-02 1.253021322190761566e-02 1.269293855875730515e-02 1.273710373789072037e-02 1.295299641788005829e-02 1.316370628774166107e-02 1.330656930804252625e-02 1.346953213214874268e-02 1.367878913879394531e-02 1.387059874832630157e-02 1.408233959227800369e-02 1.428896281868219376e-02 1.444312185049057007e-02 1.465775072574615479e-02 1.489788666367530823e-02 1.508117280900478363e-02 1.525314990431070328e-02 1.540336664766073227e-02 1.567402109503746033e-02 1.595172099769115448e-02 1.604495570063591003e-02 1.625509560108184814e-02 1.635452732443809509e-02 1.648028753697872162e-02 1.655071228742599487e-02 1.667005382478237152e-02 1.687993668019771576e-02 1.692219637334346771e-02 1.649285852909088135e-02 1.687080413103103638e-02 1.713134348392486572e-02 1.726156473159790039e-02 1.727045886218547821e-02 1.726818829774856567e-02 1.733930781483650208e-02 1.743144728243350983e-02 1.747377030551433563e-02 1.748500019311904907e-02 1.748905703425407410e-02 1.749327220022678375e-02 1.749349199235439301e-02 1.748328283429145813e-02 1.746775209903717041e-02 1.744708791375160217e-02 1.743220724165439606e-02 1.740590296685695648e-02 1.735448092222213745e-02 1.726055517792701721e-02 1.714198105037212372e-02 1.701211929321289062e-02 1.688283123075962067e-02 1.673753187060356140e-02 1.656561531126499176e-02 1.635732315480709076e-02 1.613774523138999939e-02 1.594147644937038422e-02 1.586525514721870422e-02 1.574096456170082092e-02 1.574073918163776398e-02 1.615135371685028076e-02 1.760274730622768402e-02 3.410863876342773438e-02 3.330669179558753967e-02 2.642502076923847198e-02 2.141967788338661194e-02 2.102853544056415558e-02 2.169157005846500397e-02 2.212864905595779419e-02 2.101921662688255310e-02 3.845980763435363770e-02 3.903292864561080933e-02
0.000000000000000000e+00 0.000000000000000000e+00 0.000000000000000000e+00 0.000000000000000000e+00 0.000000000000000000e+00 0.000000000000000000e+00 0.000000000000000000e+00 0.000000000000000000e+00 1.871696064809044328e-22 2.066413871943950653e-02 2.604306302964687347e-02 1.159754209220409393e-02 1.055253390222787857e-02 1.028487551957368851e-02 1.019457541406154633e-02 1.008723117411136627e-02 1.014824770390987396e-02 1.015891693532466888e-02 1.037022657692432404e-02 1.028975378721952438e-02 1.046404428780078888e-02 1.050464529544115067e-02 1.056045107543468475e-02 1.060879044234752655e-02 1.084514334797859192e-02 1.092778984457254410e-02 1.093495264649391174e-02 1.118389051407575607e-02 1.125760842114686966e-02 1.125674415379762650e-02 1.145253609865903854e-02 1.159858517348766327e-02 1.149630639702081680e-02 1.173437293618917465e-02 1.188628189265727997e-02 1.171730458736419678e-02 1.203115470707416534e-02 1.215077657252550125e-02 1.200236380100250244e-02 1.234841346740722656e-02 1.254717167466878891e-02 1.261717360466718674e-02 1.280216686427593231e-02 1.298248022794723511e-02 1.315619982779026031e-02 1.326938252896070480e-02 1.349782943725585938e-02 1.366665307432413101e-02 1.385284587740898132e-02 1.403148937970399857e-02 1.429640501737594604e-02 1.442981325089931488e-02 1.463964022696018219e-02 1.485958974808454514e-02 1.509718317538499832e-02 1.525466423481702805e-02 1.541168522089719772e-02 1.571348495781421661e-02 1.594864390790462494e-02 1.599178835749626160e-02 1.620464026927947998e-02 1.635811105370521545e-02 1.648137532174587250e-02 1.655741222202777863e-02 1.670346409082412720e-02 1.689655892550945282e-02 1.683128811419010162e-02 1.640947349369525909e-02 1.701002568006515503e-02 1.718490011990070343e-02 1.724001020193099976e-02 1.727040857076644897e-02 1.728131249547004700e-02 1.737127825617790222e-02 1.745589263737201691e-02 1.749674603343009949e-02 1.750683970749378204e-02 1.750439777970314026e-02 1.749915443360805511e-02 1.749056577682495117e-02 1.747192814946174622e-02 1.745220273733139038e-02 1.742972619831562042e-02 1.741391979157924652e-02 1.739533990621566772e-02 1.734774559736251831e-02 1.725945062935352325e-02 1.713129505515098572e-02 1.699122041463851929e-02 1.685062237083911896e-02 1.669615134596824646e-02 1.651629246771335602e-02 1.631367020308971405e-02 1.612669229507446289e-02 1.595491543412208557e-02 1.584722287952899933e-02 1.574447192251682281e-02 1.576986722648143768e-02 1.616376452147960663e-02 1.749919913709163666e-02 3.452369198203086853e-02 3.513622656464576721e-02 2.954993583261966705e-02 2.278200909495353699e-02 2.093653567135334015e-02 2.122791670262813568e-02 2.112901769578456879e-02 1.982952095568180084e-02 3.818938136100769043e-02 3.892262652516365051e-02
0.000000000000000000e+00 0.000000000000000000e+00 0.000000000000000000e+00 0.000000000000000000e+00 0.000000000000000000e+00 0.000000000000000000e+00 0.000000000000000000e+00 0.000000000000000000e+00 1.871696064809044328e-22 2.070920355618000031e-02 2.602411247789859772e-02 1.148453261703252792e-02 1.044665556401014328e-02 1.018535532057285309e-02 1.005639974027872086e-02 1.003867108374834061e-02 1.019423175603151321e-02 1.013632677495479584e-02 1.023876201361417770e-02 1.025538891553878784e-02 1.052140817046165466e-02 1.051202509552240372e-02 1.066133659332990646e-02 1.062629185616970062e-02 1.085522584617137909e-02 1.092050410807132721e-02 1.094739604741334915e-02 1.116297580301761627e-02 1.115880813449621201e-02 1.128088496625423431e-02 1.150061842054128647e-02 1.149954274296760559e-02 1.157685834914445877e-02 1.177639700472354889e-02 1.180680282413959503e-02 1.187320239841938019e-02 1.207740791141986847e-02 1.218217704445123672e-02 1.210535224527120590e-02 1.239835843443870544e-02 1.247342489659786224e-02 1.237852871417999268e-02 1.275119278579950333e-02 1.298221200704574585e-02 1.315085962414741516e-02 1.325346436351537704e-02 1.348763890564441681e-02 1.367559470236301422e-02 1.386044453829526901e-02 1.398919243365526199e-02 1.423918083310127258e-02 1.440477464348077774e-02 1.466404367238283157e-02 1.477675884962081909e-02 1.510753296315670013e-02 1.526067405939102173e-02 1.548270322382450104e-02 1.576712913811206818e-02 1.584773324429988861e-02 1.607865653932094574e-02 1.622476056218147278e-02 1.638207770884037018e-02 1.650120504200458527e-02 1.659817248582839966e-02 1.678387448191642761e-02 1.691152527928352356e-02 1.688291318714618683e-02 1.689835451543331146e-02 1.717830635607242584e-02 1.719724945724010468e-02 1.724749617278575897e-02 1.729986444115638733e-02 1.731902733445167542e-02 1.740580052137374878e-02 1.748805493116378784e-02 1.752516627311706543e-02 1.753332652151584625e-02 1.752720586955547333e-02 1.751184277236461639e-02 1.749488152563571930e-02 1.746677607297897339e-02 1.743485406041145325e-02 1.740619726479053497e-02 1.738499477505683899e-02 1.737704686820507050e-02 1.733863353729248047e-02 1.725142076611518860e-02 1.711936108767986298e-02 1.697418466210365295e-02 1.682231761515140533e-02 1.666357368230819702e-02 1.648215949535369873e-02 1.626968383789062500e-02 1.610068790614604950e-02 1.593136787414550781e-02 1.579176075756549835e-02 1.571121439337730408e-02 1.575479470193386078e-02 1.619174331426620483e-02 1.764871925115585327e-02 3.531088680028915405e-02 3.562497347593307495e-02 3.176679834723472595e-02 2.573484741151332855e-02 2.312029339373111725e-02 2.203398942947387695e-02 2.079140953719615936e-02 1.950419135391712189e-02 3.732928633689880371e-02 3.815645724534988403e-02
0.000000000000000000e+00 0.000000000000000000e+00 0.000000000000000000e+00 0.000000000000000000e+00 0.000000000000000000e+00 0.000000000000000000e+00 0.000000000000000000e+00 0.000000000000000000e+00 1.871696064809044328e-22 2.103390172123908997e-02 2.602181769907474518e-02 1.116528734564781189e-02 1.010640989989042282e-02 1.002692338079214096e-02 9.961914271116256714e-03 9.997818619012832642e-03 1.000390015542507172e-02 1.002553664147853851e-02 1.023797970265150070e-02 1.023854874074459076e-02 1.031542476266622543e-02 1.031925994902849197e-02 1.069093868136405945e-02 1.059584040194749832e-02 1.078389585018157959e-02 1.086558867245912552e-02 1.096655149012804031e-02 1.103523187339305878e-02 1.112638413906097412e-02 1.131650898605585098e-02 1.150535512715578079e-02 1.140039227902889252e-02 1.162086240947246552e-02 1.181485969573259354e-02 1.168487407267093658e-02 1.187988091260194778e-02 1.212246902287006378e-02 1.209482830017805099e-02 1.224111206829547882e-02 1.242515444755554199e-02 1.251753699034452438e-02 1.254273019731044769e-02 1.279580686241388321e-02 1.299191173166036606e-02 1.304475776851177216e-02 1.330433413386344910e-02 1.347964722663164139e-02 1.365736220031976700e-02 1.382769830524921417e-02 1.404149085283279419e-02 1.421558018773794174e-02 1.442770846188068390e-02 1.460380386561155319e-02 1.434489618986845016e-02 1.500080619007349014e-02 1.530251093208789825e-02 1.555879320949316025e-02 1.568009331822395325e-02 1.547153387218713760e-02 1.598738320171833038e-02 1.623859442770481110e-02 1.639565825462341309e-02 1.651730574667453766e-02 1.668466068804264069e-02 1.685750298202037811e-02 1.671361923217773438e-02 1.657733507454395294e-02 1.701578311622142792e-02 1.719025894999504089e-02 1.722183823585510254e-02 1.730115339159965515e-02 1.736008562147617340e-02 1.738269068300724030e-02 1.745626144111156464e-02 1.753987558186054230e-02 1.757184974849224091e-02 1.757801324129104614e-02 1.756359823048114777e-02 1.754306629300117493e-02 1.751343905925750732e-02 1.746903359889984131e-02 1.741590537130832672e-02 1.737319864332675934e-02 1.734985411167144775e-02 1.733944192528724670e-02 1.731248758733272552e-02 1.722962036728858948e-02 1.709898747503757477e-02 1.695167087018489838e-02 1.680837385356426239e-02 1.665189675986766815e-02 1.646075211465358734e-02 1.624337397515773773e-02 1.610709168016910553e-02 1.592052169144153595e-02 1.574649661779403687e-02 1.571423746645450592e-02 1.572128571569919586e-02 1.614860072731971741e-02 1.782379299402236938e-02 3.596288338303565979e-02 3.579617664217948914e-02 3.399438038468360901e-02 2.956088073551654816e-02 2.583852596580982208e-02 2.336123399436473846e-02 2.211946249008178711e-02 2.155425213277339935e-02 3.735376521944999695e-02 3.810643777251243591e-02
0.000000000000000000e+00 0.000000000000000000e+00 0.000000000000000000e+00 0.000000000000000000e+00 0.000000000000000000e+00 0.000000000000000000e+00 0.000000000000000000e+00 0.000000000000000000e+00 1.833880092496666387e-22 2.027365006506443024e-02 2.446279674768447876e-02 1.068513281643390656e-02 9.710213169455528259e-03 9.767208248376846313e-03 9.830393828451633453e-03 9.867660701274871826e-03 9.946740232408046722e-03 1.005809847265481949e-02 1.018504239618778229e-02 1.014506537467241287e-02 1.027448195964097977e-02 1.040008850395679474e-02 1.051999907940626144e-02 1.054261345416307449e-02 1.071926485747098923e-02 1.084597036242485046e-02 1.099805906414985657e-02 1.108931284397840500e-02 1.114142034202814102e-02 1.135499216616153717e-02 1.140948571264743805e-02 1.146437972784042358e-02 1.165643054991960526e-02 1.175285037606954575e-02 1.175027433782815933e-02 1.193633675575256348e-02 1.206679828464984894e-02 1.188980694860219955e-02 1.218169368803501129e-02 1.238508056849241257e-02 1.238522678613662720e-02 1.261922344565391541e-02 1.278766896575689316e-02 1.288129761815071106e-02 1.276066340506076813e-02 1.323069911450147629e-02 1.346185617148876190e-02 1.366059761494398117e-02 1.371717732399702072e-02 1.406465377658605576e-02 1.424856949597597122e-02 1.448843255639076233e-02 1.466911938041448593e-02 1.452368032187223434e-02 1.515992730855941772e-02 1.536385063081979752e-02 1.560430042445659637e-02 1.560397632420063019e-02 1.569384522736072540e-02 1.610880158841609955e-02 1.631486788392066956e-02 1.643965393304824829e-02 1.656690053641796112e-02 1.678992062807083130e-02 1.690637506544589996e-02 1.686878502368927002e-02 1.696485467255115509e-02 1.720722205936908722e-02 1.723253354430198669e-02 1.729120686650276184e-02 1.738800853490829468e-02 1.745170354843139648e-02 1.746339909732341766e-02 1.752780564129352570e-02 1.761251501739025116e-02 1.764519326388835907e-02 1.764160022139549255e-02 1.761566475033760071e-02 1.758889108896255493e-02 1.753865368664264679e-02 1.747994683682918549e-02 1.740716956555843353e-02 1.733227446675300598e-02 1.728537119925022125e-02 1.726534590125083923e-02 1.725686155259609222e-02 1.719434559345245361e-02 1.707117818295955658e-02 1.692465320229530334e-02 1.679058372974395752e-02 1.664838194847106934e-02 1.646158471703529358e-02 1.622894406318664551e-02 1.608537137508392334e-02 1.592032797634601593e-02 1.573104970157146454e-02 1.567640341818332672e-02 1.571276038885116577e-02 1.611896418035030365e-02 1.797347143292427063e-02 3.624763712286949158e-02 3.583125397562980652e-02 3.536342456936836243e-02 3.234664350748062134e-02 2.873462811112403870e-02 2.520435489714145660e-02 2.307257056236267090e-02 2.220187336206436157e-02 3.732281550765037537e-02 3.824491426348686218e-02
0.000000000000000000e+00 0.000000000000000000e+00 0.000000000000000000e+00 0.000000000000000000e+00 0.000000000000000000e+00 0.000000000000000000e+00 0.000000000000000000e+00 0.000000000000000000e+00 1.674095874382043523e-22 1.849953830242156982e-02 2.134786546230316162e-02 1.005152706056833267e-02 9.240886196494102478e-03 9.442887268960475922e-03 9.622086770832538605e-03 9.720958769321441650e-03 9.903784841299057007e-03 9.894002228975296021e-03 1.003278512507677078e-02 1.013726647943258286e-02 1.029210165143013000e-02 1.051651593297719955e-02 1.032222434878349304e-02 1.062780991196632385e-02 1.075991988182067871e-02 1.086481101810932159e-02 1.095020957291126251e-02 1.105338241904973984e-02 1.121366675943136215e-02 1.136724371463060379e-02 1.135804131627082825e-02 1.149291917681694031e-02 1.170121971517801285e-02 1.156871207058429718e-02 1.173052098602056503e-02 1.195697207003831863e-02 1.199210155755281448e-02 1.195083558559417725e-02 1.220815442502498627e-02 1.230140216648578644e-02 1.218114513903856277e-02 1.253284420818090439e-02 1.275898516178131104e-02 1.292370539158582687e-02 1.297994237393140793e-02 1.328738499432802200e-02 1.347848773002624512e-02 1.362174563109874725e-02 1.355925854295492172e-02 1.407262124121189117e-02 1.433930452913045883e-02 1.459769345819950104e-02 1.476383674889802933e-02 1.495235320180654526e-02 1.522159297019243240e-02 1.538907177746295929e-02 1.549223624169826508e-02 1.528818998485803604e-02 1.585337333381175995e-02 1.620485447347164154e-02 1.638666726648807526e-02 1.652497984468936920e-02 1.669295504689216614e-02 1.686075702309608459e-02 1.693222299218177795e-02 1.705058477818965912e-02 1.718564890325069427e-02 1.725525222718715668e-02 1.732279174029827118e-02 1.740519888699054718e-02 1.750200986862182617e-02 1.756976731121540070e-02 1.756465062499046326e-02 1.762294769287109375e-02 1.769220456480979919e-02 1.772845536470413208e-02 1.770928874611854553e-02 1.767355389893054962e-02 1.763043180108070374e-02 1.758084818720817566e-02 1.750975474715232849e-02 1.741486229002475739e-02 1.729404367506504059e-02 1.719150319695472717e-02 1.716059260070323944e-02 1.717283017933368683e-02 1.714254170656204224e-02 1.704361289739608765e-02 1.691144704818725586e-02 1.677509397268295288e-02 1.662289164960384369e-02 1.643978618085384369e-02 1.621750183403491974e-02 1.601723022758960724e-02 1.592664234340190887e-02 1.577883213758468628e-02 1.566041074693202972e-02 1.567799784243106842e-02 1.612587086856365204e-02 1.820197887718677521e-02 3.479703515768051147e-02 3.594321385025978088e-02 3.596648573875427246e-02 3.448101878166198730e-02 3.191538155078887939e-02 2.690153941512107849e-02 2.353652007877826691e-02 2.046041563153266907e-02 3.697916865348815918e-02 3.829923644661903381e-02
0.000000000000000000e+00 0.000000000000000000e+00 0.000000000000000000e+00 0.000000000000000000e+00 0.000000000000000000e+00 0.000000000000000000e+00 0.000000000000000000e+00 0.000000000000000000e+00 1.241542740339209750e-22 1.589234545826911926e-02 1.818184554576873779e-02 9.708525612950325012e-03 8.910481818020343781e-03 9.150855243206024170e-03 9.418141096830368042e-03 9.677493013441562653e-03 9.818975813686847687e-03 9.967908263206481934e-03 1.004862692207098007e-02 1.014000177383422852e-02 1.009620167315006256e-02 1.040694396942853928e-02 1.046045683324337006e-02 1.063390448689460754e-02 1.072244811803102493e-02 1.083406899124383926e-02 1.097173243761062622e-02 1.107772625982761383e-02 1.125410106033086777e-02 1.132269110530614853e-02 1.139627117663621902e-02 1.159969437867403030e-02 1.165444497019052505e-02 1.160192117094993591e-02 1.176459714770317078e-02 1.193686667829751968e-02 1.187930162996053696e-02 1.203604042530059814e-02 1.222506072372198105e-02 1.233108062297105789e-02 1.237004250288009644e-02 1.258223596960306168e-02 1.276352629065513611e-02 1.280205138027667999e-02 1.308981142938137054e-02 1.327704265713691711e-02 1.352309901267290115e-02 1.369049865752458572e-02 1.385906431823968887e-02 1.416095253080129623e-02 1.436270773410797119e-02 1.455701794475317001e-02 1.457517035305500031e-02 1.496960781514644623e-02 1.520914956927299500e-02 1.542030647397041321e-02 1.552811637520790100e-02 1.563690416514873505e-02 1.606274954974651337e-02 1.627905480563640594e-02 1.647888123989105225e-02 1.666488498449325562e-02 1.683689840137958527e-02 1.693892292678356171e-02 1.708566024899482727e-02 1.723156496882438660e-02 1.732732355594635010e-02 1.739417016506195068e-02 1.748051308095455170e-02 1.756555587053298950e-02 1.767962053418159485e-02 1.772013865411281586e-02 1.768569089472293854e-02 1.772475987672805786e-02 1.777147129178047180e-02 1.779738068580627441e-02 1.776734553277492523e-02 1.772699318826198578e-02 1.766566000878810883e-02 1.763029210269451141e-02 1.756251975893974304e-02 1.745544001460075378e-02 1.729175448417663574e-02 1.712856255471706390e-02 1.704743131995201111e-02 1.706746034324169159e-02 1.707530952990055084e-02 1.700875535607337952e-02 1.687492057681083679e-02 1.672821305692195892e-02 1.657972298562526703e-02 1.641941815614700317e-02 1.622624136507511139e-02 1.596764475107192993e-02 1.591286249458789825e-02 1.578867621719837189e-02 1.567003317177295685e-02 1.566093973815441132e-02 1.608695462346076965e-02 1.744530349969863892e-02 3.063768334686756134e-02 3.615097701549530029e-02 3.576241061091423035e-02 3.565901517868041992e-02 3.469439223408699036e-02 2.936697006225585938e-02 2.534864097833633423e-02 2.005173265933990479e-02 3.691435232758522034e-02 3.791173920035362244e-02
0.000000000000000000e+00 0.000000000000000000e+00 0.000000000000000000e+00 0.000000000000000000e+00 0.000000000000000000e+00 0.000000000000000000e+00 0.000000000000000000e+00 0.000000000000000000e+00 9.904084925088661359e-23 1.386607345193624496e-02 1.639717444777488708e-02 9.740467183291912079e-03 8.906248025596141815e-03 9.023768827319145203e-03 9.287673048675060272e-03 9.602355770766735077e-03 9.507275186479091644e-03 9.922920726239681244e-03 9.976428933441638947e-03 1.014369353652000427e-02 1.023069210350513458e-02 1.035567652434110641e-02 1.046961825340986252e-02 1.040550414472818375e-02 1.067843567579984665e-02 1.085398718714714050e-02 1.099433191120624542e-02 1.109799463301897049e-02 1.114778779447078705e-02 1.133890077471733093e-02 1.148674916476011276e-02 1.164012681692838669e-02 1.138840708881616592e-02 1.160751748830080032e-02 1.182460691779851913e-02 1.188485790044069290e-02 1.162589900195598602e-02 1.195606216788291931e-02 1.216338947415351868e-02 1.222042180597782135e-02 1.245743222534656525e-02 1.259211171418428421e-02 1.269131526350975037e-02 1.254669111222028732e-02 1.308006700128316879e-02 1.330873649567365646e-02 1.347275450825691223e-02 1.349767297506332397e-02 1.392262242734432220e-02 1.416684873402118683e-02 1.436301041394472122e-02 1.452497672289609909e-02 1.477771252393722534e-02 1.506167836487293243e-02 1.522083301097154617e-02 1.543555594980716705e-02 1.551281381398439407e-02 1.586264744400978088e-02 1.613198406994342804e-02 1.633170060813426971e-02 1.656311936676502228e-02 1.683700643479824066e-02 1.706036739051342010e-02 1.717530936002731323e-02 1.727947778999805450e-02 1.734522357583045959e-02 1.745067909359931946e-02 1.752830110490322113e-02 1.746921241283416748e-02 1.764586381614208221e-02 1.786866225302219391e-02 1.790161244571208954e-02 1.777691766619682312e-02 1.779565773904323578e-02 1.786101236939430237e-02 1.784605160355567932e-02 1.780820637941360474e-02 1.777374185621738434e-02 1.770843006670475006e-02 1.766387373208999634e-02 1.762145012617111206e-02 1.752109639346599579e-02 1.736406050622463226e-02 1.716224476695060730e-02 1.700394786894321442e-02 1.695998013019561768e-02 1.695716753602027893e-02 1.691682450473308563e-02 1.682085730135440826e-02 1.668956317007541656e-02 1.653824001550674438e-02 1.636965572834014893e-02 1.622287556529045105e-02 1.603027805685997009e-02 1.595428958535194397e-02 1.581208780407905579e-02 1.568444073200225830e-02 1.565408520400524139e-02 1.604792289435863495e-02 1.672692783176898956e-02 2.614943496882915497e-02 3.600761666893959045e-02 3.537809476256370544e-02 3.587234765291213989e-02 3.519236668944358826e-02 3.030543215572834015e-02 2.668453007936477661e-02 1.995806209743022919e-02 3.653749451041221619e-02 3.741191700100898743e-02
0.000000000000000000e+00 0.000000000000000000e+00 0.000000000000000000e+00 0.000000000000000000e+00 0.000000000000000000e+00 0.000000000000000000e+00 0.000000000000000000e+00 0.000000000000000000e+00 1.674095874382043523e-22 1.947898976504802704e-02 1.890043169260025024e-02 9.901535697281360626e-03 9.149076417088508606e-03 9.044175036251544952e-03 9.206308051943778992e-03 9.419409558176994324e-03 9.630050510168075562e-03 9.881749749183654785e-03 9.899058379232883453e-03 1.010430231690406799e-02 1.019756589084863663e-02 1.035921555012464523e-02 1.030172407627105713e-02 1.039578858762979507e-02 1.076035015285015106e-02 1.091872528195381165e-02 1.093621924519538879e-02 1.120914705097675323e-02 1.125997025519609451e-02 1.131505146622657776e-02 1.155695505440235138e-02 1.155078411102294922e-02 1.137147005647420883e-02 1.173811312764883041e-02 1.187389250844717026e-02 1.179416570812463760e-02 1.163469254970550537e-02 1.199795026332139969e-02 1.206234935671091080e-02 1.200004853308200836e-02 1.240981277078390121e-02 1.260220818221569061e-02 1.272729225456714630e-02 1.284413225948810577e-02 1.318661309778690338e-02 1.334861200302839279e-02 1.359189022332429886e-02 1.377515960484743118e-02 1.405413448810577393e-02 1.426339801400899887e-02 1.454130094498395920e-02 1.475183665752410889e-02 1.498630829155445099e-02 1.515384484082460403e-02 1.537939533591270447e-02 1.563668809831142426e-02 1.572109945118427277e-02 1.598233357071876526e-02 1.616105623543262482e-02 1.652308925986289978e-02 1.681206189095973969e-02 1.700447127223014832e-02 1.712386496365070343e-02 1.719935983419418335e-02 1.733427867293357849e-02 1.736603677272796631e-02 1.755140349268913269e-02 1.758475415408611298e-02 1.740299910306930542e-02 1.754091866314411163e-02 1.787487603724002838e-02 1.798336952924728394e-02 1.766402460634708405e-02 1.777993515133857727e-02 1.793613098561763763e-02 1.789933443069458008e-02 1.786406151950359344e-02 1.779817976057529449e-02 1.775379106402397156e-02 1.768164709210395813e-02 1.765181310474872589e-02 1.759272627532482147e-02 1.748874783515930176e-02 1.728642359375953674e-02 1.707606948912143707e-02 1.687136106193065643e-02 1.682970486581325531e-02 1.680977642536163330e-02 1.675107143819332123e-02 1.664074696600437164e-02 1.649741828441619873e-02 1.632134057581424713e-02 1.621911115944385529e-02 1.605874300003051758e-02 1.595634594559669495e-02 1.583339832723140717e-02 1.571898162364959717e-02 1.569600217044353485e-02 1.603442244231700897e-02 1.643369533121585846e-02 2.308300882577896118e-02 3.513294830918312073e-02 3.521656617522239685e-02 3.583167865872383118e-02 3.524757549166679382e-02 3.020077943801879883e-02 2.691319026052951813e-02 2.014924958348274231e-02 3.648269549012184143e-02 3.714920580387115479e-02
0.000000000000000000e+00 0.000000000000000000e+00 0.000000000000000000e+00 0.000000000000000000e+00 0.000000000000000000e+00 0.000000000000000000e+00 0.000000000000000000e+00 0.000000000000000000e+00 1.871696064809044328e-22 2.169303968548774719e-02 1.791316270828247070e-02 9.624226018786430359e-03 9.179661981761455536e-03 8.986701257526874542e-03 9.051450528204441071e-03 9.422108530998229980e-03 9.352818131446838379e-03 9.749353863298892975e-03 9.708347730338573456e-03 9.922855533659458160e-03 1.033944170922040939e-02 1.037942804396152496e-02 1.036585681140422821e-02 1.059224829077720642e-02 1.066455058753490448e-02 1.080774515867233276e-02 1.080749928951263428e-02 1.108452584594488144e-02 1.129033882170915604e-02 1.159529667347669601e-02 1.172411069273948669e-02 1.157829537987709045e-02 1.172026898711919785e-02 1.187081541866064072e-02 1.179361995309591293e-02 1.166453212499618530e-02 1.185191050171852112e-02 1.204237435013055801e-02 1.205669436603784561e-02 1.211764570325613022e-02 1.242639590054750443e-02 1.261755824089050293e-02 1.268557552248239517e-02 1.302307285368442535e-02 1.322141755372285843e-02 1.341770309954881668e-02 1.346700452268123627e-02 1.368974708020687103e-02 1.395479962229728699e-02 1.422426011413335800e-02 1.453276537358760834e-02 1.469144225120544434e-02 1.491771917790174484e-02 1.528699230402708054e-02 1.550556067377328873e-02 1.564900949597358704e-02 1.580805703997612000e-02 1.600125432014465332e-02 1.626946777105331421e-02 1.655444502830505371e-02 1.673391647636890411e-02 1.687872037291526794e-02 1.703772507607936859e-02 1.714112050831317902e-02 1.725247316062450409e-02 1.725248806178569794e-02 1.742002554237842560e-02 1.739534735679626465e-02 1.737306453287601471e-02 1.744037680327892303e-02 1.775232516229152679e-02 1.788845285773277283e-02 1.760388724505901337e-02 1.782041788101196289e-02 1.801435463130474091e-02 1.798347011208534241e-02 1.795423217117786407e-02 1.784545928239822388e-02 1.780282892286777496e-02 1.770021580159664154e-02 1.765625551342964172e-02 1.763394847512245178e-02 1.757831685245037079e-02 1.743552647531032562e-02 1.720929704606533051e-02 1.692148670554161072e-02 1.675978302955627441e-02 1.671233400702476501e-02 1.665682159364223480e-02 1.657929457724094391e-02 1.646448485553264618e-02 1.630222797393798828e-02 1.626637205481529236e-02 1.609808020293712616e-02 1.593620702624320984e-02 1.584428362548351288e-02 1.574479043483734131e-02 1.570407673716545105e-02 1.594097353518009186e-02 1.623198948800563812e-02 2.156504616141319275e-02 3.294722735881805420e-02 3.525427728891372681e-02 3.550672158598899841e-02 3.511862084269523621e-02 3.018614277243614197e-02 2.664972655475139618e-02 2.030634880065917969e-02 3.632000088691711426e-02 3.692798689007759094e-02
0.000000000000000000e+00 0.000000000000000000e+00 0.000000000000000000e+00 0.000000000000000000e+00 0.000000000000000000e+00 0.000000000000000000e+00 0.000000000000000000e+00 0.000000000000000000e+00 1.709080379441729747e-06 1.338990591466426849e-02 1.241608802229166031e-02 9.270551614463329315e-03 9.070975705981254578e-03 9.123230352997779846e-03 9.160120971500873566e-03 9.503082372248172760e-03 9.614402428269386292e-03 1.011834014207124710e-02 9.707625955343246460e-03 9.769013151526451111e-03 1.010792329907417297e-02 1.013995893299579620e-02 1.029513962566852570e-02 1.044639386236667633e-02 1.061435043811798096e-02 1.101360097527503967e-02 1.119973510503768921e-02 1.117922272533178329e-02 1.115493103861808777e-02 1.146238110959529877e-02 1.168488059192895889e-02 1.189192011952400208e-02 1.207214221358299255e-02 1.204758975654840469e-02 1.198281906545162201e-02 1.168486196547746658e-02 1.189740374684333801e-02 1.197558362036943436e-02 1.191677711904048920e-02 1.189495064318180084e-02 1.206055190414190292e-02 1.209418289363384247e-02 1.218607556074857712e-02 1.275321468710899353e-02 1.330140046775341034e-02 1.381810009479522705e-02 1.396689470857381821e-02 1.408611796796321869e-02 1.437095645815134048e-02 1.442374289035797119e-02 1.453176699578762054e-02 1.464180462062358856e-02 1.481899619102478027e-02 1.500758621841669083e-02 1.531827636063098907e-02 1.561281643807888031e-02 1.582098379731178284e-02 1.608433015644550323e-02 1.625656522810459137e-02 1.649905368685722351e-02 1.667360402643680573e-02 1.696711033582687378e-02 1.716415770351886749e-02 1.727251522243022919e-02 1.731406524777412415e-02 1.733994297683238983e-02 1.741162873804569244e-02 1.747694984078407288e-02 1.747851446270942688e-02 1.739432848989963531e-02 1.757523044943809509e-02 1.759417168796062469e-02 1.746431738138198853e-02 1.763494499027729034e-02 1.801867969334125519e-02 1.824292168021202087e-02 1.818329840898513794e-02 1.805298030376434326e-02 1.791522838175296783e-02 1.774900965392589569e-02 1.764739118516445160e-02 1.762493886053562164e-02 1.750505901873111725e-02 1.745297200977802277e-02 1.730656251311302185e-02 1.709387823939323425e-02 1.682437025010585785e-02 1.668410375714302063e-02 1.655204221606254578e-02 1.650205813348293304e-02 1.642612554132938385e-02 1.629864051938056946e-02 1.623188890516757965e-02 1.610910333693027496e-02 1.593665592372417450e-02 1.582779549062252045e-02 1.575316302478313446e-02 1.567283272743225098e-02 1.593276299536228180e-02 1.604923047125339508e-02 2.065843343734741211e-02 3.028611280024051666e-02 3.519522398710250854e-02 3.518134728074073792e-02 3.502382338047027588e-02 3.120900876820087433e-02 2.653870359063148499e-02 2.001691795885562897e-02 3.619541972875595093e-02 3.669609129428863525e-02
0.000000000000000000e+00 0.000000000000000000e+00 0.000000000000000000e+00 0.000000000000000000e+00 0.000000000000000000e+00 0.000000000000000000e+00 0.000000000000000000e+00 1.871696064809044328e-22 2.079571969807147980e-02 2.806959301233291626e-02 1.202588900923728943e-02 9.275051765143871307e-03 9.509571827948093414e-03 9.491850621998310089e-03 9.534345008432865143e-03 9.615913964807987213e-03 9.705015458166599274e-03 9.709252044558525085e-03 9.926201775670051575e-03 1.010259427130222321e-02 1.024336740374565125e-02 1.078046858310699463e-02 1.119168847799301147e-02 1.100525073707103729e-02 1.092431228607892990e-02 1.099562272429466248e-02 1.111863832920789719e-02 1.123370137065649033e-02 1.144369784742593765e-02 1.155033800750970840e-02 1.157209090888500214e-02 1.164888776838779449e-02 1.168307755142450333e-02 1.173009630292654037e-02 1.176531706005334854e-02 1.131710689514875412e-02 1.126577518880367279e-02 1.179446373134851456e-02 1.214344892650842667e-02 1.262134406715631485e-02 1.294632535427808762e-02 1.310763042420148849e-02 1.326597575098276138e-02 1.365911867469549179e-02 1.373287755995988846e-02 1.389621756970882416e-02 1.404806971549987793e-02 1.416562125086784363e-02 1.445829495787620544e-02 1.467398926615715027e-02 1.490858756005764008e-02 1.517673395574092865e-02 1.537854596972465515e-02 1.539740990847349167e-02 1.566330529749393463e-02 1.590791717171669006e-02 1.615425758063793182e-02 1.645882055163383484e-02 1.657032221555709839e-02 1.691202819347381592e-02 1.698225922882556915e-02 1.718344539403915405e-02 1.725843921303749084e-02 1.731852628290653229e-02 1.739967986941337585e-02 1.744510978460311890e-02 1.739222928881645203e-02 1.743748039007186890e-02 1.741573028266429901e-02 1.748219504952430725e-02 1.743495650589466095e-02 1.732816919684410095e-02 1.754930801689624786e-02 1.753764972090721130e-02 1.804580539464950562e-02 1.841180212795734406e-02 1.826636679470539093e-02 1.819684542715549469e-02 1.792284101247787476e-02 1.780325360596179962e-02 1.762827672064304352e-02 1.741017028689384460e-02 1.712949573993682861e-02 1.720242574810981750e-02 1.734624244272708893e-02 1.725122705101966858e-02 1.702315546572208405e-02 1.671576686203479767e-02 1.652246713638305664e-02 1.641601882874965668e-02 1.636254228651523590e-02 1.631070300936698914e-02 1.613691821694374084e-02 1.604258641600608826e-02 1.594692468643188477e-02 1.577678509056568146e-02 1.575279422104358673e-02 1.570923812687397003e-02 1.598255522549152374e-02 1.594053767621517181e-02 1.997884735465049744e-02 2.812870591878890991e-02 3.478907421231269836e-02 3.484657406806945801e-02 3.464593738317489624e-02 3.190519660711288452e-02 2.672418206930160522e-02 1.995616219937801361e-02 3.591334074735641479e-02 3.642577677965164185e-02
0.000000000000000000e+00 0.000000000000000000e+00 0.000000000000000000e+00 0.000000000000000000e+00 0.000000000000000000e+00 0.000000000000000000e+00 0.000000000000000000e+00 0.000000000000000000e+00 2.673316574290952537e-22 1.234574336558580399e-02 1.387654710561037064e-02 8.489661850035190582e-03 1.673873327672481537e-02 1.427718717604875565e-02 1.130710542201995850e-02 1.000624150037765503e-02 1.031866017729043961e-02 1.014849077910184860e-02 9.838901460170745850e-03 1.022462174296379089e-02 1.015837118029594421e-02 1.100646238774061203e-02 1.143554598093032837e-02 1.119198370724916458e-02 1.120371837168931961e-02 1.097161974757909775e-02 1.096639409661293030e-02 1.184913050383329391e-02 1.258032396435737610e-02 1.260039303451776505e-02 1.227343734353780746e-02 1.225101854652166367e-02 1.204562932252883911e-02 1.210134383291006088e-02 1.229639723896980286e-02 1.255280990153551102e-02 1.253376249223947525e-02 1.253314036875963211e-02 1.250387448817491531e-02 1.256339717656373978e-02 1.280914340168237686e-02 1.339497696608304977e-02 1.417660433799028397e-02 1.473529636859893799e-02 1.525091845542192459e-02 1.530897058546543121e-02 1.529676746577024460e-02 1.556878536939620972e-02 1.563186571002006531e-02 1.569000445306301117e-02 1.596272550523281097e-02 1.611946709454059601e-02 1.618872210383415222e-02 1.635071262717247009e-02 1.657065562903881073e-02 1.680667139589786530e-02 1.696600951254367828e-02 1.735051535069942474e-02 1.766828820109367371e-02 1.793708465993404388e-02 1.825289428234100342e-02 1.828963495790958405e-02 1.834477484226226807e-02 1.826958358287811279e-02 1.815751567482948303e-02 1.808333769440650940e-02 1.803922466933727264e-02 1.780382543802261353e-02 1.756138354539871216e-02 1.765791140496730804e-02 1.747838035225868225e-02 1.762256026268005371e-02 1.746369525790214539e-02 1.742212660610675812e-02 1.803722232580184937e-02 1.829696819186210632e-02 1.816480234265327454e-02 1.808124594390392303e-02 1.812040247023105621e-02 1.810910925269126892e-02 1.777442730963230133e-02 1.733867451548576355e-02 1.718179322779178619e-02 1.724927499890327454e-02 1.734520308673381805e-02 1.729357615113258362e-02 1.707957871258258820e-02 1.677560620009899139e-02 1.668668538331985474e-02 1.647202856838703156e-02 1.628767699003219604e-02 1.631618663668632507e-02 1.623661071062088013e-02 1.604739204049110413e-02 1.591424830257892609e-02 1.567295752465724945e-02 1.568627357482910156e-02 1.569822989404201508e-02 1.600705459713935852e-02 1.590741984546184540e-02 1.999318040907382965e-02 2.725714817643165588e-02 3.403434529900550842e-02 3.418451920151710510e-02 3.376117348670959473e-02 3.194197639822959900e-02 2.686616778373718262e-02 2.047901786863803864e-02 3.567800670862197876e-02 3.636682778596878052e-02
0.000000000000000000e+00 0.000000000000000000e+00 0.000000000000000000e+00 0.000000000000000000e+00 0.000000000000000000e+00 0.000000000000000000e+00 0.000000000000000000e+00 0.000000000000000000e+00 0.000000000000000000e+00 1.871696064809044328e-22 1.908762934805824395e-22 2.673316574290952537e-22 1.437534019351005554e-02 1.669987663626670837e-02 1.256711222231388092e-02 1.038597431033849716e-02 9.836165234446525574e-03 1.097247656434774399e-02 1.167512405663728714e-02 1.113015599548816681e-02 1.049245800822973251e-02 1.118527352809906006e-02 1.146845333278179169e-02 1.105394773185253143e-02 1.178919710218906403e-02 1.275011524558067322e-02 1.310295239090919495e-02 1.678469777107238770e-02 1.860606670379638672e-02 1.663769036531448364e-02 1.387280598282814026e-02 1.314609404653310776e-02 1.328835356980562210e-02 1.334153208881616592e-02 1.231111772358417511e-02 1.217448618263006210e-02 1.290407124906778336e-02 1.300058141350746155e-02 1.317185070365667343e-02 1.262980792671442032e-02 1.241205539554357529e-02 1.253541093319654465e-02 1.285057514905929565e-02 1.322987489402294159e-02 1.378766633570194244e-02 1.395793817937374115e-02 1.405931543558835983e-02 1.471534930169582367e-02 1.511720474809408188e-02 1.531834248453378677e-02 1.562828756868839264e-02 1.598848961293697357e-02 1.630340702831745148e-02 1.685208454728126526e-02 1.737148314714431763e-02 1.776199601590633392e-02 1.831019297242164612e-02 1.864888519048690796e-02 1.897592097520828247e-02 1.906943134963512421e-02 1.927168481051921844e-02 1.930061168968677521e-02 1.904079318046569824e-02 1.855729334056377411e-02 1.832666434347629547e-02 1.823860779404640198e-02 1.823880523443222046e-02 1.809037104249000549e-02 1.794252358376979828e-02 1.783877424895763397e-02 1.742403581738471985e-02 1.741790957748889923e-02 1.744277216494083405e-02 1.724889874458312988e-02 1.736242137849330902e-02 1.743143238127231598e-02 1.737255416810512543e-02 1.746529154479503632e-02 1.804851181805133820e-02 1.802867837250232697e-02 1.746913418173789978e-02 1.686698012053966522e-02 1.692633889615535736e-02 1.699379645287990570e-02 1.720588840544223785e-02 1.722158119082450867e-02 1.715448498725891113e-02 1.720820181071758270e-02 1.705930754542350769e-02 1.686282642185688019e-02 1.655508205294609070e-02 1.641873642802238464e-02 1.623989269137382507e-02 1.602105610072612762e-02 1.580240204930305481e-02 1.575385779142379761e-02 1.571952551603317261e-02 1.558800321072340012e-02 1.598262786865234375e-02 1.572759263217449188e-02 2.042371220886707306e-02 2.800466492772102356e-02 3.315537795424461365e-02 3.216331452131271362e-02 3.086531534790992737e-02 3.073108196258544922e-02 2.684718742966651917e-02 2.136465534567832947e-02 3.560027852654457092e-02 3.630627691745758057e-02
0.000000000000000000e+00 0.000000000000000000e+00 0.000000000000000000e+00 0.000000000000000000e+00 0.000000000000000000e+00 0.000000000000000000e+00 0.000000000000000000e+00 0.000000000000000000e+00 0.000000000000000000e+00 0.000000000000000000e+00 0.000000000000000000e+00 0.000000000000000000e+00 1.871696064809044328e-22 1.871696064809044328e-22 1.908762934805824395e-22 1.871696064809044328e-22 1.755806591815815267e-22 1.908762934805824395e-22 2.994713653207372990e-22 1.908762934805824395e-22 1.908762934805824395e-22 1.871696064809044328e-22 1.871696064809044328e-22 1.871696064809044328e-22 1.871696064809044328e-22 1.795267812432122149e-22 2.538892151686395418e-22 7.721552625298500061e-03 1.268253102898597717e-02 1.293062604963779449e-02 1.189953554421663284e-02 1.242528762668371201e-02 1.377571281045675278e-02 1.521409768611192703e-02 1.500646956264972687e-02 1.442527025938034058e-02 1.778077892959117889e-02 1.688609644770622253e-02 1.397891808301210403e-02 1.419370435178279877e-02 1.456942409276962280e-02 1.526693068444728851e-02 1.523899380117654800e-02 1.512462366372346878e-02 1.455699186772108078e-02 1.428347453474998474e-02 1.411506067961454391e-02 1.428553555160760880e-02 1.448550168424844742e-02 1.454234216362237930e-02 1.443388778716325760e-02 1.448749471455812454e-02 1.464483700692653656e-02 1.490304153412580490e-02 1.536352280527353287e-02 1.575876213610172272e-02 1.626552827656269073e-02 1.662765629589557648e-02 1.710944436490535736e-02 1.761316321790218353e-02 1.803962700068950653e-02 1.828856766223907471e-02 1.836680993437767029e-02 1.832758821547031403e-02 1.848367787897586823e-02 1.842904835939407349e-02 1.842884905636310577e-02 1.841017976403236389e-02 1.821753010153770447e-02 1.788050495088100433e-02 1.772948540747165680e-02 1.770332828164100647e-02 1.768088713288307190e-02 1.746223866939544678e-02 1.723471097648143768e-02 1.718606241047382355e-02 1.735053397715091705e-02 1.728262007236480713e-02 1.758898049592971802e-02 1.759176142513751984e-02 1.724591292440891266e-02 1.716382801532745361e-02 1.735211350023746490e-02 1.727143116295337677e-02 1.716920174658298492e-02 1.684523187577724457e-02 1.671469956636428833e-02 1.687235012650489807e-02 1.658334955573081970e-02 1.643380150198936462e-02 1.671187579631805420e-02 1.685260981321334839e-02 1.650992222130298615e-02 1.632257737219333649e-02 1.599931344389915466e-02 1.592280715703964233e-02 1.578533463180065155e-02 1.548100542277097702e-02 1.565625891089439392e-02 1.553965918719768524e-02 2.120562642812728882e-02 2.871327288448810577e-02 3.173977509140968323e-02 2.894750796258449554e-02 2.642749063670635223e-02 2.603612281382083893e-02 2.340453304350376129e-02 1.990591734647750854e-02 3.493868932127952576e-02 3.635069727897644043e-02
0.000000000000000000e+00 0.000000000000000000e+00 0.000000000000000000e+00 0.000000000000000000e+00 0.000000000000000000e+00 0.000000000000000000e+00 0.000000000000000000e+00 0.000000000000000000e+00 0.000000000000000000e+00 0.000000000000000000e+00 0.000000000000000000e+00 0.000000000000000000e+00 0.000000000000000000e+00 0.000000000000000000e+00 0.000000000000000000e+00 0.000000000000000000e+00 0.000000000000000000e+00 0.000000000000000000e+00 0.000000000000000000e+00 0.000000000000000000e+00 0.000000000000000000e+00 0.000000000000000000e+00 0.000000000000000000e+00 0.000000000000000000e+00 0.000000000000000000e+00 0.000000000000000000e+00 0.000000000000000000e+00 1.755806591815815267e-22 1.908762934805824395e-22 1.980816985017732272e-22 2.425995427640957623e-22 2.277016584443945254e-22 2.214620589849094434e-22 2.947549868494743313e-22 2.454706430494147063e-22 2.646977960169688560e-22 9.943046607077121735e-03 1.375465095043182373e-02 1.101140584796667099e-02 2.575682476162910461e-02 3.579554706811904907e-02 4.187897220253944397e-02 4.435902833938598633e-02 4.513306915760040283e-02 4.441910982131958008e-02 4.294037818908691406e-02 3.941504657268524170e-02 3.694140538573265076e-02 3.492366522550582886e-02 3.259045630693435669e-02 3.042568266391754150e-02 2.858674526214599609e-02 2.685307711362838745e-02 2.488550543785095215e-02 2.325551398098468781e-02 2.167340554296970367e-02 2.070462517440319061e-02 2.002321556210517883e-02 1.945931650698184967e-02 1.902844943106174469e-02 1.887556910514831543e-02 1.903918012976646423e-02 1.881806179881095886e-02 1.861116290092468262e-02 1.878587156534194946e-02 1.882766187191009521e-02 1.847043074667453766e-02 1.820200309157371521e-02 1.823404990136623383e-02 1.827898994088172913e-02 1.826109178364276886e-02 1.766972430050373077e-02 1.740241236984729767e-02 1.747906208038330078e-02 1.770820654928684235e-02 1.762919686734676361e-02 1.749073155224323273e-02 1.775458082556724548e-02 1.791545748710632324e-02 1.781247183680534363e-02 1.771429926156997681e-02 1.756947673857212067e-02 1.751651242375373840e-02 1.768721081316471100e-02 1.782321184873580933e-02 1.754330843687057495e-02 1.725431904196739197e-02 1.722051948308944702e-02 1.732722669839859009e-02 1.715141721069812775e-02 1.671516150236129761e-02 1.635915227234363556e-02 1.600542850792407990e-02 1.589126698672771454e-02 1.597910746932029724e-02 1.576246879994869232e-02 1.572051085531711578e-02 1.561232097446918488e-02 1.571991853415966034e-02 1.550151407718658447e-02 2.316954359412193298e-02 2.957298420369625092e-02 2.860691770911216736e-02 2.185023762285709381e-02 1.782520301640033722e-02 1.727677695453166962e-02 1.739283464848995209e-02 1.795367524027824402e-02 3.435076773166656494e-02 3.585496917366981506e-02
0.000000000000000000e+00 0.000000000000000000e+00 0.000000000000000000e+00 0.000000000000000000e+00 0.000000000000000000e+00 0.000000000000000000e+00 0.000000000000000000e+00 0.000000000000000000e+00 0.000000000000000000e+00 0.000000000000000000e+00 0.000000000000000000e+00 0.000000000000000000e+00 0.000000000000000000e+00 0.000000000000000000e+00 0.000000000000000000e+00 0.000000000000000000e+00 0.000000000000000000e+00 0.000000000000000000e+00 0.000000000000000000e+00 0.000000000000000000e+00 0.000000000000000000e+00 0.000000000000000000e+00 0.000000000000000000e+00 0.000000000000000000e+00 0.000000000000000000e+00 0.000000000000000000e+00 0.000000000000000000e+00 0.000000000000000000e+00 0.000000000000000000e+00 0.000000000000000000e+00 0.000000000000000000e+00 0.000000000000000000e+00 0.000000000000000000e+00 0.000000000000000000e+00 0.000000000000000000e+00 0.000000000000000000e+00 1.871696064809044328e-22 1.871696064809044328e-22 1.945123616520250613e-22 2.222954668104648590e-02 4.631843417882919312e-02 5.763856694102287292e-02 6.241612136363983154e-02 6.492397934198379517e-02 6.585115194320678711e-02 6.682313978672027588e-02 6.608732789754867554e-02 6.412109732627868652e-02 6.296117603778839111e-02 6.091461703181266785e-02 5.906716361641883850e-02 5.728983879089355469e-02 5.554251745343208313e-02 5.255366489291191101e-02 4.955146461725234985e-02 4.514418914914131165e-02 4.014719650149345398e-02 3.552021086215972900e-02 3.195764496922492981e-02 2.820665948092937469e-02 2.520210482180118561e-02 2.296690642833709717e-02 2.132075279951095581e-02 1.994541101157665253e-02 1.933554932475090027e-02 1.909730397164821625e-02 1.871411129832267761e-02 1.870529726147651672e-02 1.860596984624862671e-02 1.827091164886951447e-02 1.799200102686882019e-02 1.788109168410301208e-02 1.779339276254177094e-02 1.786657795310020447e-02 1.778901927173137665e-02 1.754843071103096008e-02 1.773439720273017883e-02 1.779346168041229248e-02 1.764162257313728333e-02 1.784006319940090179e-02 1.794627308845520020e-02 1.782393082976341248e-02 1.776773110032081604e-02 1.775783859193325043e-02 1.805672422051429749e-02 1.784552820026874542e-02 1.788173429667949677e-02 1.754696480929851532e-02 1.767972297966480255e-02 1.760375872254371643e-02 1.715656556189060211e-02 1.744271814823150635e-02 1.716058142483234406e-02 1.656688004732131958e-02 1.635132357478141785e-02 1.566533744335174561e-02 1.541116926819086075e-02 1.531219761818647385e-02 1.536876801401376724e-02 1.580810360610485077e-02 2.504764124751091003e-02 2.887819893658161163e-02 2.513250708580017090e-02 1.718044281005859375e-02 1.492534391582012177e-02 1.506893709301948547e-02 1.524072885513305664e-02 1.607815176248550415e-02 3.410699591040611267e-02 3.488506004214286804e-02
0.000000000000000000e+00 0.000000000000000000e+00 0.000000000000000000e+00 0.000000000000000000e+00 0.000000000000000000e+00 0.000000000000000000e+00 0.000000000000000000e+00 0.000000000000000000e+00 0.000000000000000000e+00 0.000000000000000000e+00 0.000000000000000000e+00 0.000000000000000000e+00 0.000000000000000000e+00 0.000000000000000000e+00 0.000000000000000000e+00 0.000000000000000000e+00 0.000000000000000000e+00 0.000000000000000000e+00 0.000000000000000000e+00 0.000000000000000000e+00 0.000000000000000000e+00 0.000000000000000000e+00 0.000000000000000000e+00 0.000000000000000000e+00 0.000000000000000000e+00 0.000000000000000000e+00 0.000000000000000000e+00 0.000000000000000000e+00 0.000000000000000000e+00 0.000000000000000000e+00 0.000000000000000000e+00 0.000000000000000000e+00 0.000000000000000000e+00 0.000000000000000000e+00 0.000000000000000000e+00 0.000000000000000000e+00 0.000000000000000000e+00 1.349699230759610694e-22 2.139236219227313995e-02 2.617212757468223572e-02 2.860114537179470062e-02 3.689527139067649841e-02 4.163797944784164429e-02 4.460790380835533142e-02 4.741295054554939270e-02 4.982047528028488159e-02 5.223469436168670654e-02 5.365063250064849854e-02 5.449984595179557800e-02 5.525205284357070923e-02 5.561096221208572388e-02 5.625653266906738281e-02 5.683787167072296143e-02 5.849227681756019592e-02 5.799243226647377014e-02 5.384342744946479797e-02 4.909912124276161194e-02 4.327252134680747986e-02 3.885976970195770264e-02 3.419606760144233704e-02 3.057823143899440765e-02 2.738665230572223663e-02 2.453380264341831207e-02 2.189004980027675629e-02 2.056789025664329529e-02 1.970296166837215424e-02 1.969461329281330109e-02 1.938357017934322357e-02 1.904429867863655090e-02 1.875653490424156189e-02 1.846945472061634064e-02 1.828803494572639465e-02 1.793982647359371185e-02 1.793115958571434021e-02 1.790088042616844177e-02 1.788823865354061127e-02 1.800581440329551697e-02 1.789519749581813812e-02 1.774271391332149506e-02 1.763073354959487915e-02 1.758927106857299805e-02 1.751804538071155548e-02 1.743039675056934357e-02 1.752306520938873291e-02 1.731315627694129944e-02 1.716197095811367035e-02 1.764520816504955292e-02 1.781955547630786896e-02 1.780152134597301483e-02 1.809556968510150909e-02 1.779453642666339874e-02 1.761244982481002808e-02 1.768199726939201355e-02 1.761732622981071472e-02 1.737145707011222839e-02 1.671599596738815308e-02 1.601152680814266205e-02 1.505005080252885818e-02 1.438367553055286407e-02 1.730966381728649139e-02 2.452719025313854218e-02 2.566062659025192261e-02 2.077749557793140411e-02 1.533779036253690720e-02 1.504813693463802338e-02 1.565597578883171082e-02 1.568298973143100739e-02 1.613001525402069092e-02 3.444806113839149475e-02 3.397015854716300964e-02
0.000000000000000000e+00 0.000000000000000000e+00 0.000000000000000000e+00 0.000000000000000000e+00 0.000000000000000000e+00 0.000000000000000000e+00 0.000000000000000000e+00 0.000000000000000000e+00 0.000000000000000000e+00 0.000000000000000000e+00 0.000000000000000000e+00 0.000000000000000000e+00 0.000000000000000000e+00 0.000000000000000000e+00 0.000000000000000000e+00 0.000000000000000000e+00 0.000000000000000000e+00 0.000000000000000000e+00 0.000000000000000000e+00 0.000000000000000000e+00 0.000000000000000000e+00 0.000000000000000000e+00 0.000000000000000000e+00 0.000000000000000000e+00 0.000000000000000000e+00 0.000000000000000000e+00 0.000000000000000000e+00 0.000000000000000000e+00 0.000000000000000000e+00 0.000000000000000000e+00 0.000000000000000000e+00 0.000000000000000000e+00 0.000000000000000000e+00 0.000000000000000000e+00 0.000000000000000000e+00 0.000000000000000000e+00 0.000000000000000000e+00 2.593498239505497374e-22 2.596556209027767181e-02 2.522774226963520050e-02 3.022579662501811981e-02 3.662703931331634521e-02 4.030994698405265808e-02 4.450646042823791504e-02 4.899720102548599243e-02 5.010193958878517151e-02 4.405452683568000793e-02 3.786515071988105774e-02 3.729675710201263428e-02 3.698671981692314148e-02 3.535152971744537354e-02 3.535509854555130005e-02 3.626842051744461060e-02 3.883834928274154663e-02 4.037413001060485840e-02 4.087867587804794312e-02 4.075329750776290894e-02 3.762383759021759033e-02 3.367774933576583862e-02 3.081354498863220215e-02 2.864678390324115753e-02 2.672732248902320862e-02 2.503436990082263947e-02 2.285999432206153870e-02 2.107610367238521576e-02 1.961725950241088867e-02 1.948689110577106476e-02 1.890852302312850952e-02 1.885311119258403778e-02 1.876231096684932709e-02 1.840040460228919983e-02 1.827169395983219147e-02 1.795589737594127655e-02 1.766655594110488892e-02 1.749501191079616547e-02 1.738146133720874786e-02 1.710581593215465546e-02 1.697618328034877777e-02 1.702365837991237640e-02 1.694692485034465790e-02 1.690799556672573090e-02 1.706613227725028992e-02 1.698151603341102600e-02 1.700525917112827301e-02 1.684234850108623505e-02 1.683169789612293243e-02 1.696400344371795654e-02 1.715630851686000824e-02 1.706377044320106506e-02 1.747697778046131134e-02 1.782508194446563721e-02 1.867737248539924622e-02 1.946318894624710083e-02 1.929007098078727722e-02 1.837864331901073456e-02 1.787370257079601288e-02 1.714189723134040833e-02 1.632785610854625702e-02 1.741735450923442841e-02 2.678708732128143311e-02 2.884119376540184021e-02 2.427080273628234863e-02 1.870246231555938721e-02 1.639167219400405884e-02 1.760681346058845520e-02 1.864021830260753632e-02 1.809576526284217834e-02 1.737008802592754364e-02 3.293054923415184021e-02 3.355970606207847595e-02
0.000000000000000000e+00 0.000000000000000000e+00 0.000000000000000000e+00 0.000000000000000000e+00 0.000000000000000000e+00 0.000000000000000000e+00 0.000000000000000000e+00 0.000000000000000000e+00 0.000000000000000000e+00 0.000000000000000000e+00 0.000000000000000000e+00 0.000000000000000000e+00 0.000000000000000000e+00 0.000000000000000000e+00 0.000000000000000000e+00 0.000000000000000000e+00 0.000000000000000000e+00 0.000000000000000000e+00 0.000000000000000000e+00 0.000000000000000000e+00 0.000000000000000000e+00 0.000000000000000000e+00 0.000000000000000000e+00 0.000000000000000000e+00 0.000000000000000000e+00 0.000000000000000000e+00 0.000000000000000000e+00 0.000000000000000000e+00 0.000000000000000000e+00 0.000000000000000000e+00 0.000000000000000000e+00 0.000000000000000000e+00 0.000000000000000000e+00 0.000000000000000000e+00 0.000000000000000000e+00 0.000000000000000000e+00 1.795267812432122149e-22 2.020036429166793823e-02 2.705238014459609985e-02 1.448927633464336395e-02 2.198905497789382935e-02 3.105604462325572968e-02 3.723569586873054504e-02 4.172461852431297302e-02 4.610852897167205811e-02 5.113205686211585999e-02 5.516707897186279297e-02 5.323639512062072754e-02 5.024703964591026306e-02 5.167340859770774841e-02 5.416621640324592590e-02 5.629156902432441711e-02 5.998640879988670349e-02 6.363849341869354248e-02 6.546449661254882812e-02 6.655531376600265503e-02 6.408100575208663940e-02 5.659774318337440491e-02 4.412322491407394409e-02 3.091044165194034576e-02 2.493869699537754059e-02 2.421608194708824158e-02 2.356301061809062958e-02 2.264789864420890808e-02 2.014148607850074768e-02 1.901588775217533112e-02 1.860548183321952820e-02 1.824972778558731079e-02 1.808018982410430908e-02 1.802659407258033752e-02 1.782015338540077209e-02 1.768258400261402130e-02 1.746715605258941650e-02 1.737445406615734100e-02 1.741584390401840210e-02 1.739874854683876038e-02 1.705574430525302887e-02 1.716609671711921692e-02 1.706664264202117920e-02 1.710406318306922913e-02 1.714746281504631042e-02 1.718559302389621735e-02 1.717615686357021332e-02 1.710625179111957550e-02 1.726656220853328705e-02 1.726151444017887115e-02 1.719035767018795013e-02 1.711324229836463928e-02 1.717133074998855591e-02 1.746030896902084351e-02 1.773298531770706177e-02 1.843716017901897430e-02 1.921667903661727905e-02 1.972770690917968750e-02 2.046102285385131836e-02 2.039269544184207916e-02 1.871871016919612885e-02 1.753792352974414825e-02 1.915662921965122223e-02 2.148814871907234192e-02 2.112518996000289917e-02 1.760996133089065552e-02 1.666012033820152283e-02 1.725272648036479950e-02 1.953428052365779877e-02 2.286466024816036224e-02 2.480589598417282104e-02 2.455433830618858337e-02 3.365455195307731628e-02 3.366389498114585876e-02
0.000000000000000000e+00 0.000000000000000000e+00 0.000000000000000000e+00 0.000000000000000000e+00 0.000000000000000000e+00 0.000000000000000000e+00 0.000000000000000000e+00 0.000000000000000000e+00 0.000000000000000000e+00 0.000000000000000000e+00 0.000000000000000000e+00 0.000000000000000000e+00 0.000000000000000000e+00 0.000000000000000000e+00 0.000000000000000000e+00 0.000000000000000000e+00 0.000000000000000000e+00 0.000000000000000000e+00 0.000000000000000000e+00 0.000000000000000000e+00 0.000000000000000000e+00 0.000000000000000000e+00 0.000000000000000000e+00 0.000000000000000000e+00 0.000000000000000000e+00 0.000000000000000000e+00 0.000000000000000000e+00 0.000000000000000000e+00 0.000000000000000000e+00 0.000000000000000000e+00 0.000000000000000000e+00 0.000000000000000000e+00 0.000000000000000000e+00 0.000000000000000000e+00 0.000000000000000000e+00 0.000000000000000000e+00 1.871696064809044328e-22 1.902393065392971039e-02 2.368693798780441284e-02 1.042925380170345306e-02 1.093713380396366119e-02 1.544505823403596878e-02 2.358013391494750977e-02 3.237996622920036316e-02 3.835370764136314392e-02 3.685669228434562683e-02 3.516503423452377319e-02 4.311810806393623352e-02 5.498140677809715271e-02 6.056745722889900208e-02 6.152315437793731689e-02 6.192000955343246460e-02 6.719379127025604248e-02 7.243292778730392456e-02 7.209751009941101074e-02 7.006121426820755005e-02 6.729206442832946777e-02 6.332787871360778809e-02 5.744685977697372437e-02 4.751746729016304016e-02 3.968496620655059814e-02 3.542874008417129517e-02 2.864764817059040070e-02 2.461472153663635254e-02 2.370528131723403931e-02 2.400369010865688324e-02 2.294720709323883057e-02 2.184537425637245178e-02 2.198253571987152100e-02 2.202020958065986633e-02 2.154261805117130280e-02 2.142631448805332184e-02 2.143207378685474396e-02 2.177522704005241394e-02 2.218152955174446106e-02 2.165978401899337769e-02 1.920184306800365448e-02 1.804720051586627960e-02 1.802785322070121765e-02 1.804726198315620422e-02 1.819241419434547424e-02 1.804137416183948517e-02 1.819726638495922089e-02 1.805598847568035126e-02 1.822781562805175781e-02 1.785150170326232910e-02 1.756894960999488831e-02 1.781554333865642548e-02 1.813536137342453003e-02 1.875677146017551422e-02 2.018465474247932434e-02 1.983930356800556183e-02 2.065600827336311340e-02 2.119629457592964172e-02 2.199473045766353607e-02 2.240417338907718658e-02 2.161551453173160553e-02 2.340845204889774323e-02 3.268307447433471680e-02 3.418599814176559448e-02 2.998578548431396484e-02 2.302978560328483582e-02 1.840898394584655762e-02 1.762144640088081360e-02 1.828974299132823944e-02 1.918714866042137146e-02 1.933927834033966064e-02 1.963627897202968597e-02 3.018711879849433899e-02 3.528490290045738220e-02
nan nan nan nan nan nan nan nan nan nan nan nan nan nan nan nan nan nan nan nan nan nan nan nan nan nan nan nan nan nan nan nan nan nan nan nan nan nan nan nan nan nan nan nan nan nan nan nan nan nan nan nan nan nan nan nan nan nan nan nan nan nan nan nan nan nan nan nan nan nan nan nan nan nan nan nan nan nan nan nan nan nan nan nan nan nan nan nan nan nan nan nan nan nan nan nan nan nan nan nan nan nan nan nan nan nan nan nan nan nan
