nan nan nan nan nan nan nan nan nan nan nan nan nan nan nan nan nan nan nan nan nan nan nan nan nan nan nan nan nan nan nan nan nan nan nan nan nan nan nan nan nan nan nan nan nan nan nan nan nan nan nan nan nan nan nan nan nan nan nan nan nan nan nan nan nan nan nan nan nan nan nan nan nan nan nan nan nan nan nan nan nan nan nan nan nan nan nan nan nan nan nan nan nan nan nan nan nan nan nan nan nan nan nan nan nan nan nan nan nan nan
0.000000000000000000e+00 0.000000000000000000e+00 0.000000000000000000e+00 0.000000000000000000e+00 0.000000000000000000e+00 0.000000000000000000e+00 0.000000000000000000e+00 0.000000000000000000e+00 0.000000000000000000e+00 0.000000000000000000e+00 0.000000000000000000e+00 0.000000000000000000e+00 0.000000000000000000e+00 0.000000000000000000e+00 0.000000000000000000e+00 0.000000000000000000e+00 0.000000000000000000e+00 0.000000000000000000e+00 0.000000000000000000e+00 0.000000000000000000e+00 0.000000000000000000e+00 0.000000000000000000e+00 0.000000000000000000e+00 0.000000000000000000e+00 0.000000000000000000e+00 0.000000000000000000e+00 0.000000000000000000e+00 0.000000000000000000e+00 0.000000000000000000e+00 0.000000000000000000e+00 0.000000000000000000e+00 0.000000000000000000e+00 0.000000000000000000e+00 0.000000000000000000e+00 0.000000000000000000e+00 0.000000000000000000e+00 3.743392066509216238e-23 4.440481308847665787e-03 5.048167891800403595e-03 2.747816732153296471e-03 4.336825571954250336e-03 6.615851074457168579e-03 7.535585202276706696e-03 7.572961971163749695e-03 7.050265092402696609e-03 5.877129733562469482e-03 4.957873374223709106e-03 4.576443694531917572e-03 4.767467267811298370e-03 4.903963766992092133e-03 5.228945985436439514e-03 5.838652141392230988e-03 6.892497185617685318e-03 7.636541035026311874e-03 7.658498361706733704e-03 7.316077128052711487e-03 6.817921530455350876e-03 5.667212419211864471e-03 4.971603397279977798e-03 4.659398458898067474e-03 4.253744613379240036e-03 4.343154374510049820e-03 4.084730055183172226e-03 3.996978979557752609e-03 3.972224891185760498e-03 3.895560977980494499e-03 3.754245582967996597e-03 3.758809296414256096e-03 3.707714378833770752e-03 3.625818062573671341e-03 3.788358066231012344e-03 3.862175391986966133e-03 3.905282588675618172e-03 4.126239567995071411e-03 4.342301748692989349e-03 4.055081866681575775e-03 3.427040530368685722e-03 3.453564597293734550e-03 3.676617518067359924e-03 3.548556240275502205e-03 3.203118219971656799e-03 3.152021905407309532e-03 3.473990829661488533e-03 3.752961056306958199e-03 3.516287775710225105e-03 3.083494724705815315e-03 3.031134605407714844e-03 3.554990980774164200e-03 3.755094250664114952e-03 4.034880083054304123e-03 3.460501786321401596e-03 2.972714370116591454e-03 2.825905801728367805e-03 3.133994294330477715e-03 3.528187517076730728e-03 3.879343159496784210e-03 4.078233614563941956e-03 3.936439752578735352e-03 3.607349703088402748e-03 2.945893444120883942e-03 3.413245081901550293e-03 3.448297968134284019e-03 3.913945984095335007e-03 3.968080505728721619e-03 4.005165770649909973e-03 3.966855350881814957e-03 4.088600631803274155e-03 4.062776919454336166e-03 7.909493520855903625e-03 8.366990834474563599e-03
0.000000000000000000e+00 0.000000000000000000e+00 0.000000000000000000e+00 0.000000000000000000e+00 0.000000000000000000e+00 0.000000000000000000e+00 0.000000000000000000e+00 0.000000000000000000e+00 0.000000000000000000e+00 0.000000000000000000e+00 0.000000000000000000e+00 0.000000000000000000e+00 0.000000000000000000e+00 0.000000000000000000e+00 0.000000000000000000e+00 0.000000000000000000e+00 0.000000000000000000e+00 0.000000000000000000e+00 0.000000000000000000e+00 0.000000000000000000e+00 0.000000000000000000e+00 0.000000000000000000e+00 0.000000000000000000e+00 0.000000000000000000e+00 0.000000000000000000e+00 0.000000000000000000e+00 0.000000000000000000e+00 0.000000000000000000e+00 0.000000000000000000e+00 0.000000000000000000e+00 0.000000000000000000e+00 0.000000000000000000e+00 0.000000000000000000e+00 0.000000000000000000e+00 0.000000000000000000e+00 0.000000000000000000e+00 3.743392066509216238e-23 4.676177166402339935e-03 5.484730470925569534e-03 2.355168806388974190e-03 2.807291457429528236e-03 4.491604398936033249e-03 6.872437428683042526e-03 8.741365745663642883e-03 1.007585972547531128e-02 1.110016182065010071e-02 1.037294603884220123e-02 6.917875725775957108e-03 4.867486190050840378e-03 5.033625289797782898e-03 5.268464796245098114e-03 5.454553291201591492e-03 5.565494764596223831e-03 5.531674250960350037e-03 5.527501925826072693e-03 5.460965912789106369e-03 5.462726112455129623e-03 5.265315063297748566e-03 4.717556294053792953e-03 4.323143977671861649e-03 4.079912323504686356e-03 3.946964163333177567e-03 3.801237093284726143e-03 3.696799278259277344e-03 3.658363362774252892e-03 3.549050772562623024e-03 3.523414954543113708e-03 3.460214938968420029e-03 3.430460812523961067e-03 3.467953298240900040e-03 3.495729528367519379e-03 3.540924750268459320e-03 3.551948117092251778e-03 3.581569995731115341e-03 3.684990340843796730e-03 3.733862191438674927e-03 3.576733171939849854e-03 3.643018892034888268e-03 3.779300255700945854e-03 3.685718402266502380e-03 3.523297840729355812e-03 3.544500796124339104e-03 3.710475983098149300e-03 3.761126426979899406e-03 3.655606880784034729e-03 3.362988354638218880e-03 3.308777697384357452e-03 3.564706770703196526e-03 3.793699666857719421e-03 3.879803232848644257e-03 3.661901922896504402e-03 3.371011232957243919e-03 3.264808794483542442e-03 3.267510794103145599e-03 3.284780774265527725e-03 3.369975136592984200e-03 3.427558112889528275e-03 3.325397847220301628e-03 3.276323666796088219e-03 3.396654035896062851e-03 3.876630682498216629e-03 4.532813094556331635e-03 5.033356603235006332e-03 4.662581253796815872e-03 4.395296797156333923e-03 4.017740953713655472e-03 3.560810815542936325e-03 3.553837537765502930e-03 7.979359477758407593e-03 7.913291454315185547e-03
0.000000000000000000e+00 0.000000000000000000e+00 0.000000000000000000e+00 0.000000000000000000e+00 0.000000000000000000e+00 0.000000000000000000e+00 0.000000000000000000e+00 0.000000000000000000e+00 0.000000000000000000e+00 0.000000000000000000e+00 0.000000000000000000e+00 0.000000000000000000e+00 0.000000000000000000e+00 0.000000000000000000e+00 0.000000000000000000e+00 0.000000000000000000e+00 0.000000000000000000e+00 0.000000000000000000e+00 0.000000000000000000e+00 0.000000000000000000e+00 0.000000000000000000e+00 0.000000000000000000e+00 0.000000000000000000e+00 0.000000000000000000e+00 0.000000000000000000e+00 0.000000000000000000e+00 0.000000000000000000e+00 0.000000000000000000e+00 0.000000000000000000e+00 0.000000000000000000e+00 0.000000000000000000e+00 0.000000000000000000e+00 0.000000000000000000e+00 0.000000000000000000e+00 0.000000000000000000e+00 0.000000000000000000e+00 0.000000000000000000e+00 5.293955920339377119e-23 2.643242245540022850e-03 4.238505847752094269e-03 3.331069136038422585e-03 3.556170035153627396e-03 3.571284236386418343e-03 3.326347563415765762e-03 3.576847724616527557e-03 4.138086456805467606e-03 4.678921308368444443e-03 4.639047197997570038e-03 4.614466335624456406e-03 4.669735673815011978e-03 4.880505148321390152e-03 5.183255765587091446e-03 5.009478423744440079e-03 4.925846122205257416e-03 4.669931717216968536e-03 4.582648631185293198e-03 4.465458448976278305e-03 4.306199029088020325e-03 4.096167627722024918e-03 3.972053993493318558e-03 3.935504704713821411e-03 3.923772368580102921e-03 3.780132625252008438e-03 3.752642543986439705e-03 3.707246389240026474e-03 3.660342190414667130e-03 3.638232825323939323e-03 3.639102680608630180e-03 3.660363145172595978e-03 3.677533939480781555e-03 3.645712975412607193e-03 3.732790239155292511e-03 3.739875741302967072e-03 3.643134608864784241e-03 3.664930816739797592e-03 3.722327062860131264e-03 3.633599029853940010e-03 3.635977627709507942e-03 3.669902682304382324e-03 3.630288410931825638e-03 3.482063300907611847e-03 3.467342350631952286e-03 3.499708138406276703e-03 3.492114366963505745e-03 3.441795241087675095e-03 3.431906457990407944e-03 3.274663817137479782e-03 3.355949884280562401e-03 3.343069460242986679e-03 3.420301945880055428e-03 3.303362289443612099e-03 3.160627558827400208e-03 3.108756151050329208e-03 3.109482349827885628e-03 3.140334971249103546e-03 3.069839673116803169e-03 3.023332683369517326e-03 3.124535782262682915e-03 3.228927729651331902e-03 3.654102096334099770e-03 4.388326313346624374e-03 5.057737696915864944e-03 5.756003316491842270e-03 5.402979906648397446e-03 4.972640890628099442e-03 4.464383702725172043e-03 3.879006719216704369e-03 3.419759916141629219e-03 7.960834540426731110e-03 7.903384976089000702e-03
0.000000000000000000e+00 0.000000000000000000e+00 0.000000000000000000e+00 0.000000000000000000e+00 0.000000000000000000e+00 0.000000000000000000e+00 0.000000000000000000e+00 0.000000000000000000e+00 0.000000000000000000e+00 0.000000000000000000e+00 0.000000000000000000e+00 0.000000000000000000e+00 0.000000000000000000e+00 0.000000000000000000e+00 0.000000000000000000e+00 0.000000000000000000e+00 0.000000000000000000e+00 0.000000000000000000e+00 0.000000000000000000e+00 0.000000000000000000e+00 0.000000000000000000e+00 0.000000000000000000e+00 0.000000000000000000e+00 0.000000000000000000e+00 0.000000000000000000e+00 0.000000000000000000e+00 0.000000000000000000e+00 0.000000000000000000e+00 0.000000000000000000e+00 0.000000000000000000e+00 0.000000000000000000e+00 0.000000000000000000e+00 0.000000000000000000e+00 0.000000000000000000e+00 0.000000000000000000e+00 0.000000000000000000e+00 0.000000000000000000e+00 0.000000000000000000e+00 6.116138538345694542e-04 4.075570032000541687e-03 4.107810556888580322e-03 4.943682812154293060e-03 6.039668340235948563e-03 6.069409195333719254e-03 6.395550910383462906e-03 7.077729329466819763e-03 8.912020362913608551e-03 8.900430984795093536e-03 8.693441748619079590e-03 8.331718854606151581e-03 7.893545553088188171e-03 7.576457224786281586e-03 7.072007283568382263e-03 6.926615722477436066e-03 6.403891369700431824e-03 6.143772974610328674e-03 5.599769763648509979e-03 5.029061809182167053e-03 4.583715926855802536e-03 4.415744449943304062e-03 4.182945005595684052e-03 3.832778660580515862e-03 3.746409667655825615e-03 3.711737692356109619e-03 3.702809102833271027e-03 3.750561503693461418e-03 3.761956235393881798e-03 3.777829464524984360e-03 3.753865836188197136e-03 3.763560205698013306e-03 3.751203883439302444e-03 3.698934568092226982e-03 3.756019752472639084e-03 3.754052100703120232e-03 3.676866879686713219e-03 3.740131389349699020e-03 3.779460443183779716e-03 3.719722153618931770e-03 3.767775837332010269e-03 3.739278297871351242e-03 3.666770178824663162e-03 3.688649972900748253e-03 3.629382466897368431e-03 3.688165219500660896e-03 3.537056967616081238e-03 3.575775539502501488e-03 3.470918862149119377e-03 3.507441608235239983e-03 3.494270145893096924e-03 3.476669546216726303e-03 3.422166919335722923e-03 3.294965252280235291e-03 3.224461805075407028e-03 3.180321305990219116e-03 3.179237013682723045e-03 3.183363936841487885e-03 3.065266413614153862e-03 3.054210683330893517e-03 2.993190893903374672e-03 3.366375807672739029e-03 4.928921349346637726e-03 5.843420047312974930e-03 6.107454653829336166e-03 6.043632514774799347e-03 5.813360679894685745e-03 5.146685056388378143e-03 4.523223266005516052e-03 3.801505314186215401e-03 7.992222905158996582e-03 7.973965257406234741e-03
0.000000000000000000e+00 0.000000000000000000e+00 0.000000000000000000e+00 0.000000000000000000e+00 0.000000000000000000e+00 0.000000000000000000e+00 0.000000000000000000e+00 0.000000000000000000e+00 0.000000000000000000e+00 0.000000000000000000e+00 0.000000000000000000e+00 0.000000000000000000e+00 0.000000000000000000e+00 0.000000000000000000e+00 0.000000000000000000e+00 0.000000000000000000e+00 0.000000000000000000e+00 0.000000000000000000e+00 0.000000000000000000e+00 0.000000000000000000e+00 0.000000000000000000e+00 0.000000000000000000e+00 0.000000000000000000e+00 0.000000000000000000e+00 0.000000000000000000e+00 0.000000000000000000e+00 0.000000000000000000e+00 0.000000000000000000e+00 0.000000000000000000e+00 0.000000000000000000e+00 0.000000000000000000e+00 0.000000000000000000e+00 0.000000000000000000e+00 0.000000000000000000e+00 0.000000000000000000e+00 0.000000000000000000e+00 3.743392066509216238e-23 3.743392066509216238e-23 5.293955920339377119e-23 3.090800251811742783e-03 6.468657869845628738e-03 8.629863150417804718e-03 1.019495911896228790e-02 1.018038857728242874e-02 1.036730501800775528e-02 1.043072994798421860e-02 1.192247588187456131e-02 1.128232106566429138e-02 1.070968620479106903e-02 1.024872437119483948e-02 9.860750287771224976e-03 9.434482082724571228e-03 8.970546536147594452e-03 7.799313869327306747e-03 6.955642253160476685e-03 6.284914910793304443e-03 5.579039920121431351e-03 5.055530928075313568e-03 4.630402196198701859e-03 4.313518758863210678e-03 4.020370543003082275e-03 3.805706975981593132e-03 3.677582135424017906e-03 3.651847131550312042e-03 3.638063557446002960e-03 3.634964115917682648e-03 3.586271777749061584e-03 3.583177225664258003e-03 3.592473221942782402e-03 3.528855973854660988e-03 3.493759548291563988e-03 3.509054658934473991e-03 3.512475639581680298e-03 3.542368998751044273e-03 3.465120447799563408e-03 3.405237104743719101e-03 3.462756751105189323e-03 3.395202336832880974e-03 3.437886713072657585e-03 3.428063355386257172e-03 3.406238742172718048e-03 3.419610904529690742e-03 3.391216974705457687e-03 3.372163278982043266e-03 3.312181448563933372e-03 3.296354087069630623e-03 3.288999665528535843e-03 3.288479754701256752e-03 3.292229026556015015e-03 3.269481472671031952e-03 3.226873232051730156e-03 3.184011671692132950e-03 3.139333333820104599e-03 3.167716087773442268e-03 3.151052864268422127e-03 3.111143596470355988e-03 2.998973475769162178e-03 2.903735032305121422e-03 2.808092860504984856e-03 3.378894180059432983e-03 4.618783015757799149e-03 5.864300299435853958e-03 6.289022974669933319e-03 6.271017249673604965e-03 5.971710197627544403e-03 5.453335121273994446e-03 4.861893597990274429e-03 4.418095108121633530e-03 7.993601262569427490e-03 7.829025387763977051e-03
0.000000000000000000e+00 0.000000000000000000e+00 0.000000000000000000e+00 0.000000000000000000e+00 0.000000000000000000e+00 0.000000000000000000e+00 0.000000000000000000e+00 0.000000000000000000e+00 0.000000000000000000e+00 0.000000000000000000e+00 0.000000000000000000e+00 0.000000000000000000e+00 0.000000000000000000e+00 0.000000000000000000e+00 0.000000000000000000e+00 0.000000000000000000e+00 0.000000000000000000e+00 0.000000000000000000e+00 0.000000000000000000e+00 0.000000000000000000e+00 0.000000000000000000e+00 0.000000000000000000e+00 0.000000000000000000e+00 0.000000000000000000e+00 0.000000000000000000e+00 0.000000000000000000e+00 0.000000000000000000e+00 3.743392066509216238e-23 3.743392066509216238e-23 3.743392066509216238e-23 3.743392066509216238e-23 3.743392066509216238e-23 3.743392066509216238e-23 3.743392066509216238e-23 3.743392066509216238e-23 5.293955920339377119e-23 3.674286417663097382e-03 4.034505225718021393e-03 2.951954724267125130e-03 5.418194457888603210e-03 6.159044802188873291e-03 7.102796807885169983e-03 7.708585355430841446e-03 7.536367978900671005e-03 7.374546024948358536e-03 7.223966997116804123e-03 7.379223592579364777e-03 6.690171081572771072e-03 6.209267769008874893e-03 5.807293578982353210e-03 5.604753270745277405e-03 5.619173869490623474e-03 5.419857334345579147e-03 4.505699966102838516e-03 4.233965184539556503e-03 4.018167033791542053e-03 3.860070370137691498e-03 3.764552064239978790e-03 3.651995211839675903e-03 3.491106210276484489e-03 3.375303931534290314e-03 3.262964775785803795e-03 3.244613995775580406e-03 3.310517407953739166e-03 3.336120396852493286e-03 3.400145797058939934e-03 3.448474220931529999e-03 3.478433471173048019e-03 3.500624559819698334e-03 3.634238615632057190e-03 3.612494561821222305e-03 3.575078444555401802e-03 3.475252538919448853e-03 3.457514569163322449e-03 3.489255672320723534e-03 3.435295308008790016e-03 3.382138209417462349e-03 3.371196333318948746e-03 3.352473489940166473e-03 3.359303111210465431e-03 3.378234338015317917e-03 3.365118056535720825e-03 3.391483332961797714e-03 3.382388968020677567e-03 3.474517725408077240e-03 3.434004960581660271e-03 3.496653400361537933e-03 3.435957711189985275e-03 3.430210985243320465e-03 3.358533140271902084e-03 3.278193762525916100e-03 3.217016113921999931e-03 3.124186769127845764e-03 3.077164990827441216e-03 3.031800501048564911e-03 3.021743148565292358e-03 3.025158308446407318e-03 2.946754684671759605e-03 2.992144552990794182e-03 3.251611487939953804e-03 3.928405698388814926e-03 4.755548201501369476e-03 5.258685443550348282e-03 5.475339479744434357e-03 5.576936062425374985e-03 5.691879894584417343e-03 5.086469464004039764e-03 4.656722769141197205e-03 7.999698631465435028e-03 7.711133453994989395e-03
0.000000000000000000e+00 0.000000000000000000e+00 0.000000000000000000e+00 0.000000000000000000e+00 0.000000000000000000e+00 0.000000000000000000e+00 0.000000000000000000e+00 0.000000000000000000e+00 0.000000000000000000e+00 0.000000000000000000e+00 0.000000000000000000e+00 0.000000000000000000e+00 3.743392066509216238e-23 3.743392066509216238e-23 3.743392066509216238e-23 3.743392066509216238e-23 3.743392066509216238e-23 3.743392066509216238e-23 3.743392066509216238e-23 3.743392066509216238e-23 3.743392066509216238e-23 3.743392066509216238e-23 3.743392066509216238e-23 3.743392066509216238e-23 3.743392066509216238e-23 3.743392066509216238e-23 5.293955920339377119e-23 3.933467436581850052e-03 4.362797364592552185e-03 3.657198045402765274e-03 3.377194749191403389e-03 2.944313222542405128e-03 2.565373200923204422e-03 2.539451466873288155e-03 2.429974498227238655e-03 2.437283517792820930e-03 3.606812097132205963e-03 3.524945816025137901e-03 3.046639496460556984e-03 2.917334670200943947e-03 3.099235706031322479e-03 3.090576734393835068e-03 3.270228160545229912e-03 3.251019632443785667e-03 3.181903623044490814e-03 3.260074649006128311e-03 3.309828694909811020e-03 3.173174569383263588e-03 3.096422879025340080e-03 3.008799161761999130e-03 3.104205941781401634e-03 3.015901893377304077e-03 2.997657284140586853e-03 3.069266909733414650e-03 3.059837501496076584e-03 3.037251532077789307e-03 3.069442929700016975e-03 3.156162099912762642e-03 3.122442169114947319e-03 3.106557065621018410e-03 3.155655693262815475e-03 3.214225405827164650e-03 3.274978371337056160e-03 3.291418310254812241e-03 3.301278688013553619e-03 3.323823912069201469e-03 3.336079884320497513e-03 3.380500711500644684e-03 3.378641093149781227e-03 3.316915361210703850e-03 3.326358273625373840e-03 3.386049997061491013e-03 3.345278557389974594e-03 3.354391781613230705e-03 3.439662279561161995e-03 3.424151102080941200e-03 3.420046530663967133e-03 3.469936782494187355e-03 3.510728711262345314e-03 3.521694336086511612e-03 3.552392823621630669e-03 3.470017807558178902e-03 3.507237648591399193e-03 3.461564425379037857e-03 3.460891311988234520e-03 3.439902327954769135e-03 3.399716923013329506e-03 3.299688221886754036e-03 3.259881166741251945e-03 3.149231197312474251e-03 3.124407958239316940e-03 3.176341764628887177e-03 3.121671732515096664e-03 3.080676775425672531e-03 3.111267229542136192e-03 3.148387651890516281e-03 3.050901228561997414e-03 2.981296740472316742e-03 3.049967344850301743e-03 3.228280460461974144e-03 3.692042781040072441e-03 3.856705268844962120e-03 3.997707273811101913e-03 4.196342546492815018e-03 4.771824460476636887e-03 5.280171055346727371e-03 4.912678617984056473e-03 4.529825877398252487e-03 8.006324060261249542e-03 7.611679378896951675e-03
0.000000000000000000e+00 0.000000000000000000e+00 0.000000000000000000e+00 0.000000000000000000e+00 0.000000000000000000e+00 0.000000000000000000e+00 0.000000000000000000e+00 0.000000000000000000e+00 0.000000000000000000e+00 3.743392066509216238e-23 3.743392066509216238e-23 5.293955920339377119e-23 3.617434529587626457e-03 4.217342939227819443e-03 2.898298669606447220e-03 2.031714189797639847e-03 2.169980667531490326e-03 2.483860356733202934e-03 2.375662559643387794e-03 2.186846686527132988e-03 2.269805874675512314e-03 2.315968973562121391e-03 2.394976792857050896e-03 2.336206613108515739e-03 2.355498028919100761e-03 2.394365146756172180e-03 2.492377534508705139e-03 3.894875757396221161e-03 3.437341889366507530e-03 2.628837712109088898e-03 2.292048651725053787e-03 2.447640057653188705e-03 2.503373194485902786e-03 2.528959419578313828e-03 2.577916020527482033e-03 2.461653901264071465e-03 2.390484092757105827e-03 2.442306373268365860e-03 2.569941803812980652e-03 2.516927663236856461e-03 2.490163547918200493e-03 2.457201946526765823e-03 2.584521425887942314e-03 2.639049664139747620e-03 2.674908144399523735e-03 2.664869185537099838e-03 2.624015789479017258e-03 2.601011889055371284e-03 2.723823068663477898e-03 2.851506695151329041e-03 2.935484517365694046e-03 2.996332943439483643e-03 3.012527711689472198e-03 3.008800325915217400e-03 2.999419812113046646e-03 3.011648776009678841e-03 3.024795791134238243e-03 3.064752789214253426e-03 3.118782769888639450e-03 3.204265842214226723e-03 3.241369035094976425e-03 3.235863288864493370e-03 3.236503573134541512e-03 3.287603612989187241e-03 3.328468184918165207e-03 3.343303687870502472e-03 3.361749229952692986e-03 3.363521303981542587e-03 3.362385323271155357e-03 3.410445060580968857e-03 3.417365020141005516e-03 3.411159152165055275e-03 3.493702504783868790e-03 3.508888417854905128e-03 3.517614910379052162e-03 3.456855658441781998e-03 3.456020727753639221e-03 3.447234630584716797e-03 3.430855693295598030e-03 3.412763820961117744e-03 3.386237425729632378e-03 3.407197305932641029e-03 3.351728431880474091e-03 3.377005225047469139e-03 3.323449753224849701e-03 3.263876773416996002e-03 3.303786972537636757e-03 3.310443600639700890e-03 3.296656766906380653e-03 3.253124421462416649e-03 3.163345856592059135e-03 3.103414550423622131e-03 3.113116137683391571e-03 3.103854134678840637e-03 3.103760536760091782e-03 3.074779640883207321e-03 2.964323852211236954e-03 2.933243522420525551e-03 2.888325368985533714e-03 3.209410700947046280e-03 3.575624432414770126e-03 3.765116445720195770e-03 3.964981064200401306e-03 4.153517540544271469e-03 4.606636706739664078e-03 5.104783922433853149e-03 5.051878746598958969e-03 4.637894220650196075e-03 7.975470274686813354e-03 7.631369400769472122e-03
0.000000000000000000e+00 0.000000000000000000e+00 0.000000000000000000e+00 0.000000000000000000e+00 0.000000000000000000e+00 0.000000000000000000e+00 0.000000000000000000e+00 0.000000000000000000e+00 5.293955920339377119e-23 2.533225109800696373e-03 2.803200623020529747e-03 1.713151345029473305e-03 3.496221266686916351e-03 2.593307988718152046e-03 1.864666352048516273e-03 1.871201908215880394e-03 1.993110170587897301e-03 2.023234032094478607e-03 2.064523519948124886e-03 2.166798105463385582e-03 2.195760607719421387e-03 2.170754596590995789e-03 2.343657892197370529e-03 2.246423158794641495e-03 2.258955035358667374e-03 2.310811774805188179e-03 2.323530148714780807e-03 2.330930205062031746e-03 2.351897303014993668e-03 2.423832658678293228e-03 2.409517066553235054e-03 2.396827563643455505e-03 2.429822226986289024e-03 2.384521299973130226e-03 2.414776245132088661e-03 2.386359497904777527e-03 2.433053217828273773e-03 2.410034183412790298e-03 2.473277738317847252e-03 2.461351454257965088e-03 2.445775317028164864e-03 2.502707531675696373e-03 2.557271858677268028e-03 2.597232582047581673e-03 2.647879533469676971e-03 2.669723471626639366e-03 2.726704347878694534e-03 2.754291985183954239e-03 2.778772963210940361e-03 2.838282147422432899e-03 2.884116489440202713e-03 2.912873169407248497e-03 2.939528785645961761e-03 3.014256013557314873e-03 3.062040545046329498e-03 3.099265974014997482e-03 3.114510327577590942e-03 3.123427275568246841e-03 3.157361643388867378e-03 3.222791710868477821e-03 3.239034907892346382e-03 3.266059095039963722e-03 3.280150005593895912e-03 3.310132538899779320e-03 3.323119366541504860e-03 3.350519109517335892e-03 3.366730874404311180e-03 3.403288312256336212e-03 3.384960349649190903e-03 3.390628146007657051e-03 3.417907049879431725e-03 3.398280823603272438e-03 3.384671406820416451e-03 3.394794417545199394e-03 3.415117273107171059e-03 3.403673414140939713e-03 3.343208925798535347e-03 3.343258285894989967e-03 3.345655743032693863e-03 3.366621909663081169e-03 3.344758646562695503e-03 3.356751054525375366e-03 3.350468585267663002e-03 3.279259661212563515e-03 3.234177362173795700e-03 3.256131662055850029e-03 3.245990257710218430e-03 3.235999029129743576e-03 3.256421769037842751e-03 3.206960158422589302e-03 3.205021377652883530e-03 3.155749058350920677e-03 3.148891730234026909e-03 3.134018043056130409e-03 3.097607055678963661e-03 3.057111520320177078e-03 2.940957900136709213e-03 2.931226277723908424e-03 2.843540394678711891e-03 3.206633497029542923e-03 3.505419008433818817e-03 3.419994143769145012e-03 3.712423611432313919e-03 4.416986834257841110e-03 5.119970533996820450e-03 5.366567987948656082e-03 5.195587407797574997e-03 4.806951619684696198e-03 7.924163714051246643e-03 7.584151811897754669e-03
0.000000000000000000e+00 0.000000000000000000e+00 0.000000000000000000e+00 0.000000000000000000e+00 0.000000000000000000e+00 0.000000000000000000e+00 0.000000000000000000e+00 3.743392066509216238e-23 3.829555120319128036e-03 5.112120416015386581e-03 2.159397350624203682e-03 1.787482411600649357e-03 1.687792828306555748e-03 1.788922818377614021e-03 1.874605193734169006e-03 1.949075958691537380e-03 1.966784941032528877e-03 2.028773305937647820e-03 2.103834180161356926e-03 2.101553836837410927e-03 2.094494644552469254e-03 2.144539728760719299e-03 2.208836609497666359e-03 2.218689536675810814e-03 2.232643309980630875e-03 2.272142330184578896e-03 2.302249195054173470e-03 2.301126485690474510e-03 2.316442318260669708e-03 2.375716343522071838e-03 2.332845702767372131e-03 2.361221937462687492e-03 2.365160034969449043e-03 2.327037043869495392e-03 2.346713328734040260e-03 2.383993938565254211e-03 2.389538101851940155e-03 2.359187230467796326e-03 2.434763358905911446e-03 2.450489439070224762e-03 2.464018994942307472e-03 2.516034524887800217e-03 2.596536418423056602e-03 2.624574583023786545e-03 2.713297959417104721e-03 2.683783648535609245e-03 2.713122405111789703e-03 2.766747260466217995e-03 2.825445029884576797e-03 2.914717420935630798e-03 2.922626910731196404e-03 2.932148519903421402e-03 2.985632978379726410e-03 2.985200379043817520e-03 3.005579812452197075e-03 3.032499225810170174e-03 3.061748109757900238e-03 3.086837707087397575e-03 3.142270958051085472e-03 3.207625355571508408e-03 3.233690047636628151e-03 3.242371603846549988e-03 3.241529921069741249e-03 3.244020510464906693e-03 3.288323292508721352e-03 3.282773541286587715e-03 3.304483136162161827e-03 3.308362327516078949e-03 3.302389057353138924e-03 3.324195742607116699e-03 3.327135462313890457e-03 3.344108117744326591e-03 3.368322271853685379e-03 3.389030229300260544e-03 3.339667804539203644e-03 3.355895169079303741e-03 3.369813319295644760e-03 3.325512632727622986e-03 3.336154157295823097e-03 3.329672617837786674e-03 3.331383690237998962e-03 3.313802648335695267e-03 3.338374663144350052e-03 3.291797358542680740e-03 3.286952385678887367e-03 3.278185147792100906e-03 3.250396344810724258e-03 3.239684971049427986e-03 3.219873877242207527e-03 3.195317694917321205e-03 3.181065199896693230e-03 3.157023806124925613e-03 3.119068685919046402e-03 3.099088091403245926e-03 3.078248817473649979e-03 3.051942447200417519e-03 2.929415320977568626e-03 2.959583885967731476e-03 2.823962364345788956e-03 3.175453981384634972e-03 3.562273923307657242e-03 3.396008862182497978e-03 3.699469845741987228e-03 4.400311503559350967e-03 5.109746940433979034e-03 5.268389359116554260e-03 4.739935044199228287e-03 4.590439610183238983e-03 8.131591603159904480e-03 7.557160221040248871e-03
0.000000000000000000e+00 0.000000000000000000e+00 0.000000000000000000e+00 0.000000000000000000e+00 0.000000000000000000e+00 0.000000000000000000e+00 0.000000000000000000e+00 0.000000000000000000e+00 5.293955920339377119e-23 2.281028777360916138e-03 2.139828400686383247e-03 1.769259455613791943e-03 1.755743403919041157e-03 1.763577689416706562e-03 1.781307859346270561e-03 1.895811990834772587e-03 1.951277488842606544e-03 2.062597079202532768e-03 2.061849460005760193e-03 2.159070689231157303e-03 2.091914415359497070e-03 2.150573534891009331e-03 2.173949265852570534e-03 2.158805029466748238e-03 2.156917471438646317e-03 2.186839235946536064e-03 2.244969364255666733e-03 2.283836249262094498e-03 2.280525630339980125e-03 2.320268889889121056e-03 2.299545798450708389e-03 2.381557133048772812e-03 2.382252598181366920e-03 2.338645281270146370e-03 2.360895276069641113e-03 2.406998304650187492e-03 2.408394357189536095e-03 2.388728316873311996e-03 2.413708716630935669e-03 2.453012857586145401e-03 2.473727799952030182e-03 2.524968003854155540e-03 2.609035698696970940e-03 2.606043592095375061e-03 2.615700941532850266e-03 2.681039040908217430e-03 2.738141454756259918e-03 2.761751879006624222e-03 2.764942590147256851e-03 2.803086070343852043e-03 2.837539883330464363e-03 2.901170868426561356e-03 2.957963617518544197e-03 2.951583359390497208e-03 2.980821067467331886e-03 3.021343844011425972e-03 3.048685379326343536e-03 3.064124612137675285e-03 3.087871475145220757e-03 3.109326120465993881e-03 3.163066226989030838e-03 3.204774810001254082e-03 3.223735140636563301e-03 3.228899789974093437e-03 3.246941138058900833e-03 3.235736163333058357e-03 3.274902934208512306e-03 3.276274539530277252e-03 3.287370083853602409e-03 3.311613807454705238e-03 3.336372086778283119e-03 3.336561843752861023e-03 3.360667033120989799e-03 3.378651803359389305e-03 3.352286061272025108e-03 3.345448290929198265e-03 3.325022058561444283e-03 3.320787101984024048e-03 3.334013978019356728e-03 3.316891845315694809e-03 3.319889307022094727e-03 3.290194086730480194e-03 3.296825569123029709e-03 3.295406000688672066e-03 3.262275829911231995e-03 3.249002620577812195e-03 3.235225332900881767e-03 3.222583094611763954e-03 3.199510741978883743e-03 3.190184710547327995e-03 3.160876920446753502e-03 3.156233811751008034e-03 3.116659820079803467e-03 3.098601242527365685e-03 3.086191136389970779e-03 3.079240908846259117e-03 2.933110343292355537e-03 2.947351662442088127e-03 2.795341657474637032e-03 3.237422788515686989e-03 3.623430849984288216e-03 3.576293354853987694e-03 3.873236477375030518e-03 4.052722360938787460e-03 4.527471028268337250e-03 4.634939599782228470e-03 4.341757390648126602e-03 4.468987230211496353e-03 8.316165767610073090e-03 7.575634866952896118e-03
0.000000000000000000e+00 0.000000000000000000e+00 0.000000000000000000e+00 0.000000000000000000e+00 0.000000000000000000e+00 0.000000000000000000e+00 0.000000000000000000e+00 0.000000000000000000e+00 3.743392066509216238e-23 3.953579347580671310e-03 3.121581394225358963e-03 1.779040903784334660e-03 1.829545712098479271e-03 1.873011002317070961e-03 1.855985261499881744e-03 1.919574919156730175e-03 1.924740150570869446e-03 2.003799658268690109e-03 2.022915054112672806e-03 2.093690447509288788e-03 2.086897380650043488e-03 2.143825404345989227e-03 2.151445252820849419e-03 2.134696580469608307e-03 2.211904153227806091e-03 2.175024244934320450e-03 2.257825806736946106e-03 2.280654851347208023e-03 2.283012028783559799e-03 2.334155607968568802e-03 2.329897833988070488e-03 2.323877532035112381e-03 2.371492329984903336e-03 2.361702965572476387e-03 2.343669533729553223e-03 2.370194764807820320e-03 2.389368601143360138e-03 2.426514867693185806e-03 2.417264739051461220e-03 2.448773477226495743e-03 2.491116058081388474e-03 2.507679164409637451e-03 2.570826560258865356e-03 2.654199721291661263e-03 2.622252795845270157e-03 2.651252085343003273e-03 2.696448238566517830e-03 2.785718766972422600e-03 2.789122052490711212e-03 2.788674784824252129e-03 2.822485053911805153e-03 2.870260039344429970e-03 2.930658636614680290e-03 2.974671078845858574e-03 2.977822907269001007e-03 2.999956021085381508e-03 3.030359279364347458e-03 3.053933149203658104e-03 3.100123023614287376e-03 3.116218606010079384e-03 3.146336413919925690e-03 3.183774650096893311e-03 3.217678982764482498e-03 3.232638118788599968e-03 3.249671775847673416e-03 3.248422173783183098e-03 3.275388851761817932e-03 3.285152371972799301e-03 3.289965679869055748e-03 3.296111477538943291e-03 3.324693301692605019e-03 3.327338956296443939e-03 3.326773643493652344e-03 3.317893482744693756e-03 3.329421859234571457e-03 3.327295882627367973e-03 3.316958434879779816e-03 3.317342838272452354e-03 3.304976969957351685e-03 3.297551535069942474e-03 3.298833034932613373e-03 3.288623644039034843e-03 3.277118783444166183e-03 3.279077587649226189e-03 3.259275341406464577e-03 3.241218160837888718e-03 3.232442773878574371e-03 3.217291319742798805e-03 3.205985063686966896e-03 3.189825685694813728e-03 3.158688312396407127e-03 3.151174401864409447e-03 3.121717600151896477e-03 3.099593566730618477e-03 3.077608533203601837e-03 3.064652206376194954e-03 2.941465470939874649e-03 2.976585179567337036e-03 2.793403109535574913e-03 3.273750189691781998e-03 3.598716808483004570e-03 3.269746433943510056e-03 3.371538594365119934e-03 3.603235585615038872e-03 3.853182541206479073e-03 3.895770991221070290e-03 4.093025811016559601e-03 4.375735763460397720e-03 8.435505442321300507e-03 7.660538423806428909e-03
0.000000000000000000e+00 0.000000000000000000e+00 0.000000000000000000e+00 0.000000000000000000e+00 0.000000000000000000e+00 0.000000000000000000e+00 0.000000000000000000e+00 0.000000000000000000e+00 3.743392066509216238e-23 3.659927286207675934e-03 3.600198775529861450e-03 1.818155287764966488e-03 1.840534619987010956e-03 1.917934510856866837e-03 1.901368726976215839e-03 1.936952350661158562e-03 1.971696969121694565e-03 1.996404491364955902e-03 2.055471064522862434e-03 2.058915095403790474e-03 2.127734711393713951e-03 2.127708168700337410e-03 2.175834961235523224e-03 2.151207765564322472e-03 2.226194832473993301e-03 2.206949517130851746e-03 2.256698440760374069e-03 2.273551654070615768e-03 2.244114875793457031e-03 2.306237583979964256e-03 2.322785556316375732e-03 2.292260760441422462e-03 2.348056063055992126e-03 2.367420587688684464e-03 2.346951514482498169e-03 2.370717469602823257e-03 2.400173805654048920e-03 2.407165709882974625e-03 2.432096516713500023e-03 2.442369004711508751e-03 2.485846634954214096e-03 2.512279432266950607e-03 2.539008855819702148e-03 2.611304400488734245e-03 2.622544532641768456e-03 2.642961451783776283e-03 2.690319670364260674e-03 2.755665685981512070e-03 2.800449728965759277e-03 2.791662700474262238e-03 2.828612457960844040e-03 2.870396943762898445e-03 2.901440486311912537e-03 2.963026287034153938e-03 2.976273419335484505e-03 2.996939001604914665e-03 3.028325969353318214e-03 3.059767652302980423e-03 3.104039933532476425e-03 3.114865627139806747e-03 3.128448966890573502e-03 3.157988423481583595e-03 3.212057985365390778e-03 3.235765034332871437e-03 3.255705814808607101e-03 3.250659210607409477e-03 3.261885838583111763e-03 3.281743498519062996e-03 3.280406119301915169e-03 3.284579841420054436e-03 3.301691496744751930e-03 3.317295107990503311e-03 3.307723673060536385e-03 3.298239782452583313e-03 3.316157963126897812e-03 3.325561527162790298e-03 3.316909773275256157e-03 3.308518789708614349e-03 3.298488678410649300e-03 3.295073984190821648e-03 3.283694386482238770e-03 3.282156540080904961e-03 3.267070744186639786e-03 3.263118211179971695e-03 3.252953290939331055e-03 3.235826035961508751e-03 3.230449510738253593e-03 3.222341416403651237e-03 3.205254673957824707e-03 3.180115250870585442e-03 3.160890424624085426e-03 3.139946376904845238e-03 3.113132202997803688e-03 3.096751403063535690e-03 3.084293566644191742e-03 3.071060637012124062e-03 2.947465283796191216e-03 2.961642807349562645e-03 2.790219848975539207e-03 3.303059143945574760e-03 3.927271347492933273e-03 3.320307238027453423e-03 3.312935587018728256e-03 3.391375765204429626e-03 3.364752512425184250e-03 3.624951699748635292e-03 4.169389605522155762e-03 4.196911118924617767e-03 8.694709278643131256e-03 7.783310487866401672e-03
0.000000000000000000e+00 0.000000000000000000e+00 0.000000000000000000e+00 0.000000000000000000e+00 0.000000000000000000e+00 0.000000000000000000e+00 0.000000000000000000e+00 0.000000000000000000e+00 0.000000000000000000e+00 7.744675372123310808e-07 1.134299091063439846e-03 1.859235926531255245e-03 1.878864131867885590e-03 1.966543495655059814e-03 1.937011256814002991e-03 1.944839023053646088e-03 2.040523802861571312e-03 2.006076043471693993e-03 2.096160314977169037e-03 2.066746354103088379e-03 2.144872909411787987e-03 2.096452983096241951e-03 2.140423981472849846e-03 2.135576680302619934e-03 2.177682938054203987e-03 2.215330721810460091e-03 2.221633680164813995e-03 2.255820203572511673e-03 2.218347508460283279e-03 2.279624808579683304e-03 2.318471204489469528e-03 2.313887467607855797e-03 2.319661667570471764e-03 2.362234750762581825e-03 2.368313726037740707e-03 2.372032264247536659e-03 2.414898248389363289e-03 2.411575289443135262e-03 2.432121429592370987e-03 2.463124925270676613e-03 2.482981188222765923e-03 2.522508380934596062e-03 2.539392095059156418e-03 2.582586137577891350e-03 2.615768462419509888e-03 2.646089298650622368e-03 2.676713978871703148e-03 2.713905181735754013e-03 2.783029573038220406e-03 2.787292236462235451e-03 2.822401467710733414e-03 2.860045526176691055e-03 2.892574993893504143e-03 2.937130164355039597e-03 2.977603115141391754e-03 2.988768974319100380e-03 3.020372940227389336e-03 3.055240958929061890e-03 3.077695146203041077e-03 3.094495506957173347e-03 3.115646773949265480e-03 3.149968106299638748e-03 3.193026641383767128e-03 3.237841883674263954e-03 3.237356664612889290e-03 3.228898160159587860e-03 3.250275738537311554e-03 3.268343629315495491e-03 3.274134127423167229e-03 3.283206140622496605e-03 3.298330819234251976e-03 3.308336948975920677e-03 3.295580856502056122e-03 3.299543168395757675e-03 3.304532729089260101e-03 3.322769887745380402e-03 3.312385873869061470e-03 3.298556432127952576e-03 3.291918197646737099e-03 3.287011757493019104e-03 3.273989073932170868e-03 3.271620487794280052e-03 3.262019716203212738e-03 3.250995185226202011e-03 3.242135513573884964e-03 3.238426055759191513e-03 3.240695223212242126e-03 3.225944936275482178e-03 3.197899321094155312e-03 3.171797376126050949e-03 3.164974739775061607e-03 3.137261141091585159e-03 3.111934056505560875e-03 3.092733444646000862e-03 3.081283532083034515e-03 3.069057594984769821e-03 2.960541984066367149e-03 2.984345192089676857e-03 2.787915756925940514e-03 3.353255568072199821e-03 4.802917595952749252e-03 3.516023745760321617e-03 3.400041721761226654e-03 3.456446342170238495e-03 3.617761423811316490e-03 4.085479304194450378e-03 4.605265334248542786e-03 3.990117926150560379e-03 8.809642866253852844e-03 7.870566099882125854e-03
0.000000000000000000e+00 0.000000000000000000e+00 0.000000000000000000e+00 0.000000000000000000e+00 0.000000000000000000e+00 0.000000000000000000e+00 0.000000000000000000e+00 0.000000000000000000e+00 0.000000000000000000e+00 3.911929088644683361e-04 1.405680435709655285e-03 2.030106494203209877e-03 1.972055062651634216e-03 2.045813016593456268e-03 2.044867957010865211e-03 1.983797410503029823e-03 2.055690623819828033e-03 1.995485974475741386e-03 2.063240157440304756e-03 2.056442201137542725e-03 2.078762510791420937e-03 2.109543187543749809e-03 2.133391564711928368e-03 2.140830503776669502e-03 2.170938067138195038e-03 2.206184668466448784e-03 2.213692292571067810e-03 2.236753003671765327e-03 2.216611756011843681e-03 2.257804153487086296e-03 2.306953538209199905e-03 2.316346857696771622e-03 2.306752372533082962e-03 2.344740787521004677e-03 2.367458073422312737e-03 2.377121942117810249e-03 2.408083761110901833e-03 2.417909679934382439e-03 2.430844819173216820e-03 2.471220912411808968e-03 2.484068041667342186e-03 2.518737921491265297e-03 2.543759997934103012e-03 2.588362433016300201e-03 2.608536742627620697e-03 2.648852299898862839e-03 2.667858265340328217e-03 2.695777919143438339e-03 2.765157027170062065e-03 2.783726900815963745e-03 2.824764233082532883e-03 2.853363286703824997e-03 2.882794244214892387e-03 2.910980256274342537e-03 2.978919073939323425e-03 2.985744969919323921e-03 3.013818524777889252e-03 3.044645301997661591e-03 3.060939023271203041e-03 3.087199758738279343e-03 3.116952255368232727e-03 3.147256560623645782e-03 3.172998782247304916e-03 3.228075336664915085e-03 3.212226089090108871e-03 3.217494813725352287e-03 3.240334102883934975e-03 3.258004784584045410e-03 3.269811160862445831e-03 3.278684569522738457e-03 3.294220892712473869e-03 3.299022791907191277e-03 3.288449486717581749e-03 3.298213006928563118e-03 3.300646087154746056e-03 3.320072777569293976e-03 3.300664713606238365e-03 3.289653686806559563e-03 3.284848062321543694e-03 3.276303876191377640e-03 3.269299399107694626e-03 3.260393626987934113e-03 3.254732349887490273e-03 3.242232138291001320e-03 3.244088497012853622e-03 3.254478564485907555e-03 3.241996513679623604e-03 3.209527581930160522e-03 3.184083383530378342e-03 3.166033886373043060e-03 3.163693938404321671e-03 3.137365449219942093e-03 3.108740784227848053e-03 3.093302017077803612e-03 3.080097725614905357e-03 3.067261772230267525e-03 2.955917734652757645e-03 3.013074863702058792e-03 2.790865488350391388e-03 3.415771294385194778e-03 5.653775762766599655e-03 3.373407525941729546e-03 3.387079341337084770e-03 3.316887887194752693e-03 3.612744621932506561e-03 4.241366870701313019e-03 4.710930865257978439e-03 4.001746419817209244e-03 8.920684456825256348e-03 8.001328445971012115e-03
0.000000000000000000e+00 0.000000000000000000e+00 0.000000000000000000e+00 0.000000000000000000e+00 0.000000000000000000e+00 0.000000000000000000e+00 0.000000000000000000e+00 0.000000000000000000e+00 3.743392066509216238e-23 3.886373015120625496e-03 4.215533379465341568e-03 2.173467073589563370e-03 2.042036969214677811e-03 2.091450849547982216e-03 2.077384153380990028e-03 1.986029325053095818e-03 2.038437640294432640e-03 2.036531455814838409e-03 2.053039846941828728e-03 2.092862967401742935e-03 2.088596578687429428e-03 2.144484780728816986e-03 2.129793865606188774e-03 2.155865775421261787e-03 2.180869691073894501e-03 2.197135472670197487e-03 2.219704212620854378e-03 2.223060699179768562e-03 2.210640814155340195e-03 2.256013685837388039e-03 2.293168334290385246e-03 2.314927754923701286e-03 2.313246019184589386e-03 2.340000355616211891e-03 2.373104216530919075e-03 2.373873721808195114e-03 2.403648104518651962e-03 2.431134926155209541e-03 2.430480439215898514e-03 2.466990612447261810e-03 2.485097153112292290e-03 2.515684813261032104e-03 2.543119015172123909e-03 2.594803925603628159e-03 2.602782100439071655e-03 2.644453197717666626e-03 2.663057530298829079e-03 2.690231893211603165e-03 2.766277641057968140e-03 2.783614676445722580e-03 2.820588182657957077e-03 2.844393951818346977e-03 2.874725032597780228e-03 2.900945488363504410e-03 2.971161855384707451e-03 2.978450153023004532e-03 3.007718594744801521e-03 3.038628026843070984e-03 3.055901965126395226e-03 3.083585295826196671e-03 3.111971775069832802e-03 3.144181100651621819e-03 3.161850618198513985e-03 3.216669894754886627e-03 3.201242536306381226e-03 3.212742041796445847e-03 3.233618335798382759e-03 3.251890651881694794e-03 3.263680031523108482e-03 3.273010719567537308e-03 3.287284867838025093e-03 3.291830886155366898e-03 3.283478319644927979e-03 3.289842978119850159e-03 3.307161619886755943e-03 3.306736936792731285e-03 3.289757762104272842e-03 3.283130005002021790e-03 3.276581177487969398e-03 3.267833497375249863e-03 3.263789694756269455e-03 3.252927213907241821e-03 3.246441949158906937e-03 3.247881541028618813e-03 3.262515878304839134e-03 3.260494908317923546e-03 3.233052091673016548e-03 3.208989510312676430e-03 3.188922069966793060e-03 3.176842117682099342e-03 3.166344715282320976e-03 3.138714702799916267e-03 3.104834584519267082e-03 3.091289894655346870e-03 3.081011818721890450e-03 3.069799160584807396e-03 2.959013450890779495e-03 3.026090562343597412e-03 2.796608023345470428e-03 3.392161568626761436e-03 6.195633206516504288e-03 3.561435267329216003e-03 3.573843045160174370e-03 3.511064685881137848e-03 3.756470512598752975e-03 4.282575100660324097e-03 4.705633502453565598e-03 4.072516690939664841e-03 9.029580280184745789e-03 8.159452117979526520e-03
0.000000000000000000e+00 0.000000000000000000e+00 0.000000000000000000e+00 0.000000000000000000e+00 0.000000000000000000e+00 0.000000000000000000e+00 0.000000000000000000e+00 0.000000000000000000e+00 3.743392066509216238e-23 4.481898155063390732e-03 5.252363625913858414e-03 2.285394584760069847e-03 2.126860897988080978e-03 2.132233930751681328e-03 2.070493996143341064e-03 2.028130926191806793e-03 2.042941516265273094e-03 2.042728709056973457e-03 2.027874812483787537e-03 2.087996806949377060e-03 2.082598162814974785e-03 2.156572649255394936e-03 2.122312784194946289e-03 2.153734909370541573e-03 2.180635929107666016e-03 2.183972857892513275e-03 2.226173412054777145e-03 2.215070649981498718e-03 2.201304072514176369e-03 2.254405757412314415e-03 2.278784522786736488e-03 2.306974260136485100e-03 2.321314997971057892e-03 2.335529774427413940e-03 2.370694419369101524e-03 2.358361147344112396e-03 2.407240448519587517e-03 2.432279288768768311e-03 2.423472004011273384e-03 2.477076603099703789e-03 2.500013215467333794e-03 2.522472757846117020e-03 2.551439451053738594e-03 2.605801448225975037e-03 2.605422632768750191e-03 2.640929538756608963e-03 2.661135047674179077e-03 2.694813534617424011e-03 2.770318416878581047e-03 2.780238166451454163e-03 2.809851197525858879e-03 2.835715189576148987e-03 2.865340095013380051e-03 2.897444413974881172e-03 2.960806246846914291e-03 2.970734843984246254e-03 3.003144636750221252e-03 3.034179331734776497e-03 3.051153616979718208e-03 3.077534027397632599e-03 3.108828794211149216e-03 3.139291889965534210e-03 3.154758131131529808e-03 3.212371841073036194e-03 3.197044134140014648e-03 3.209015121683478355e-03 3.229058347642421722e-03 3.246234031394124031e-03 3.257684176787734032e-03 3.267098916694521904e-03 3.283346770331263542e-03 3.286170540377497673e-03 3.280868520960211754e-03 3.288966836407780647e-03 3.315455745905637741e-03 3.292281646281480789e-03 3.282580059021711349e-03 3.277203533798456192e-03 3.270032582804560661e-03 3.262874903157353401e-03 3.256910946220159531e-03 3.247684100642800331e-03 3.249572822824120522e-03 3.267612308263778687e-03 3.272051922976970673e-03 3.255662042647600174e-03 3.232089569792151451e-03 3.213707357645034790e-03 3.195112571120262146e-03 3.182654734700918198e-03 3.166492795571684837e-03 3.138310275971889496e-03 3.102352144196629524e-03 3.087530843913555145e-03 3.077375469729304314e-03 3.071978688240051270e-03 2.971332753077149391e-03 3.037523711100220680e-03 2.790818456560373306e-03 3.417365252971649170e-03 6.494950503110885620e-03 3.366067539900541306e-03 3.261587815359234810e-03 3.370753256604075432e-03 3.696758300065994263e-03 4.279418848454952240e-03 4.680484533309936523e-03 4.021643195301294327e-03 9.026348590850830078e-03 8.256989531219005585e-03
0.000000000000000000e+00 0.000000000000000000e+00 0.000000000000000000e+00 0.000000000000000000e+00 0.000000000000000000e+00 0.000000000000000000e+00 0.000000000000000000e+00 0.000000000000000000e+00 3.743392066509216238e-23 4.675102885812520981e-03 5.567554850131273270e-03 2.296403981745243073e-03 2.130374545231461525e-03 2.137417672201991081e-03 2.107593463733792305e-03 2.054207026958465576e-03 2.078323392197489738e-03 2.046685665845870972e-03 2.055490855127573013e-03 2.073680749163031578e-03 2.053188160061836243e-03 2.124277874827384949e-03 2.108023269101977348e-03 2.155161928385496140e-03 2.165130106732249260e-03 2.151220804080367088e-03 2.214943990111351013e-03 2.221698407083749771e-03 2.218825044110417366e-03 2.266504568979144096e-03 2.283831592649221420e-03 2.298058476299047470e-03 2.334041986614465714e-03 2.333017066121101379e-03 2.369463676586747169e-03 2.355993958190083504e-03 2.393371425569057465e-03 2.426398452371358871e-03 2.408208791166543961e-03 2.472427207976579666e-03 2.486117882654070854e-03 2.498740097507834435e-03 2.522881841287016869e-03 2.588883507996797562e-03 2.595280762761831284e-03 2.635975368320941925e-03 2.662299433723092079e-03 2.692342968657612801e-03 2.757248003035783768e-03 2.764775184914469719e-03 2.801139140501618385e-03 2.829818287864327431e-03 2.859435044229030609e-03 2.891907934099435806e-03 2.955032512545585632e-03 2.963315462693572044e-03 3.000124124810099602e-03 3.030102699995040894e-03 3.047522157430648804e-03 3.074862994253635406e-03 3.105498384684324265e-03 3.138389904052019119e-03 3.150788601487874985e-03 3.210720373317599297e-03 3.194776130840182304e-03 3.206755500286817551e-03 3.226707922294735909e-03 3.242810489609837532e-03 3.252669703215360641e-03 3.265085164457559586e-03 3.279129276052117348e-03 3.282877150923013687e-03 3.282535588368773460e-03 3.300634445622563362e-03 3.294594585895538330e-03 3.281942103058099747e-03 3.278072690591216087e-03 3.272257046774029732e-03 3.264851635321974754e-03 3.258536336943507195e-03 3.250185633078217506e-03 3.251317655667662621e-03 3.266260959208011627e-03 3.273868700489401817e-03 3.254765644669532776e-03 3.217484103515744209e-03 3.197616431862115860e-03 3.181636566296219826e-03 3.168481169268488884e-03 3.175231628119945526e-03 3.173697274178266525e-03 3.137526568025350571e-03 3.099930007010698318e-03 3.085689852014183998e-03 3.074436448514461517e-03 3.068339079618453979e-03 2.981919096782803535e-03 3.040206385776400566e-03 2.792149782180786133e-03 3.428187919780611992e-03 6.718290504068136215e-03 3.619232214987277985e-03 3.589217085391283035e-03 3.572094487026333809e-03 3.985431510955095291e-03 4.471879452466964722e-03 4.780242685228586197e-03 4.069081973284482956e-03 9.062503464519977570e-03 8.338873274624347687e-03
0.000000000000000000e+00 0.000000000000000000e+00 0.000000000000000000e+00 0.000000000000000000e+00 0.000000000000000000e+00 0.000000000000000000e+00 0.000000000000000000e+00 0.000000000000000000e+00 3.743392066509216238e-23 4.582517780363559723e-03 5.506136920303106308e-03 2.281373133882880211e-03 2.154160058125853539e-03 2.116732764989137650e-03 2.071407623589038849e-03 2.040763618424534798e-03 2.055182354524731636e-03 2.020533895120024681e-03 2.059953985735774040e-03 2.037106081843376160e-03 2.038232982158660889e-03 2.091925358399748802e-03 2.093045273795723915e-03 2.161599230021238327e-03 2.161746146157383919e-03 2.174239372834563255e-03 2.215493703261017799e-03 2.209603087976574898e-03 2.249792916700243950e-03 2.270993543788790703e-03 2.282178495079278946e-03 2.281672321259975433e-03 2.321250969544053078e-03 2.337631769478321075e-03 2.350399736315011978e-03 2.384323859587311745e-03 2.398899756371974945e-03 2.422149758785963058e-03 2.408746397122740746e-03 2.457474591210484505e-03 2.482640556991100311e-03 2.495266031473875046e-03 2.519047353416681290e-03 2.557761268690228462e-03 2.583413850516080856e-03 2.619924023747444153e-03 2.654946409165859222e-03 2.679903293028473854e-03 2.743475837633013725e-03 2.760936738923192024e-03 2.794797066599130630e-03 2.824378665536642075e-03 2.856327919289469719e-03 2.882905304431915283e-03 2.954938216134905815e-03 2.959857927635312080e-03 2.998021664097905159e-03 3.023954806849360466e-03 3.048025071620941162e-03 3.074847627431154251e-03 3.105018986389040947e-03 3.139588516205549240e-03 3.159903921186923981e-03 3.203539410606026649e-03 3.194985445588827133e-03 3.207191126421093941e-03 3.226683009415864944e-03 3.240610705688595772e-03 3.252215217798948288e-03 3.263456979766488075e-03 3.273344598710536957e-03 3.285426180809736252e-03 3.291573608294129372e-03 3.283958882093429565e-03 3.279108554124832153e-03 3.278718795627355576e-03 3.274724818766117096e-03 3.268535016104578972e-03 3.261112608015537262e-03 3.254953073337674141e-03 3.250220557674765587e-03 3.258371725678443909e-03 3.265059087425470352e-03 3.252851078286767006e-03 3.225036896765232086e-03 3.203437896445393562e-03 3.191669005900621414e-03 3.176109865307807922e-03 3.162034787237644196e-03 3.174128709360957146e-03 3.178403712809085846e-03 3.136922372505068779e-03 3.096966305747628212e-03 3.082131734117865562e-03 3.072700696066021919e-03 3.065931377932429314e-03 2.989446278661489487e-03 3.044633194804191589e-03 2.786315046250820160e-03 3.418650245293974876e-03 6.980680860579013824e-03 3.529222682118415833e-03 3.443269524723291397e-03 3.464020555838942528e-03 4.161741584539413452e-03 4.577209707349538803e-03 4.715586081147193909e-03 4.184130113571882248e-03 9.182911366224288940e-03 8.349861018359661102e-03
0.000000000000000000e+00 0.000000000000000000e+00 0.000000000000000000e+00 0.000000000000000000e+00 0.000000000000000000e+00 0.000000000000000000e+00 0.000000000000000000e+00 0.000000000000000000e+00 3.743392066509216238e-23 4.591512959450483322e-03 5.498513113707304001e-03 2.259352942928671837e-03 2.157762181013822556e-03 2.119268756359815598e-03 2.028174465522170067e-03 2.029363997280597687e-03 2.033175900578498840e-03 2.001996850594878197e-03 2.041896805167198181e-03 2.068147528916597366e-03 2.089465968310832977e-03 2.074353164061903954e-03 2.081465907394886017e-03 2.148907398805022240e-03 2.127461368218064308e-03 2.169925253838300705e-03 2.190302824601531029e-03 2.175005618482828140e-03 2.237384673207998276e-03 2.264320384711027145e-03 2.263381145894527435e-03 2.311057643964886665e-03 2.318080049008131027e-03 2.337074838578701019e-03 2.340673003345727921e-03 2.368337707594037056e-03 2.387647749856114388e-03 2.401933306828141212e-03 2.438712399452924728e-03 2.458262257277965546e-03 2.485018456354737282e-03 2.487166319042444229e-03 2.553713973611593246e-03 2.561823930591344833e-03 2.588120056316256523e-03 2.623843727633357048e-03 2.658613491803407669e-03 2.710360568016767502e-03 2.729478524997830391e-03 2.758235903456807137e-03 2.791428240016102791e-03 2.823982387781143188e-03 2.861126326024532318e-03 2.882695989683270454e-03 2.940133912488818169e-03 2.959698904305696487e-03 2.997976494953036308e-03 3.023178083822131157e-03 3.048928454518318176e-03 3.075329586863517761e-03 3.109572688117623329e-03 3.131838515400886536e-03 3.177958307787775993e-03 3.196260426193475723e-03 3.197737038135528564e-03 3.211100818589329720e-03 3.228544723242521286e-03 3.242051461711525917e-03 3.252788679674267769e-03 3.260312136262655258e-03 3.285082289949059486e-03 3.301725955680012703e-03 3.281251760199666023e-03 3.273990936577320099e-03 3.276281524449586868e-03 3.277517622336745262e-03 3.273218171671032906e-03 3.266461193561553955e-03 3.258493496105074883e-03 3.253420814871788025e-03 3.250059206038713455e-03 3.250347217544913292e-03 3.242360195145010948e-03 3.227006411179900169e-03 3.211359493434429169e-03 3.201836487278342247e-03 3.189066192135214806e-03 3.173716366291046143e-03 3.159367246553301811e-03 3.172285621985793114e-03 3.177236765623092651e-03 3.135035745799541473e-03 3.095039399340748787e-03 3.081588773056864738e-03 3.071316285058856010e-03 3.061489202082157135e-03 2.989468630403280258e-03 3.043259959667921066e-03 2.786914119496941566e-03 3.406033385545015335e-03 7.259638048708438873e-03 3.738964907824993134e-03 3.630081424489617348e-03 3.462995169684290886e-03 3.943628165870904922e-03 4.306701011955738068e-03 4.538477864116430283e-03 4.336737561970949173e-03 9.102130308747291565e-03 8.597740903496742249e-03
0.000000000000000000e+00 0.000000000000000000e+00 0.000000000000000000e+00 0.000000000000000000e+00 0.000000000000000000e+00 0.000000000000000000e+00 0.000000000000000000e+00 0.000000000000000000e+00 3.743392066509216238e-23 4.696116317063570023e-03 5.532271694391965866e-03 2.211060142144560814e-03 2.110734814777970314e-03 2.075321273878216743e-03 1.980290049687027931e-03 1.969631062820553780e-03 2.021490596234798431e-03 2.015815582126379013e-03 2.055886900052428246e-03 2.053448464721441269e-03 2.090478083118796349e-03 2.098240656778216362e-03 2.106002997606992722e-03 2.146800514310598373e-03 2.133258385583758354e-03 2.165484009310603142e-03 2.147229621186852455e-03 2.175082918256521225e-03 2.236290834844112396e-03 2.238615881651639938e-03 2.246619667857885361e-03 2.296701306477189064e-03 2.310171257704496384e-03 2.317843725904822350e-03 2.366460161283612251e-03 2.372810617089271545e-03 2.386938082054257393e-03 2.396484604105353355e-03 2.429163316264748573e-03 2.452960936352610588e-03 2.473509637638926506e-03 2.486856421455740929e-03 2.532289130613207817e-03 2.555728890001773834e-03 2.589231822639703751e-03 2.624265383929014206e-03 2.635835669934749603e-03 2.708801534026861191e-03 2.718864474445581436e-03 2.756523899734020233e-03 2.789234975352883339e-03 2.821092726662755013e-03 2.852285979315638542e-03 2.901875413954257965e-03 2.925303764641284943e-03 2.961523598060011864e-03 2.996632363647222519e-03 3.022592281922698021e-03 3.049762453883886337e-03 3.078274661675095558e-03 3.112016245722770691e-03 3.153075231239199638e-03 3.175652353093028069e-03 3.198710735887289047e-03 3.200830426067113876e-03 3.213911550119519234e-03 3.234410425648093224e-03 3.245785832405090332e-03 3.251325106248259544e-03 3.273779992014169693e-03 3.295921254903078079e-03 3.291219705715775490e-03 3.273146227002143860e-03 3.271092427894473076e-03 3.276118310168385506e-03 3.278458490967750549e-03 3.273365553468465805e-03 3.264169674366712570e-03 3.258754732087254524e-03 3.253532107919454575e-03 3.249239176511764526e-03 3.240832593291997910e-03 3.229486756026744843e-03 3.219891106709837914e-03 3.209157614037394524e-03 3.201125888153910637e-03 3.187733003869652748e-03 3.172528930008411407e-03 3.156626364216208458e-03 3.170295618474483490e-03 3.175583900883793831e-03 3.129874821752309799e-03 3.093489212915301323e-03 3.079328453168272972e-03 3.068926045671105385e-03 3.059127600863575935e-03 2.990241628140211105e-03 3.044494660571217537e-03 2.783629810437560081e-03 3.393213730305433273e-03 7.323990575969219208e-03 3.900839714333415031e-03 3.654444357380270958e-03 3.453365992754697800e-03 3.696389496326446533e-03 3.961040172725915909e-03 4.179062321782112122e-03 4.106986336410045624e-03 8.870633319020271301e-03 8.471580222249031067e-03
0.000000000000000000e+00 0.000000000000000000e+00 0.000000000000000000e+00 0.000000000000000000e+00 0.000000000000000000e+00 0.000000000000000000e+00 0.000000000000000000e+00 0.000000000000000000e+00 3.743392066509216238e-23 4.487238358706235886e-03 5.197719670832157135e-03 2.102596452459692955e-03 2.014375058934092522e-03 2.013575751334428787e-03 1.940618385560810566e-03 1.945124939084053040e-03 1.986416522413492203e-03 1.979183638468384743e-03 2.024924382567405701e-03 2.008048119023442268e-03 2.069043926894664764e-03 2.086419844999909401e-03 2.107801614329218864e-03 2.127017825841903687e-03 2.133451402187347412e-03 2.170428168028593063e-03 2.175620757043361664e-03 2.200042363256216049e-03 2.233318751677870750e-03 2.197553869336843491e-03 2.258140128105878830e-03 2.296294784173369408e-03 2.293206751346588135e-03 2.310217591002583504e-03 2.346466295421123505e-03 2.354287775233387947e-03 2.382384147495031357e-03 2.415755763649940491e-03 2.421189798042178154e-03 2.451840322464704514e-03 2.444387180730700493e-03 2.506830031052231789e-03 2.520872280001640320e-03 2.551158191636204720e-03 2.585222246125340462e-03 2.613172633573412895e-03 2.662618411704897881e-03 2.687207423150539398e-03 2.718908013775944710e-03 2.756847534328699112e-03 2.789879683405160904e-03 2.823511371389031410e-03 2.850396325811743736e-03 2.897479105740785599e-03 2.926202956587076187e-03 2.963602542877197266e-03 2.995516639202833176e-03 3.025992773473262787e-03 3.054655157029628754e-03 3.095011459663510323e-03 3.129744436591863632e-03 3.154471283778548241e-03 3.182272659614682198e-03 3.200139151886105537e-03 3.203775035217404366e-03 3.223995212465524673e-03 3.240535035729408264e-03 3.247592132538557053e-03 3.274124814197421074e-03 3.289958229288458824e-03 3.291192464530467987e-03 3.285772632807493210e-03 3.273100592195987701e-03 3.270730841904878616e-03 3.280912991613149643e-03 3.279001452028751373e-03 3.271659370511770248e-03 3.265697509050369263e-03 3.263253951445221901e-03 3.255635267123579979e-03 3.246982116252183914e-03 3.236660268157720566e-03 3.226849483326077461e-03 3.220061538740992546e-03 3.211417701095342636e-03 3.201268613338470459e-03 3.187666414305567741e-03 3.172086784616112709e-03 3.154739970341324806e-03 3.169803880155086517e-03 3.173311240971088409e-03 3.119552275165915489e-03 3.090934595093131065e-03 3.077624132856726646e-03 3.067972837015986443e-03 3.059949958696961403e-03 2.997689181938767433e-03 3.038632916286587715e-03 2.764556789770722389e-03 3.391535719856619835e-03 7.239164784550666809e-03 3.858588170260190964e-03 3.503233892843127251e-03 3.338641021400690079e-03 3.438940970227122307e-03 3.694163169711828232e-03 4.045628476887941360e-03 4.127443768084049225e-03 8.782694116234779358e-03 8.385351859033107758e-03
0.000000000000000000e+00 0.000000000000000000e+00 0.000000000000000000e+00 0.000000000000000000e+00 0.000000000000000000e+00 0.000000000000000000e+00 0.000000000000000000e+00 0.000000000000000000e+00 3.743392066509216238e-23 3.840637160465121269e-03 4.050261341035366058e-03 1.818557386286556721e-03 1.884931232780218124e-03 1.942586037330329418e-03 1.905289362184703350e-03 1.939480775035917759e-03 1.944175572134554386e-03 1.974069746211171150e-03 1.984878908842802048e-03 2.007745672017335892e-03 2.057779347524046898e-03 2.032222459092736244e-03 2.096507931128144264e-03 2.105548977851867676e-03 2.137062605470418930e-03 2.157587790861725807e-03 2.175812609493732452e-03 2.216644817963242531e-03 2.213875995948910713e-03 2.221635077148675919e-03 2.272624289616942406e-03 2.282669767737388611e-03 2.245405456051230431e-03 2.316391095519065857e-03 2.353857969865202904e-03 2.342951484024524689e-03 2.379073761403560638e-03 2.398343989625573158e-03 2.415806055068969727e-03 2.429696032777428627e-03 2.450977684929966927e-03 2.493238542228937149e-03 2.514419378712773323e-03 2.543442416936159134e-03 2.577065490186214447e-03 2.607021480798721313e-03 2.654854441061615944e-03 2.678792690858244896e-03 2.722208388149738312e-03 2.751788590103387833e-03 2.786479657515883446e-03 2.817333675920963287e-03 2.858280669897794724e-03 2.897086087614297867e-03 2.928939647972583771e-03 2.965408144518733025e-03 3.000593511387705803e-03 3.031798405572772026e-03 3.076157299801707268e-03 3.110640682280063629e-03 3.136160317808389664e-03 3.160557011142373085e-03 3.189219860360026360e-03 3.203844651579856873e-03 3.212512703612446785e-03 3.230761969462037086e-03 3.247851040214300156e-03 3.289414802566170692e-03 3.303863108158111572e-03 3.288002684712409973e-03 3.288379404693841934e-03 3.288959385827183723e-03 3.278018441051244736e-03 3.276198636740446091e-03 3.279577009379863739e-03 3.277164185419678688e-03 3.283267607912421227e-03 3.286929801106452942e-03 3.275985829532146454e-03 3.256774973124265671e-03 3.245667088776826859e-03 3.236314048990607262e-03 3.229093039408326149e-03 3.219490870833396912e-03 3.215952776372432709e-03 3.203395521268248558e-03 3.192010801285505295e-03 3.173678647726774216e-03 3.156636841595172882e-03 3.169431351125240326e-03 3.171986201778054237e-03 3.109039505943655968e-03 3.093834035098552704e-03 3.078690497204661369e-03 3.064875025302171707e-03 3.053121035918593407e-03 2.995764138177037239e-03 3.043993376195430756e-03 2.769022015854716301e-03 3.371336963027715683e-03 7.367330603301525116e-03 4.467757418751716614e-03 3.520450554788112640e-03 3.239622106775641441e-03 3.355186432600021362e-03 3.593258559703826904e-03 3.928070887923240662e-03 4.008120391517877579e-03 8.458314463496208191e-03 8.547957055270671844e-03
0.000000000000000000e+00 0.000000000000000000e+00 0.000000000000000000e+00 0.000000000000000000e+00 0.000000000000000000e+00 0.000000000000000000e+00 0.000000000000000000e+00 0.000000000000000000e+00 0.000000000000000000e+00 1.791101094568148255e-04 1.000115880742669106e-03 1.719047315418720245e-03 1.791033660992980003e-03 1.892357133328914642e-03 1.882841344922780991e-03 1.933082006871700287e-03 1.921351067721843719e-03 1.940879505127668381e-03 1.945972093380987644e-03 1.985230483114719391e-03 2.013182267546653748e-03 2.019363222643733025e-03 2.076336881145834923e-03 2.099207835271954536e-03 2.127441111952066422e-03 2.156619681045413017e-03 2.180703682824969292e-03 2.211092039942741394e-03 2.214832231402397156e-03 2.251076512038707733e-03 2.278443425893783569e-03 2.263078000396490097e-03 2.277140971273183823e-03 2.329559531062841415e-03 2.319467021152377129e-03 2.304440364241600037e-03 2.366157015785574913e-03 2.391754416748881340e-03 2.403923776000738144e-03 2.421626821160316467e-03 2.459677169099450111e-03 2.482063835486769676e-03 2.502808813005685806e-03 2.531378064304590225e-03 2.567544113844633102e-03 2.612975658848881721e-03 2.641626400873064995e-03 2.674694173038005829e-03 2.714998787268996239e-03 2.748163416981697083e-03 2.784111769869923592e-03 2.824364695698022842e-03 2.863341709598898888e-03 2.896758494898676872e-03 2.941593760624527931e-03 2.976401010528206825e-03 3.010540036484599113e-03 3.067056415602564812e-03 3.099663881585001945e-03 3.127508796751499176e-03 3.144876798614859581e-03 3.167637856677174568e-03 3.212646115571260452e-03 3.223136765882372856e-03 3.222672501578927040e-03 3.258605953305959702e-03 3.316616406664252281e-03 3.339083632454276085e-03 3.299690550193190575e-03 3.287174506112933159e-03 3.307172562927007675e-03 3.298756200820207596e-03 3.283483907580375671e-03 3.271400928497314453e-03 3.287359606474637985e-03 3.314811503514647484e-03 3.324164543300867081e-03 3.308576997369527817e-03 3.276615636423230171e-03 3.260845318436622620e-03 3.247524378821253777e-03 3.237874945625662804e-03 3.230244619771838188e-03 3.219141159206628799e-03 3.217291552573442459e-03 3.206370864063501358e-03 3.195439931005239487e-03 3.176241414621472359e-03 3.160178428515791893e-03 3.169538918882608414e-03 3.169689793139696121e-03 3.109058830887079239e-03 3.090950427576899529e-03 3.076738677918910980e-03 3.064216347411274910e-03 3.051060251891613007e-03 2.995881950482726097e-03 3.034883644431829453e-03 2.771691652014851570e-03 3.385228337720036507e-03 7.499197497963905334e-03 4.787058569490909576e-03 3.674526233226060867e-03 3.251859452575445175e-03 3.186946734786033630e-03 3.339945571497082710e-03 3.720436012372374535e-03 3.993237856775522232e-03 8.205923251807689667e-03 8.377929218113422394e-03
0.000000000000000000e+00 0.000000000000000000e+00 0.000000000000000000e+00 0.000000000000000000e+00 0.000000000000000000e+00 0.000000000000000000e+00 0.000000000000000000e+00 0.000000000000000000e+00 0.000000000000000000e+00 7.180439069998101331e-07 1.118566957302391529e-03 1.745609799399971962e-03 1.745059387758374214e-03 1.836824114434421062e-03 1.850567059591412544e-03 1.904196571558713913e-03 1.908440375700592995e-03 1.939136534929275513e-03 1.961837057024240494e-03 1.991720404475927353e-03 1.978737767785787582e-03 2.043530577793717384e-03 2.025041729211807251e-03 2.071901457384228706e-03 2.125417347997426987e-03 2.128118649125099182e-03 2.151911845430731773e-03 2.207252895459532738e-03 2.251680707558989525e-03 2.260364359244704247e-03 2.266144845634698868e-03 2.245004754513502121e-03 2.310208976268768311e-03 2.332058735191822052e-03 2.306975889950990677e-03 2.340724924579262733e-03 2.370200818404555321e-03 2.372424118220806122e-03 2.359342994168400764e-03 2.423967700451612473e-03 2.444997429847717285e-03 2.471197163686156273e-03 2.481604926288127899e-03 2.521544927731156349e-03 2.571794670075178146e-03 2.605962799862027168e-03 2.633586060255765915e-03 2.680621109902858734e-03 2.712720539420843124e-03 2.756415400654077530e-03 2.784878481179475784e-03 2.826524665579199791e-03 2.870239783078432083e-03 2.940498292446136475e-03 3.005737671628594398e-03 3.006843151524662971e-03 3.061617724597454071e-03 3.144154557958245277e-03 3.156409598886966705e-03 3.184009576216340065e-03 3.185663372278213501e-03 3.218871541321277618e-03 3.260786179453134537e-03 3.282029181718826294e-03 3.302718512713909149e-03 3.377391491085290909e-03 3.386505879461765289e-03 3.363399999216198921e-03 3.322647418826818466e-03 3.327909391373395920e-03 3.342582145705819130e-03 3.316950751468539238e-03 3.301922697573900223e-03 3.318638075143098831e-03 3.348023863509297371e-03 3.351044608280062675e-03 3.321592928841710091e-03 3.292030189186334610e-03 3.273156005889177322e-03 3.264279570430517197e-03 3.251013811677694321e-03 3.242047503590583801e-03 3.229337511584162712e-03 3.216679906472563744e-03 3.209856105968356133e-03 3.206095891073346138e-03 3.194143064320087433e-03 3.178347367793321609e-03 3.163143293932080269e-03 3.155905753374099731e-03 3.136921441182494164e-03 3.112222533673048019e-03 3.089658450335264206e-03 3.071476006880402565e-03 3.061622614040970802e-03 3.053000662475824356e-03 3.005578415468335152e-03 3.022777382284402847e-03 2.756797242909669876e-03 3.360908478498458862e-03 7.330542895942926407e-03 4.869076423346996307e-03 3.561971941962838173e-03 3.330493578687310219e-03 3.193720476701855659e-03 3.188643138855695724e-03 3.316269489005208015e-03 3.816126380115747452e-03 8.075846359133720398e-03 8.285286836326122284e-03
0.000000000000000000e+00 0.000000000000000000e+00 0.000000000000000000e+00 0.000000000000000000e+00 0.000000000000000000e+00 0.000000000000000000e+00 0.000000000000000000e+00 0.000000000000000000e+00 3.743392066509216238e-23 3.780063474550843239e-03 3.662287956103682518e-03 1.788369263522326946e-03 1.767121371813118458e-03 1.808233093470335007e-03 1.830740948207676411e-03 1.871534390375018120e-03 1.899191178381443024e-03 1.923718722537159920e-03 1.966575626283884048e-03 1.955717802047729492e-03 1.947872457094490528e-03 2.028847578912973404e-03 2.043401589617133141e-03 2.086834749206900597e-03 2.102277707308530807e-03 2.115071518346667290e-03 2.178520662710070610e-03 2.187213627621531487e-03 2.223838353529572487e-03 2.229600213468074799e-03 2.250104909762740135e-03 2.296718768775463104e-03 2.332545118406414986e-03 2.301371889188885689e-03 2.295358804985880852e-03 2.354688243940472603e-03 2.365225693210959435e-03 2.378512173891067505e-03 2.395845251157879829e-03 2.414808375760912895e-03 2.433936111629009247e-03 2.434900263324379921e-03 2.441282384097576141e-03 2.506003482267260551e-03 2.566712908446788788e-03 2.588885603472590446e-03 2.634840784594416618e-03 2.704421756789088249e-03 2.735743299126625061e-03 2.776711480692028999e-03 2.810904523357748985e-03 2.847913652658462524e-03 2.903045387938618660e-03 2.990911249071359634e-03 3.014011541381478310e-03 3.097201697528362274e-03 3.148924792185425758e-03 3.199333790689706802e-03 3.168600611388683319e-03 3.207423957064747810e-03 3.241810481995344162e-03 3.317989408969879150e-03 3.332518972456455231e-03 3.376271342858672142e-03 3.403608920052647591e-03 3.425329225137829781e-03 3.402272006496787071e-03 3.351163351908326149e-03 3.357171081006526947e-03 3.378838533535599709e-03 3.355414606630802155e-03 3.369050100445747375e-03 3.397887572646141052e-03 3.400473389774560928e-03 3.345616394653916359e-03 3.324165474623441696e-03 3.308109706267714500e-03 3.289378480985760689e-03 3.282448975369334221e-03 3.269772278144955635e-03 3.262293525040149689e-03 3.263304708525538445e-03 3.226400353014469147e-03 3.217153251171112061e-03 3.203309839591383934e-03 3.206475172191858292e-03 3.193663433194160461e-03 3.182619111612439156e-03 3.174307756125926971e-03 3.156782127916812897e-03 3.125470830127596855e-03 3.108894219622015953e-03 3.091237042099237442e-03 3.070833627134561539e-03 3.056783927604556084e-03 3.041339805349707603e-03 3.009269945323467255e-03 3.024423727765679359e-03 2.797006396576762199e-03 3.369767451658844948e-03 7.038977928459644318e-03 5.545574706047773361e-03 3.867068560793995857e-03 3.511234419420361519e-03 3.230390138924121857e-03 3.224120941013097763e-03 3.212049603462219238e-03 3.650146070867776871e-03 8.193774148821830750e-03 8.311579935252666473e-03
0.000000000000000000e+00 0.000000000000000000e+00 0.000000000000000000e+00 0.000000000000000000e+00 0.000000000000000000e+00 0.000000000000000000e+00 0.000000000000000000e+00 0.000000000000000000e+00 3.743392066509216238e-23 3.984447102993726730e-03 3.267172724008560181e-03 1.783456769771873951e-03 1.799168298020958900e-03 1.749741612002253532e-03 1.830590656027197838e-03 1.828495296649634838e-03 1.929658697918057442e-03 1.887363265268504620e-03 1.877296017482876778e-03 1.945623662322759628e-03 1.985735492780804634e-03 1.987256109714508057e-03 2.046487061306834221e-03 2.041050931438803673e-03 2.067120047286152840e-03 2.122853649780154228e-03 2.175739966332912445e-03 2.211250131949782372e-03 2.246208023279905319e-03 2.254856750369071960e-03 2.288227435201406479e-03 2.327857771888375282e-03 2.295809332281351089e-03 2.315383637323975563e-03 2.343894215300679207e-03 2.355526434257626534e-03 2.331442432478070259e-03 2.359366510063409805e-03 2.369497902691364288e-03 2.395931398496031761e-03 2.396236173808574677e-03 2.436340786516666412e-03 2.488132566213607788e-03 2.524622716009616852e-03 2.582397544756531715e-03 2.615635516121983528e-03 2.672555623576045036e-03 2.755450550466775894e-03 2.824520226567983627e-03 2.860680921003222466e-03 2.893839729949831963e-03 2.916082274168729782e-03 2.958225551992654800e-03 3.047840669751167297e-03 3.085117088630795479e-03 3.132511163130402565e-03 3.174003213644027710e-03 3.219649428501725197e-03 3.246873151510953903e-03 3.300213254988193512e-03 3.323193639516830444e-03 3.380241338163614273e-03 3.425596514716744423e-03 3.429858712479472160e-03 3.458512481302022934e-03 3.462862921878695488e-03 3.451981348916888237e-03 3.442898392677307129e-03 3.449766431003808975e-03 3.452995326370000839e-03 3.480282379314303398e-03 3.452992066740989685e-03 3.418527310714125633e-03 3.417528700083494186e-03 3.360689850524067879e-03 3.332752734422683716e-03 3.316459245979785919e-03 3.307087579742074013e-03 3.313800087198615074e-03 3.299004631116986275e-03 3.301262389868497849e-03 3.323299577459692955e-03 3.251991700381040573e-03 3.229196416214108467e-03 3.212568815797567368e-03 3.205660963431000710e-03 3.193927463144063950e-03 3.183216787874698639e-03 3.165283938869833946e-03 3.148633986711502075e-03 3.124242881312966347e-03 3.106217598542571068e-03 3.090811893343925476e-03 3.069191239774227142e-03 3.052581800147891045e-03 3.036226378753781319e-03 3.004920668900012970e-03 3.020744305104017258e-03 2.909844508394598961e-03 3.367009572684764862e-03 6.545532960444688797e-03 6.080417893826961517e-03 4.400575067847967148e-03 3.592832945287227631e-03 3.271545050665736198e-03 3.197955433279275894e-03 3.188673174008727074e-03 3.478062804788351059e-03 8.226290345191955566e-03 8.497730828821659088e-03
0.000000000000000000e+00 0.000000000000000000e+00 0.000000000000000000e+00 0.000000000000000000e+00 0.000000000000000000e+00 0.000000000000000000e+00 0.000000000000000000e+00 0.000000000000000000e+00 5.293955920339377119e-23 1.908003352582454681e-03 2.167130820453166962e-03 1.747799571603536606e-03 1.728127710521221161e-03 1.772084622643887997e-03 1.911306404508650303e-03 1.854272792115807533e-03 1.926850061863660812e-03 1.959503861144185066e-03 1.942431321367621422e-03 1.972293248400092125e-03 1.960436580702662468e-03 1.951469224877655506e-03 2.018992323428392410e-03 2.106911269947886467e-03 2.145640552043914795e-03 2.148318570107221603e-03 2.160549629479646683e-03 2.229849575087428093e-03 2.315898193046450615e-03 2.304898342117667198e-03 2.287370851263403893e-03 2.362260594964027405e-03 2.336227102205157280e-03 2.323017222806811333e-03 2.349188784137368202e-03 2.374854404479265213e-03 2.289142226800322533e-03 2.290317788720130920e-03 2.343864645808935165e-03 2.450393745675683022e-03 2.511522965505719185e-03 2.604433801025152206e-03 2.658740617334842682e-03 2.695366041734814644e-03 2.750423271209001541e-03 2.773363841697573662e-03 2.791287843137979507e-03 2.825566334649920464e-03 2.873106859624385834e-03 2.895372454077005386e-03 2.949482528492808342e-03 2.958489581942558289e-03 3.003350691869854927e-03 3.036545123904943466e-03 3.071337938308715820e-03 3.100875997915863991e-03 3.138350788503885269e-03 3.192439442500472069e-03 3.247969783842563629e-03 3.291275817900896072e-03 3.373370273038744926e-03 3.433818230405449867e-03 3.452461212873458862e-03 3.453375073149800301e-03 3.470691619440913200e-03 3.476080484688282013e-03 3.476428100839257240e-03 3.487046575173735619e-03 3.508391557261347771e-03 3.502478124573826790e-03 3.522026352584362030e-03 3.509299596771597862e-03 3.474833676591515541e-03 3.432973287999629974e-03 3.381976392120122910e-03 3.381614340469241142e-03 3.358667250722646713e-03 3.358263289555907249e-03 3.391152713447809219e-03 3.399442881345748901e-03 3.394662402570247650e-03 3.394856816157698631e-03 3.286762163043022156e-03 3.240106860175728798e-03 3.227480454370379448e-03 3.209059126675128937e-03 3.201552433893084526e-03 3.184134373441338539e-03 3.156109945848584175e-03 3.144811373203992844e-03 3.136576851829886436e-03 3.107726806774735451e-03 3.089092671871185303e-03 3.066221484914422035e-03 3.048850921913981438e-03 3.036032663658261299e-03 3.011725144460797310e-03 3.001948585733771324e-03 2.959911013022065163e-03 3.371770726516842842e-03 5.942219868302345276e-03 6.665985099971294403e-03 4.963745828717947006e-03 3.712928621098399162e-03 3.275632858276367188e-03 3.156421706080436707e-03 3.227589884772896767e-03 3.429499687626957893e-03 8.105869404971599579e-03 8.092584088444709778e-03
0.000000000000000000e+00 0.000000000000000000e+00 0.000000000000000000e+00 0.000000000000000000e+00 0.000000000000000000e+00 0.000000000000000000e+00 0.000000000000000000e+00 3.743392066509216238e-23 4.413152113556861877e-03 5.887132603675127029e-03 2.069687470793724060e-03 1.759082428179681301e-03 1.735589583404362202e-03 1.787576475180685520e-03 1.802359009161591530e-03 1.904950360767543316e-03 1.897822716273367405e-03 1.947026932612061501e-03 2.005620859563350677e-03 2.020749961957335472e-03 2.100865822285413742e-03 2.075725002214312553e-03 2.047230256721377373e-03 2.063049701973795891e-03 2.104490064084529877e-03 2.137072617188096046e-03 2.212721854448318481e-03 2.231050981208682060e-03 2.249798737466335297e-03 2.264472190290689468e-03 2.268467564135789871e-03 2.281390363350510597e-03 2.294615376740694046e-03 2.261262387037277222e-03 2.267176518216729164e-03 2.366898814216256142e-03 2.368817571550607681e-03 2.467766404151916504e-03 2.568863099440932274e-03 2.645141677930951118e-03 2.598181599751114845e-03 2.727491315454244614e-03 2.779265400022268295e-03 2.848014933988451958e-03 2.843235386535525322e-03 2.820476656779646873e-03 2.758886432275176048e-03 2.776328939944505692e-03 2.880394924432039261e-03 2.915865043178200722e-03 2.989906584843993187e-03 3.058687085285782814e-03 3.065617987886071205e-03 3.100255969911813736e-03 3.122454974800348282e-03 3.129430348053574562e-03 3.183761611580848694e-03 3.273652633652091026e-03 3.339413320645689964e-03 3.380282083526253700e-03 3.414626698940992355e-03 3.430605167523026466e-03 3.438711399212479591e-03 3.481036750599741936e-03 3.491161623969674110e-03 3.521464066579937935e-03 3.549693617969751358e-03 3.559556091204285622e-03 3.525208681821823120e-03 3.495852462947368622e-03 3.464293899014592171e-03 3.462522057816386223e-03 3.461383050307631493e-03 3.421246539801359177e-03 3.402614034712314606e-03 3.414310514926910400e-03 3.421363653615117073e-03 3.433485748246312141e-03 3.371459431946277618e-03 3.368963487446308136e-03 3.413261845707893372e-03 3.435962600633502007e-03 3.328692167997360229e-03 3.259168472141027451e-03 3.234290052205324173e-03 3.222231054678559303e-03 3.221907652914524078e-03 3.196779638528823853e-03 3.170215059071779251e-03 3.141593886539340019e-03 3.138763364404439926e-03 3.115347353741526604e-03 3.090257989242672920e-03 3.062982112169265747e-03 3.046195721253752708e-03 3.034648951143026352e-03 3.004904370754957199e-03 2.975257812067866325e-03 3.010663902387022972e-03 3.259140765294432640e-03 5.076049827039241791e-03 7.166354451328516006e-03 5.460345186293125153e-03 4.108789376914501190e-03 3.544043051078915596e-03 3.194574732333421707e-03 3.091038437560200691e-03 3.259947290644049644e-03 8.099524304270744324e-03 7.947178557515144348e-03
0.000000000000000000e+00 0.000000000000000000e+00 0.000000000000000000e+00 0.000000000000000000e+00 0.000000000000000000e+00 0.000000000000000000e+00 0.000000000000000000e+00 0.000000000000000000e+00 5.293955920339377119e-23 2.852889476343989372e-03 2.846400253474712372e-03 1.508983783423900604e-03 3.457142272964119911e-03 2.923802006989717484e-03 2.225610893219709396e-03 2.101075835525989532e-03 1.958428649231791496e-03 1.941571943461894989e-03 2.067879773676395416e-03 2.062895335257053375e-03 2.157424809411168098e-03 2.227477729320526123e-03 2.301509492099285126e-03 2.249357756227254868e-03 2.230232814326882362e-03 2.329583978280425072e-03 2.415012335404753685e-03 2.508833073079586029e-03 2.554830163717269897e-03 2.491620834916830063e-03 2.442263532429933548e-03 2.446990460157394409e-03 2.430820371955633163e-03 2.463280223309993744e-03 2.515958156436681747e-03 2.465356839820742607e-03 2.295577432960271835e-03 2.259835368022322655e-03 2.334241289645433426e-03 2.431105589494109154e-03 2.476134803146123886e-03 2.734103472903370857e-03 2.905713627114892006e-03 2.861214103177189827e-03 2.823504852131009102e-03 2.879455685615539551e-03 2.916428726166486740e-03 2.908485010266304016e-03 2.931872848421335220e-03 2.994628390297293663e-03 3.006763989105820656e-03 3.029883839190006256e-03 3.048765473067760468e-03 3.079283284023404121e-03 3.140106564387679100e-03 3.237420693039894104e-03 3.309840103611350060e-03 3.345340956002473831e-03 3.410687437281012535e-03 3.429636359214782715e-03 3.464775625616312027e-03 3.448447678238153458e-03 3.580936696380376816e-03 3.632489359006285667e-03 3.640668932348489761e-03 3.600214840844273567e-03 3.560901852324604988e-03 3.513255622237920761e-03 3.514539683237671852e-03 3.496632911264896393e-03 3.497628262266516685e-03 3.506367793306708336e-03 3.473413642495870590e-03 3.476652549579739571e-03 3.516790689900517464e-03 3.482394386082887650e-03 3.449155250564217567e-03 3.456688486039638519e-03 3.398456843569874763e-03 3.399943467229604721e-03 3.396974178031086922e-03 3.403876675292849541e-03 3.371762111783027649e-03 3.345959587022662163e-03 3.298106603324413300e-03 3.233250696212053299e-03 3.208686131983995438e-03 3.195056924596428871e-03 3.190256655216217041e-03 3.155671525746583939e-03 3.125300165265798569e-03 3.114458173513412476e-03 3.097216133028268814e-03 3.075596177950501442e-03 3.050922416150569916e-03 3.026129910722374916e-03 3.002669662237167358e-03 2.929165493696928024e-03 3.004379803314805031e-03 3.131944220513105392e-03 4.204451106488704681e-03 6.979112047702074051e-03 5.607567727565765381e-03 4.364558029919862747e-03 3.817609976977109909e-03 3.549940418452024460e-03 3.136238781735301018e-03 3.251233603805303574e-03 8.082119747996330261e-03 8.109561167657375336e-03
0.000000000000000000e+00 0.000000000000000000e+00 0.000000000000000000e+00 0.000000000000000000e+00 0.000000000000000000e+00 0.000000000000000000e+00 0.000000000000000000e+00 0.000000000000000000e+00 0.000000000000000000e+00 3.743392066509216238e-23 3.743392066509216238e-23 5.293955920339377119e-23 3.351485822349786758e-03 3.873482812196016312e-03 2.416295697912573814e-03 2.080277539789676666e-03 2.130914945155382156e-03 2.034458797425031662e-03 1.980021130293607712e-03 2.054234966635704041e-03 2.146057318896055222e-03 2.212373772636055946e-03 2.276756800711154938e-03 2.361545339226722717e-03 2.431745175272226334e-03 2.249990589916706085e-03 2.281249267980456352e-03 3.930149599909782410e-03 3.605514764785766602e-03 3.190047107636928558e-03 2.638828242197632790e-03 2.419905271381139755e-03 2.421057550236582756e-03 2.432981971651315689e-03 2.465969417244195938e-03 2.439514733850955963e-03 2.482983283698558807e-03 2.574683399870991707e-03 2.566645853221416473e-03 2.402737503871321678e-03 2.481543691828846931e-03 2.524027368053793907e-03 2.540440997108817101e-03 2.638416364789009094e-03 2.744131255894899368e-03 2.753260545432567596e-03 2.774897729977965355e-03 2.778286812826991081e-03 2.865152666345238686e-03 2.979147713631391525e-03 3.062444040551781654e-03 3.097273642197251320e-03 3.142577828839421272e-03 3.176386235281825066e-03 3.206366905942559242e-03 3.316833171993494034e-03 3.408655291423201561e-03 3.439141204580664635e-03 3.458422841504216194e-03 3.407768905162811279e-03 3.509469330310821533e-03 3.409819910302758217e-03 3.444545203819870949e-03 3.419291228055953979e-03 3.421040717512369156e-03 3.437421051785349846e-03 3.442257409915328026e-03 3.431390738114714622e-03 3.426723880693316460e-03 3.419219981878995895e-03 3.410266945138573647e-03 3.404340241104364395e-03 3.418887499719858170e-03 3.445798298344016075e-03 3.453798824921250343e-03 3.449348965659737587e-03 3.415474900975823402e-03 3.409202909097075462e-03 3.423140617087483406e-03 3.376774489879608154e-03 3.322560572996735573e-03 3.346548182889819145e-03 3.314306028187274933e-03 3.345347242429852486e-03 3.294353140518069267e-03 3.303455188870429993e-03 3.273663809522986412e-03 3.255217103287577629e-03 3.224051091820001602e-03 3.215157892554998398e-03 3.188701812177896500e-03 3.150630509480834007e-03 3.121785353869199753e-03 3.069618949666619301e-03 3.022703807801008224e-03 3.006110433489084244e-03 3.015517489984631538e-03 2.935104770585894585e-03 3.070242935791611671e-03 3.012083703652024269e-03 3.488462883979082108e-03 6.913417018949985504e-03 6.627759430557489395e-03 5.646769423037767410e-03 4.787602927535772324e-03 4.488360136747360229e-03 3.475407604128122330e-03 3.459576983004808426e-03 8.451459929347038269e-03 8.445329032838344574e-03
0.000000000000000000e+00 0.000000000000000000e+00 0.000000000000000000e+00 0.000000000000000000e+00 0.000000000000000000e+00 0.000000000000000000e+00 0.000000000000000000e+00 0.000000000000000000e+00 0.000000000000000000e+00 0.000000000000000000e+00 0.000000000000000000e+00 0.000000000000000000e+00 3.743392066509216238e-23 3.743392066509216238e-23 3.743392066509216238e-23 3.743392066509216238e-23 3.743392066509216238e-23 3.743392066509216238e-23 3.743392066509216238e-23 3.743392066509216238e-23 3.743392066509216238e-23 3.743392066509216238e-23 3.743392066509216238e-23 3.743392066509216238e-23 3.743392066509216238e-23 3.743392066509216238e-23 5.293955920339377119e-23 2.869659801945090294e-03 3.170182928442955017e-03 2.697149524465203285e-03 2.592469565570354462e-03 2.474788343533873558e-03 2.589101437479257584e-03 2.772252541035413742e-03 2.631164388731122017e-03 2.467475598677992821e-03 3.955439664423465729e-03 3.137326100841164589e-03 2.723190234974026680e-03 2.768673468381166458e-03 3.031015628948807716e-03 3.249997505918145180e-03 3.305379766970872879e-03 3.166516777127981186e-03 3.067979356274008751e-03 3.002314828336238861e-03 2.985140774399042130e-03 2.897849539294838905e-03 2.973190508782863617e-03 2.924057887867093086e-03 2.945539541542530060e-03 2.930558519437909126e-03 2.937348792329430580e-03 3.012489061802625656e-03 3.080295166000723839e-03 3.132772864773869514e-03 3.240887541323900223e-03 3.305051941424608231e-03 3.348016878589987755e-03 3.348619909957051277e-03 3.407315816730260849e-03 3.376946086063981056e-03 3.467313013970851898e-03 3.477790160104632378e-03 3.421532921493053436e-03 3.419894026592373848e-03 3.425389761105179787e-03 3.412079531699419022e-03 3.406757954508066177e-03 3.478335449472069740e-03 3.403785405680537224e-03 3.365307347849011421e-03 3.401425434276461601e-03 3.401421708986163139e-03 3.363525960594415665e-03 3.348213387653231621e-03 3.405962605029344559e-03 3.433015663176774979e-03 3.438545623794198036e-03 3.411938669160008430e-03 3.458878491073846817e-03 3.461399348452687263e-03 3.401644993573427200e-03 3.394376253709197044e-03 3.288960084319114685e-03 3.219336038455367088e-03 3.177791833877563477e-03 3.172388300299644470e-03 3.155838465318083763e-03 3.146581817418336868e-03 3.140218788757920265e-03 3.182083833962678909e-03 3.194053657352924347e-03 3.170378971844911575e-03 3.105580341070890427e-03 3.050748724490404129e-03 3.048293525353074074e-03 2.887044101953506470e-03 3.046115860342979431e-03 3.000541590154170990e-03 3.279852448031306267e-03 6.615617312490940094e-03 6.329605821520090103e-03 6.046624854207038879e-03 5.566373933106660843e-03 5.313121713697910309e-03 4.088470712304115295e-03 3.619023365899920464e-03 7.910508662462234497e-03 8.148596622049808502e-03
0.000000000000000000e+00 0.000000000000000000e+00 0.000000000000000000e+00 0.000000000000000000e+00 0.000000000000000000e+00 0.000000000000000000e+00 0.000000000000000000e+00 0.000000000000000000e+00 0.000000000000000000e+00 0.000000000000000000e+00 0.000000000000000000e+00 0.000000000000000000e+00 0.000000000000000000e+00 0.000000000000000000e+00 0.000000000000000000e+00 0.000000000000000000e+00 0.000000000000000000e+00 0.000000000000000000e+00 0.000000000000000000e+00 0.000000000000000000e+00 0.000000000000000000e+00 0.000000000000000000e+00 0.000000000000000000e+00 0.000000000000000000e+00 0.000000000000000000e+00 0.000000000000000000e+00 0.000000000000000000e+00 3.743392066509216238e-23 3.743392066509216238e-23 3.743392066509216238e-23 3.743392066509216238e-23 3.743392066509216238e-23 3.743392066509216238e-23 5.293955920339377119e-23 3.743392066509216238e-23 5.293955920339377119e-23 3.119763918220996857e-03 3.037273185327649117e-03 2.244699979200959206e-03 5.410956684499979019e-03 6.809759885072708130e-03 7.629116065800189972e-03 8.332828059792518616e-03 8.573181927204132080e-03 8.678479120135307312e-03 7.979893125593662262e-03 7.429594639688730240e-03 6.796857807785272598e-03 6.230690050870180130e-03 5.633897148072719574e-03 5.187522154301404953e-03 4.881814587861299515e-03 4.504791926592588425e-03 4.212009254842996597e-03 4.118276294320821762e-03 3.915848676115274429e-03 3.778624581173062325e-03 3.748746123164892197e-03 3.771040355786681175e-03 3.803959582000970840e-03 3.726886818185448647e-03 3.613598877564072609e-03 3.596359863877296448e-03 3.550090594217181206e-03 3.523858031257987022e-03 3.558189608156681061e-03 3.529977053403854370e-03 3.472538432106375694e-03 3.479223465546965599e-03 3.394331317394971848e-03 3.351152176037430763e-03 3.355459077283740044e-03 3.391567151993513107e-03 3.381238784641027451e-03 3.433755133301019669e-03 3.462526481598615646e-03 3.420375287532806396e-03 3.457442158833146095e-03 3.463156055659055710e-03 3.458083840087056160e-03 3.498156322166323662e-03 3.468526061624288559e-03 3.494250820949673653e-03 3.549834480509161949e-03 3.609943902119994164e-03 3.468553535640239716e-03 3.320015966892242432e-03 3.256212454289197922e-03 3.199281869456171989e-03 3.211091738194227219e-03 3.219954669475555420e-03 3.139369655400514603e-03 3.048606682568788528e-03 2.993285423144698143e-03 3.010853892192244530e-03 3.032036125659942627e-03 2.999834250658750534e-03 2.904901746660470963e-03 3.032234264537692070e-03 2.972666407003998756e-03 3.198699792847037315e-03 5.890021566301584244e-03 5.435963161289691925e-03 5.909146741032600403e-03 6.093331612646579742e-03 6.172077730298042297e-03 5.200585350394248962e-03 4.301918670535087585e-03 7.518800441175699234e-03 8.134167641401290894e-03
0.000000000000000000e+00 0.000000000000000000e+00 0.000000000000000000e+00 0.000000000000000000e+00 0.000000000000000000e+00 0.000000000000000000e+00 0.000000000000000000e+00 0.000000000000000000e+00 0.000000000000000000e+00 0.000000000000000000e+00 0.000000000000000000e+00 0.000000000000000000e+00 0.000000000000000000e+00 0.000000000000000000e+00 0.000000000000000000e+00 0.000000000000000000e+00 0.000000000000000000e+00 0.000000000000000000e+00 0.000000000000000000e+00 0.000000000000000000e+00 0.000000000000000000e+00 0.000000000000000000e+00 0.000000000000000000e+00 0.000000000000000000e+00 0.000000000000000000e+00 0.000000000000000000e+00 0.000000000000000000e+00 0.000000000000000000e+00 0.000000000000000000e+00 0.000000000000000000e+00 0.000000000000000000e+00 0.000000000000000000e+00 0.000000000000000000e+00 0.000000000000000000e+00 0.000000000000000000e+00 0.000000000000000000e+00 3.743392066509216238e-23 3.743392066509216238e-23 3.743392066509216238e-23 4.368939436972141266e-03 9.416046552360057831e-03 1.181083824485540390e-02 1.301622111350297928e-02 1.333170011639595032e-02 1.358161773532629013e-02 1.333124749362468719e-02 1.293435972183942795e-02 1.266001444309949875e-02 1.221770979464054108e-02 1.158686261624097824e-02 1.012895070016384125e-02 9.657483547925949097e-03 9.290440008044242859e-03 8.809983730316162109e-03 8.049387484788894653e-03 7.371475920081138611e-03 6.672741845250129700e-03 6.000142078846693039e-03 5.335133522748947144e-03 4.921553190797567368e-03 4.613394383341073990e-03 4.313641693443059921e-03 4.027056042104959488e-03 3.855936927720904350e-03 3.784359898418188095e-03 3.711310448125004768e-03 3.739167237654328346e-03 3.705471288412809372e-03 3.682269481942057610e-03 3.569516818970441818e-03 3.510991111397743225e-03 3.529545152559876442e-03 3.469714662060141563e-03 3.487946465611457825e-03 3.511381335556507111e-03 3.496056189760565758e-03 3.560014301910996437e-03 3.536936827003955841e-03 3.501526545733213425e-03 3.555465489625930786e-03 3.549852874130010605e-03 3.497949102893471718e-03 3.495362121611833572e-03 3.490082221105694771e-03 3.527383785694837570e-03 3.567701205611228943e-03 3.568222280591726303e-03 3.583415877074003220e-03 3.534099319949746132e-03 3.450967371463775635e-03 3.357069566845893860e-03 3.255131421610713005e-03 3.214295720681548119e-03 3.072914900258183479e-03 2.902571577578783035e-03 2.801762428134679794e-03 2.770788734778761864e-03 2.793649444356560707e-03 2.875571371987462044e-03 2.904453082010149956e-03 3.445325419306755066e-03 5.241831764578819275e-03 4.391086287796497345e-03 5.125697236508131027e-03 5.593627225607633591e-03 6.219258997589349747e-03 6.072606425732374191e-03 5.170860793441534042e-03 7.143212947994470596e-03 8.234312757849693298e-03
0.000000000000000000e+00 0.000000000000000000e+00 0.000000000000000000e+00 0.000000000000000000e+00 0.000000000000000000e+00 0.000000000000000000e+00 0.000000000000000000e+00 0.000000000000000000e+00 0.000000000000000000e+00 0.000000000000000000e+00 0.000000000000000000e+00 0.000000000000000000e+00 0.000000000000000000e+00 0.000000000000000000e+00 0.000000000000000000e+00 0.000000000000000000e+00 0.000000000000000000e+00 0.000000000000000000e+00 0.000000000000000000e+00 0.000000000000000000e+00 0.000000000000000000e+00 0.000000000000000000e+00 0.000000000000000000e+00 0.000000000000000000e+00 0.000000000000000000e+00 0.000000000000000000e+00 0.000000000000000000e+00 0.000000000000000000e+00 0.000000000000000000e+00 0.000000000000000000e+00 0.000000000000000000e+00 0.000000000000000000e+00 0.000000000000000000e+00 0.000000000000000000e+00 0.000000000000000000e+00 0.000000000000000000e+00 0.000000000000000000e+00 3.743392066509216238e-23 5.297191906720399857e-03 5.987694486975669861e-03 6.407877430319786072e-03 8.407766930758953094e-03 9.388921782374382019e-03 9.851735085248947144e-03 9.466720744967460632e-03 1.018105261027812958e-02 1.039684284478425980e-02 1.076365821063518524e-02 1.130329351872205734e-02 1.207954436540603638e-02 1.103942003101110458e-02 1.021981984376907349e-02 1.028708461672067642e-02 1.025224942713975906e-02 9.611295536160469055e-03 8.596069179475307465e-03 7.746707648038864136e-03 7.051909808069467545e-03 6.270933430641889572e-03 5.515855737030506134e-03 5.057330708950757980e-03 4.791765008121728897e-03 4.500305280089378357e-03 4.199721850454807281e-03 4.039963241666555405e-03 3.962902352213859558e-03 3.839464159682393074e-03 3.745636669918894768e-03 3.743425011634826660e-03 3.741125110536813736e-03 3.749791998416185379e-03 3.711320925503969193e-03 3.692161524668335915e-03 3.633595071732997894e-03 3.621967742219567299e-03 3.613580949604511261e-03 3.582657780498266220e-03 3.605227917432785034e-03 3.576142946258187294e-03 3.566313069313764572e-03 3.537470474839210510e-03 3.551367437466979027e-03 3.580190474167466164e-03 3.577779978513717651e-03 3.541102167218923569e-03 3.558045718818902969e-03 3.610025160014629364e-03 3.611264983192086220e-03 3.577856579795479774e-03 3.483280539512634277e-03 3.444387577474117279e-03 3.466828726232051849e-03 3.475776407867670059e-03 3.434977028518915176e-03 3.349427366629242897e-03 3.129557007923722267e-03 2.962916856631636620e-03 2.860277192667126656e-03 2.797102788463234901e-03 3.435149788856506348e-03 4.482239484786987305e-03 5.376122891902923584e-03 4.087131470441818237e-03 4.981815349310636520e-03 5.758875049650669098e-03 6.247881334275007248e-03 6.564581301063299179e-03 6.540955509990453720e-03 7.955552078783512115e-03 8.231962099671363831e-03
0.000000000000000000e+00 0.000000000000000000e+00 0.000000000000000000e+00 0.000000000000000000e+00 0.000000000000000000e+00 0.000000000000000000e+00 0.000000000000000000e+00 0.000000000000000000e+00 0.000000000000000000e+00 0.000000000000000000e+00 0.000000000000000000e+00 0.000000000000000000e+00 0.000000000000000000e+00 0.000000000000000000e+00 0.000000000000000000e+00 0.000000000000000000e+00 0.000000000000000000e+00 0.000000000000000000e+00 0.000000000000000000e+00 0.000000000000000000e+00 0.000000000000000000e+00 0.000000000000000000e+00 0.000000000000000000e+00 0.000000000000000000e+00 0.000000000000000000e+00 0.000000000000000000e+00 0.000000000000000000e+00 0.000000000000000000e+00 0.000000000000000000e+00 0.000000000000000000e+00 0.000000000000000000e+00 0.000000000000000000e+00 0.000000000000000000e+00 0.000000000000000000e+00 0.000000000000000000e+00 0.000000000000000000e+00 0.000000000000000000e+00 5.293955920339377119e-23 5.897251889109611511e-03 4.215487744659185410e-03 3.625262994319200516e-03 4.944832529872655869e-03 6.303738337010145187e-03 6.749338004738092422e-03 5.162514746189117432e-03 4.777217283844947815e-03 5.121638998389244080e-03 5.203101783990859985e-03 5.538721103221178055e-03 6.925236899405717850e-03 7.596631534397602081e-03 6.682094652205705643e-03 6.857915781438350677e-03 7.013807538896799088e-03 6.845877971500158310e-03 6.469350308179855347e-03 5.971015896648168564e-03 5.524318665266036987e-03 5.415496416389942169e-03 4.795333836227655411e-03 4.526582080870866776e-03 4.337518475949764252e-03 4.196698777377605438e-03 4.077971912920475006e-03 3.988278564065694809e-03 3.850480541586875916e-03 3.829717170447111130e-03 3.821414662525057793e-03 3.712147707119584084e-03 3.673360217362642288e-03 3.665936645120382309e-03 3.669403493404388428e-03 3.688357304781675339e-03 3.623262979090213776e-03 3.574848407879471779e-03 3.543042344972491264e-03 3.497355151921510696e-03 3.450227901339530945e-03 3.426460316404700279e-03 3.421050263568758965e-03 3.453751094639301300e-03 3.457269165664911270e-03 3.389424877241253853e-03 3.420144319534301758e-03 3.448827425017952919e-03 3.419111482799053192e-03 3.433586098253726959e-03 3.470927244052290916e-03 3.501973580569028854e-03 3.436916973441839218e-03 3.424967406317591667e-03 3.462894586846232414e-03 3.495030803605914116e-03 3.393589984625577927e-03 3.152700141072273254e-03 3.054430475458502769e-03 3.008365398272871971e-03 3.119982546195387840e-03 3.705231240019202232e-03 5.876054987311363220e-03 5.308870691806077957e-03 4.515415057539939880e-03 3.985053393989801407e-03 5.261347163468599319e-03 5.845841951668262482e-03 6.290413904935121536e-03 6.483035162091255188e-03 6.940118502825498581e-03 8.142562583088874817e-03 8.638912811875343323e-03
0.000000000000000000e+00 0.000000000000000000e+00 0.000000000000000000e+00 0.000000000000000000e+00 0.000000000000000000e+00 0.000000000000000000e+00 0.000000000000000000e+00 0.000000000000000000e+00 0.000000000000000000e+00 0.000000000000000000e+00 0.000000000000000000e+00 0.000000000000000000e+00 0.000000000000000000e+00 0.000000000000000000e+00 0.000000000000000000e+00 0.000000000000000000e+00 0.000000000000000000e+00 0.000000000000000000e+00 0.000000000000000000e+00 0.000000000000000000e+00 0.000000000000000000e+00 0.000000000000000000e+00 0.000000000000000000e+00 0.000000000000000000e+00 0.000000000000000000e+00 0.000000000000000000e+00 0.000000000000000000e+00 0.000000000000000000e+00 0.000000000000000000e+00 0.000000000000000000e+00 0.000000000000000000e+00 0.000000000000000000e+00 0.000000000000000000e+00 0.000000000000000000e+00 0.000000000000000000e+00 0.000000000000000000e+00 3.743392066509216238e-23 3.682846901938319206e-03 5.182598717510700226e-03 2.525101182982325554e-03 3.380261594429612160e-03 5.600546486675739288e-03 6.960257422178983688e-03 7.688299287110567093e-03 8.462695404887199402e-03 8.565033785998821259e-03 6.445780396461486816e-03 4.252274986356496811e-03 4.061938729137182236e-03 5.388090386986732483e-03 8.422110229730606079e-03 1.072054076939821243e-02 1.084369421005249023e-02 9.482570923864841461e-03 7.410849444568157196e-03 5.783251021057367325e-03 5.058680195361375809e-03 5.498326849192380905e-03 6.462850142270326614e-03 5.224469117820262909e-03 4.594597034156322479e-03 4.502449650317430496e-03 4.150550812482833862e-03 4.416473209857940674e-03 3.909721504896879196e-03 3.895846894010901451e-03 3.677553031593561172e-03 3.688051132485270500e-03 3.657842753455042839e-03 3.845759201794862747e-03 3.547567874193191528e-03 4.067533183842897415e-03 3.354451153427362442e-03 3.912018612027168274e-03 3.557585645467042923e-03 3.879049560055136681e-03 3.473168006166815758e-03 3.566324710845947266e-03 3.506373614072799683e-03 3.524504601955413818e-03 3.475906327366828918e-03 3.524255007505416870e-03 3.515269374474883080e-03 3.464879468083381653e-03 3.467558184638619423e-03 3.473460674285888672e-03 3.452218370512127876e-03 3.468498820438981056e-03 3.450154559686779976e-03 3.447120776399970055e-03 3.458050778135657310e-03 3.421136876568198204e-03 3.421755274757742882e-03 3.469191491603851318e-03 3.491841955110430717e-03 3.533619688823819160e-03 3.578683128580451012e-03 3.326036734506487846e-03 3.254208713769912720e-03 4.937897436320781708e-03 4.707366693764925003e-03 4.609807860106229782e-03 5.233477335423231125e-03 6.525224540382623672e-03 6.889725569635629654e-03 6.887159775942564011e-03 6.794567685574293137e-03 7.199408486485481262e-03 8.429992012679576874e-03 8.992069400846958160e-03
0.000000000000000000e+00 0.000000000000000000e+00 0.000000000000000000e+00 0.000000000000000000e+00 0.000000000000000000e+00 0.000000000000000000e+00 0.000000000000000000e+00 0.000000000000000000e+00 0.000000000000000000e+00 0.000000000000000000e+00 0.000000000000000000e+00 0.000000000000000000e+00 0.000000000000000000e+00 0.000000000000000000e+00 0.000000000000000000e+00 0.000000000000000000e+00 0.000000000000000000e+00 0.000000000000000000e+00 0.000000000000000000e+00 0.000000000000000000e+00 0.000000000000000000e+00 0.000000000000000000e+00 0.000000000000000000e+00 0.000000000000000000e+00 0.000000000000000000e+00 0.000000000000000000e+00 0.000000000000000000e+00 0.000000000000000000e+00 0.000000000000000000e+00 0.000000000000000000e+00 0.000000000000000000e+00 0.000000000000000000e+00 0.000000000000000000e+00 0.000000000000000000e+00 0.000000000000000000e+00 0.000000000000000000e+00 3.743392066509216238e-23 3.923173993825912476e-03 4.847028758376836777e-03 2.135208575055003166e-03 2.272957935929298401e-03 2.969201188534498215e-03 3.587773302569985390e-03 5.086125340312719345e-03 6.771878339350223541e-03 8.361564017832279205e-03 9.509935975074768066e-03 1.035791542381048203e-02 9.022295475006103516e-03 6.954068783670663834e-03 8.036608807742595673e-03 1.121272332966327667e-02 1.230012346059083939e-02 1.211316604167222977e-02 1.217304356396198273e-02 1.225759834051132202e-02 1.229822449386119843e-02 1.180935464799404144e-02 9.671901352703571320e-03 6.275549996644258499e-03 4.699724726378917694e-03 4.503944423049688339e-03 5.163462832570075989e-03 8.152323774993419647e-03 9.739084169268608093e-03 9.658988565206527710e-03 9.267005138099193573e-03 9.093047119677066803e-03 9.121172130107879639e-03 8.502116426825523376e-03 6.925119087100028992e-03 6.912179291248321533e-03 5.870394408702850342e-03 7.117939181625843048e-03 8.302989415824413300e-03 7.965108379721641541e-03 5.529901944100856781e-03 3.851362736895680428e-03 3.963103517889976501e-03 3.970653284341096878e-03 3.999739885330200195e-03 3.931776154786348343e-03 3.829739056527614594e-03 3.771169111132621765e-03 3.801998449489474297e-03 3.788955975323915482e-03 3.859895979985594749e-03 3.796687582507729530e-03 3.713055746629834175e-03 3.611510619521141052e-03 3.832205897197127342e-03 3.262746846303343773e-03 3.343027783557772636e-03 3.320646472275257111e-03 3.373260842636227608e-03 3.415498882532119751e-03 3.441030392423272133e-03 3.402107162401080132e-03 3.920594230294227600e-03 5.193462129682302475e-03 5.670331884175539017e-03 5.498858634382486343e-03 5.911357235163450241e-03 7.045217789709568024e-03 7.422673981636762619e-03 7.295307703316211700e-03 7.271321956068277359e-03 7.751985453069210052e-03 8.797181770205497742e-03 9.125121869146823883e-03
nan nan nan nan nan nan nan nan nan nan nan nan nan nan nan nan nan nan nan nan nan nan nan nan nan nan nan nan nan nan nan nan nan nan nan nan nan nan nan nan nan nan nan nan nan nan nan nan nan nan nan nan nan nan nan nan nan nan nan nan nan nan nan nan nan nan nan nan nan nan nan nan nan nan nan nan nan nan nan nan nan nan nan nan nan nan nan nan nan nan nan nan nan nan nan nan nan nan nan nan nan nan nan nan nan nan nan nan nan nan
